#ifndef BWAVE_BOOT_SCREEN_H
#define BWAVE_BOOT_SCREEN_H

#include <stdint.h>

/* 172x320 ST7789 RGB565 — 110080 bytes, 182 unique colors, 3 layers */
static const uint16_t BOOT_SCREEN[55040] = {
  0x301e,0x301e,0x301e,0x301e,0x301e,0x301e,0x301e,0x301e,0x301e,0x301e,0x301f,0x301e,0x301e,0x301e,0x301e,0x301e,
  0x301e,0x301e,0x301e,0x301e,0x301e,0x301e,0x301e,0x301e,0x301e,0x301e,0x301e,0x301e,0x301e,0x301e,0x301e,0x301e,
  0x301e,0x301e,0x301e,0x301e,0x301e,0x301e,0x301f,0x301e,0x301e,0x301e,0x301e,0x301e,0x301e,0x301e,0x301e,0x301e,
  0x301e,0x301e,0x301e,0x301e,0x301e,0x301e,0x301e,0x301e,0x301e,0x301e,0x301e,0x301e,0x301e,0x301e,0x301e,0x301e,
  0x301e,0x301e,0x301e,0x301f,0x301e,0x301e,0x301e,0x301e,0x301f,0x301e,0x301e,0x301e,0x301e,0x301e,0x301e,0x301e,
  0x301e,0x301e,0x301e,0x301e,0x301e,0x301e,0x301f,0x301e,0x301e,0x301e,0x301e,0x301e,0x301e,0x301e,0x301e,0x301e,
  0x301e,0x301e,0x301e,0x301e,0x301e,0x301e,0x301e,0x301e,0x301e,0x301e,0x301f,0x301e,0x301e,0x301e,0x301e,0x301e,
  0x301e,0x301e,0x301e,0x301e,0x301e,0x301e,0x301d,0x0805,0x0002,0x281c,0x301e,0x301e,0x301e,0x301f,0x301e,0x301e,
  0x301e,0x301e,0x301e,0x301e,0x301e,0x301e,0x301e,0x301e,0x301e,0x301e,0x301e,0x301e,0x301e,0x301e,0x301f,0x2034,
  0x0000,0x180e,0x301f,0x301e,0x301e,0x301e,0x301e,0x301e,0x301e,0x301e,0x301e,0x301e,0x301e,0x301e,0x301e,0x301e,
  0x301e,0x301e,0x301e,0x301e,0x301e,0x301e,0x301e,0x301e,0x0827,0x0000,0x281a,0x301e,0x301e,0x301e,0x301e,0x301e,
  0x301e,0x301e,0x301e,0x301e,0x301e,0x2036,0x1029,0x2035,0x301e,0x301e,0x301e,0x301e,0x301e,0x301e,0x301e,0x301e,
  0x301e,0x301e,0x301e,0x301e,0x301e,0x301e,0x301e,0x301e,0x301e,0x301e,0x301e,0x301e,0x301e,0x301e,0x301e,0x301e,
  0x301e,0x301e,0x301e,0x301e,0x301e,0x301e,0x301e,0x301e,0x301e,0x301e,0x301e,0x301e,0x301e,0x182f,0x102a,0x281c,
  0x301e,0x301e,0x301e,0x301e,0x301e,0x301e,0x301e,0x301e,0x301e,0x301e,0x301e,0x301e,0x301e,0x301e,0x1830,0x102b,
  0x283c,0x301e,0x301e,0x283b,0x102a,0x1830,0x301e,0x301e,0x301e,0x301e,0x301e,0x301e,0x301e,0x301e,0x301e,0x301e,
  0x301d,0x182e,0x102d,0x301d,0x301e,0x301e,0x301e,0x301e,0x301e,0x301e,0x301e,0x301e,0x301e,0x301e,0x301e,0x301e,
  0x301e,0x301e,0x301e,0x301e,0x301e,0x283b,0x102b,0x1830,0x301e,0x301e,0x301e,0x301e,0x301e,0x301e,0x301e,0x301e,
  0x301e,0x301e,0x301e,0x2037,0x2037,0x301d,0x301e,0x301e,0x2819,0x1029,0x2032,0x301e,0x301e,0x301e,0x301e,0x301e,
  0x301e,0x301e,0x301e,0x301e,0x301e,0x301e,0x301e,0x301e,0x301e,0x301e,0x301e,0x283b,0x2036,0x283a,0x301e,0x301e,
  0x301e,0x301e,0x301e,0x301e,0x301e,0x301e,0x301e,0x301e,0x301e,0x301e,0x301e,0x301e,0x301e,0x301e,0x301e,0x301e,
  0x301e,0x301e,0x301e,0x301e,0x2838,0x2037,0x281d,0x301e,0x301e,0x301e,0x301e,0x301e,0x301e,0x301e,0x301e,0x301e,
  0x301f,0x1833,0x0000,0x1831,0x301f,0x301e,0x301e,0x301e,0x301e,0x301e,0x301e,0x281e,0x301e,0x301e,0x301e,0x301e,
  0x301e,0x301e,0x301e,0x301e,0x301e,0x301e,0x301e,0x301e,0x301e,0x301e,0x301e,0x301e,0x301e,0x301e,0x301e,0x301e,
  0x301e,0x301e,0x301e,0x301e,0x301e,0x301e,0x301e,0x301e,0x301e,0x0809,0x0001,0x281b,0x301e,0x301d,0x301e,0x301e,
  0x301e,0x301e,0x301e,0x301e,0x301e,0x301e,0x301e,0x301e,0x301e,0x301e,0x1029,0x0001,0x281b,0x301e,0x301e,0x283a,
  0x0021,0x1029,0x301e,0x301e,0x301e,0x301e,0x301e,0x301e,0x301e,0x301e,0x301e,0x301e,0x303d,0x0805,0x0003,0x303c,
  0x301e,0x301e,0x301e,0x301e,0x301e,0x301e,0x301e,0x301e,0x301e,0x301e,0x301e,0x301e,0x301e,0x301e,0x301e,0x301e,
  0x301e,0x2839,0x0000,0x0829,0x301e,0x301e,0x301e,0x301e,0x301e,0x301e,0x301e,0x301e,0x301e,0x301e,0x301e,0x301e,
  0x301e,0x301e,0x301e,0x301e,0x2037,0x0000,0x102c,0x301f,0x301e,0x301e,0x301e,0x301e,0x301e,0x301e,0x301e,0x281e,
  0x301e,0x301e,0x281e,0x301e,0x301e,0x301e,0x301e,0x301e,0x301f,0x301e,0x301e,0x301e,0x301e,0x301e,0x301e,0x301e,
  0x301e,0x301e,0x301e,0x301e,0x301e,0x301e,0x301e,0x301e,0x301e,0x301e,0x301e,0x301e,0x301e,0x301e,0x301e,0x301e,
  0x301e,0x301e,0x301e,0x301e,0x0806,0x1029,0x283c,0x301e,0x301e,0x301e,0x301e,0x301e,0x301e,0x281c,0x2839,0x281c,
  0x301e,0x301e,0x301e,0x301e,0x301e,0x301e,0x301e,0x301e,0x283b,0x0807,0x102d,0x301e,0x301e,0x301e,0x301e,0x301e,
  0x301e,0x301e,0x281e,0x301e,0x182d,0x0807,0x283b,0x301e,0x301e,0x301e,0x301e,0x301e,0x301e,0x301e,0x301e,0x301e,
  0x301e,0x301e,0x301e,0x301e,0x301e,0x281b,0x2839,0x301d,0x301d,0x1009,0x102a,0x303d,0x301e,0x301e,0x301e,0x301e,
  0x301e,0x301e,0x301e,0x301e,0x301e,0x301e,0x283a,0x2839,0x281d,0x301e,0x301e,0x281d,0x2839,0x283a,0x301e,0x301e,
  0x301e,0x301e,0x301e,0x301e,0x301e,0x301e,0x301e,0x301e,0x301e,0x283a,0x283a,0x301d,0x301e,0x301e,0x301e,0x301e,
  0x301e,0x301e,0x301e,0x301e,0x301e,0x301e,0x301e,0x301e,0x301e,0x301e,0x301e,0x301e,0x301e,0x301d,0x2839,0x283b,
  0x301e,0x301e,0x301e,0x301e,0x301f,0x2032,0x0806,0x2837,0x301f,0x100e,0x0807,0x283b,0x301e,0x301e,0x301e,0x301e,
  0x281d,0x283a,0x281c,0x301e,0x301e,0x301e,0x301e,0x301e,0x301e,0x301e,0x301e,0x301d,0x102b,0x1029,0x281c,0x301e,
  0x301e,0x301e,0x301e,0x301e,0x301e,0x301e,0x301f,0x1832,0x0806,0x2838,0x301e,0x301e,0x301e,0x301e,0x301e,0x301e,
  0x301e,0x301e,0x301e,0x301e,0x301e,0x301e,0x301e,0x301e,0x301e,0x301e,0x301e,0x301e,0x301e,0x301e,0x301e,0x301e,
  0x0002,0x0805,0x283c,0x301e,0x301e,0x301e,0x301e,0x301e,0x301e,0x301e,0x301e,0x301e,0x301e,0x301e,0x301e,0x301e,
  0x301e,0x301e,0x301e,0x281d,0x2838,0x0000,0x0808,0x301e,0x301e,0x301e,0x301e,0x301e,0x301e,0x301e,0x301e,0x301e,
  0x0807,0x0000,0x2836,0x283c,0x301e,0x301e,0x301e,0x301e,0x301e,0x301d,0x281d,0x281d,0x301e,0x281d,0x281d,0x301d,
  0x301e,0x301e,0x301e,0x301e,0x301d,0x0806,0x0808,0x301e,0x281e,0x301d,0x281d,0x301e,0x301e,0x301e,0x301d,0x281c,
  0x281d,0x301e,0x301e,0x301d,0x301e,0x301e,0x301e,0x301e,0x301e,0x301e,0x301e,0x301d,0x281c,0x281d,0x301e,0x301d,
  0x281d,0x301d,0x301e,0x281d,0x281d,0x301e,0x301e,0x301e,0x301e,0x301e,0x301e,0x301e,0x301e,0x301e,0x301e,0x301e,
  0x301e,0x301e,0x301e,0x301e,0x301e,0x301e,0x301e,0x301e,0x301e,0x301e,0x301e,0x301e,0x301e,0x301e,0x301e,0x301e,
  0x301f,0x1830,0x0002,0x2036,0x301f,0x102a,0x0002,0x2838,0x283d,0x301e,0x301e,0x281d,0x281d,0x301e,0x301e,0x281d,
  0x301d,0x301e,0x301e,0x301e,0x301e,0x301e,0x301e,0x281e,0x0827,0x0825,0x281c,0x301e,0x301e,0x301e,0x301e,0x301e,
  0x301e,0x301e,0x301f,0x182f,0x0002,0x2036,0x301f,0x301e,0x301e,0x301e,0x301e,0x301e,0x301e,0x301e,0x301e,0x301e,
  0x301e,0x301e,0x301e,0x301e,0x301e,0x301e,0x301e,0x301e,0x301e,0x301e,0x301e,0x301e,0x281c,0x281c,0x301e,0x301e,
  0x301e,0x301e,0x301e,0x301e,0x301e,0x301e,0x301e,0x301e,0x301e,0x301e,0x301e,0x301e,0x301e,0x301e,0x281c,0x0807,
  0x0002,0x0000,0x0828,0x301e,0x301e,0x301e,0x301e,0x301e,0x301e,0x301e,0x301e,0x301f,0x0808,0x0000,0x0001,0x0826,
  0x283c,0x301e,0x301e,0x301e,0x301f,0x2036,0x0003,0x1811,0x301f,0x1832,0x0003,0x2036,0x301f,0x301e,0x301e,0x301e,
  0x301e,0x281c,0x281c,0x301e,0x2818,0x0804,0x182f,0x301f,0x301e,0x301f,0x1831,0x0003,0x2036,0x301f,0x100b,0x0805,
  0x281b,0x301e,0x301e,0x301e,0x301e,0x301e,0x301f,0x2035,0x0004,0x1811,0x301f,0x1830,0x0004,0x2017,0x301f,0x102c,
  0x0805,0x281b,0x301e,0x301e,0x301e,0x301e,0x301e,0x301e,0x301e,0x301e,0x301e,0x301e,0x301e,0x301e,0x301e,0x301e,
  0x301e,0x301e,0x301e,0x301e,0x301e,0x301e,0x301e,0x301e,0x301e,0x301e,0x301e,0x301e,0x301e,0x281d,0x281c,0x281d,
  0x301e,0x281c,0x283a,0x0826,0x0826,0x281d,0x281b,0x0805,0x102b,0x301f,0x2015,0x0003,0x1832,0x301f,0x301e,0x301e,
  0x301e,0x301e,0x301e,0x301e,0x281c,0x283c,0x301e,0x301e,0x301e,0x301e,0x301e,0x301e,0x301e,0x301e,0x301e,0x281c,
  0x281b,0x281d,0x301e,0x301e,0x301e,0x301e,0x301e,0x301e,0x301e,0x301e,0x301e,0x301e,0x301e,0x301e,0x301e,0x301e,
  0x301e,0x301e,0x301e,0x301e,0x301e,0x301e,0x301e,0x301e,0x301e,0x301e,0x281b,0x281b,0x301e,0x301e,0x301e,0x301e,
  0x301e,0x301e,0x301e,0x301e,0x301e,0x281c,0x281b,0x281b,0x281b,0x301e,0x283c,0x0808,0x0805,0x0805,0x102c,0x301e,
  0x301e,0x301e,0x281d,0x281b,0x281c,0x301e,0x283c,0x283a,0x102b,0x0804,0x0004,0x0827,0x283c,0x301e,0x301e,0x301e,
  0x301e,0x2037,0x0805,0x1811,0x301f,0x1832,0x0004,0x2036,0x301f,0x301e,0x301e,0x301e,0x301e,0x301e,0x301e,0x301e,
  0x2017,0x0000,0x100b,0x301f,0x301e,0x301f,0x1832,0x0804,0x2037,0x301f,0x102c,0x0805,0x281b,0x301e,0x301e,0x301e,
  0x301e,0x301d,0x281c,0x1831,0x0000,0x182d,0x303c,0x182e,0x0003,0x2036,0x301f,0x102c,0x0825,0x283b,0x301e,0x301e,
  0x301e,0x301e,0x281d,0x281b,0x281c,0x301e,0x301e,0x301e,0x301e,0x301e,0x301e,0x301e,0x301e,0x301e,0x301e,0x301e,
  0x301e,0x301d,0x281b,0x281c,0x301e,0x301e,0x301e,0x301e,0x301e,0x301e,0x301e,0x301e,0x301e,0x301e,0x301d,0x1009,
  0x0828,0x281d,0x281b,0x0825,0x102a,0x283b,0x2033,0x0004,0x1831,0x301f,0x301e,0x301e,0x301e,0x301e,0x301e,0x301e,
  0x301e,0x301e,0x301e,0x301e,0x301e,0x301e,0x301e,0x301e,0x301e,0x301e,0x301e,0x301e,0x301e,0x301e,0x301e,0x301e,
  0x301e,0x301e,0x301e,0x301e,0x301e,0x301e,0x301e,0x301e,0x301e,0x301e,0x301e,0x301e,0x301e,0x301e,0x301e,0x301e,
  0x301e,0x301e,0x301e,0x301e,0x301e,0x281d,0x0805,0x0826,0x301d,0x301e,0x301e,0x301e,0x301e,0x301e,0x301e,0x301e,
  0x301f,0x182d,0x0002,0x0002,0x0803,0x283a,0x301e,0x301d,0x301d,0x301d,0x301d,0x301e,0x301e,0x301f,0x2034,0x0001,
  0x1832,0x301f,0x102d,0x0000,0x2036,0x301d,0x281d,0x283d,0x301e,0x301e,0x301e,0x301e,0x301e,0x301e,0x301d,0x301d,
  0x301e,0x281d,0x281c,0x281d,0x301e,0x301e,0x301e,0x301e,0x301e,0x301e,0x301e,0x301f,0x2018,0x0000,0x100b,0x301f,
  0x301e,0x301e,0x281d,0x301d,0x301e,0x281e,0x281d,0x281d,0x301e,0x301e,0x301e,0x301e,0x301e,0x2038,0x0002,0x0000,
  0x0000,0x0000,0x0001,0x1831,0x301e,0x281d,0x281e,0x301d,0x281d,0x301e,0x301e,0x301e,0x301e,0x301e,0x2838,0x0001,
  0x102c,0x301f,0x301e,0x301e,0x301e,0x301e,0x301e,0x301e,0x301e,0x301e,0x301e,0x301e,0x301e,0x283a,0x0002,0x102a,
  0x301e,0x301e,0x301e,0x301e,0x301e,0x301e,0x301e,0x301e,0x301e,0x301e,0x301e,0x301d,0x281d,0x301e,0x301e,0x301d,
  0x2036,0x0000,0x102b,0x303d,0x281d,0x301e,0x301e,0x301e,0x301e,0x301e,0x301e,0x301e,0x301e,0x301e,0x301e,0x301e,
  0x301e,0x301e,0x301e,0x301e,0x301e,0x301e,0x301e,0x301e,0x301e,0x301e,0x301e,0x301e,0x301e,0x301e,0x301e,0x301e,
  0x301e,0x301e,0x301e,0x301e,0x301e,0x301e,0x301e,0x301e,0x301e,0x301e,0x301e,0x301e,0x301e,0x301e,0x301e,0x301e,
  0x301e,0x281d,0x100a,0x102b,0x301d,0x301e,0x301e,0x301e,0x301e,0x281c,0x2838,0x281c,0x301f,0x100c,0x0000,0x0000,
  0x0001,0x283a,0x301e,0x301e,0x301e,0x301e,0x301e,0x301e,0x301e,0x301f,0x2036,0x0807,0x1831,0x2839,0x182e,0x0826,
  0x2818,0x301f,0x301e,0x301e,0x301e,0x301e,0x301e,0x301e,0x301e,0x301e,0x301e,0x301e,0x301e,0x301e,0x301e,0x301e,
  0x301e,0x301e,0x301e,0x301e,0x301d,0x2838,0x2037,0x2838,0x2034,0x0807,0x1830,0x301e,0x301e,0x301e,0x301e,0x301e,
  0x301e,0x301e,0x301e,0x281e,0x2839,0x2839,0x301d,0x301e,0x301e,0x2839,0x1008,0x0808,0x0808,0x0808,0x0808,0x2035,
  0x301f,0x301e,0x301e,0x301e,0x281e,0x2839,0x2839,0x281d,0x301e,0x301e,0x2819,0x0807,0x182d,0x2838,0x2838,0x2837,
  0x281b,0x301e,0x301e,0x281e,0x283a,0x2038,0x2038,0x2839,0x301e,0x283b,0x1008,0x180f,0x301e,0x301e,0x301e,0x301e,
  0x301e,0x301e,0x301e,0x301e,0x301e,0x301e,0x301e,0x301e,0x301e,0x301e,0x301e,0x301e,0x2819,0x0808,0x1830,0x301f,
  0x301e,0x301e,0x283b,0x2839,0x281c,0x301e,0x283a,0x2839,0x301d,0x301e,0x301e,0x281d,0x2839,0x283a,0x301e,0x283c,
  0x2839,0x283b,0x301e,0x301e,0x301e,0x281b,0x2839,0x281d,0x301e,0x301e,0x301e,0x301e,0x301e,0x301e,0x301e,0x301e,
  0x301e,0x301e,0x301e,0x301e,0x301e,0x301e,0x301e,0x301e,0x301e,0x301d,0x2838,0x2837,0x301f,0x301f,0x301f,0x301f,
  0x301f,0x301f,0x301f,0x301f,0x301f,0x1812,0x0000,0x1832,0x301f,0x100b,0x0000,0x0000,0x0000,0x283a,0x301e,0x301e,
  0x301e,0x301e,0x301e,0x301e,0x301e,0x301f,0x301e,0x301f,0x182e,0x0000,0x2032,0x301f,0x301e,0x301e,0x301e,0x301e,
  0x301e,0x301e,0x301e,0x301e,0x301e,0x301e,0x301e,0x301e,0x301e,0x301e,0x301e,0x301e,0x301f,0x301e,0x301e,0x301e,
  0x281c,0x0003,0x0000,0x0000,0x0807,0x301e,0x301e,0x301f,0x301f,0x301f,0x301e,0x301e,0x301e,0x301f,0x301e,0x281d,
  0x0804,0x0003,0x281d,0x301f,0x301e,0x301e,0x301e,0x301e,0x301f,0x301f,0x301e,0x301e,0x301f,0x301f,0x301f,0x301f,
  0x303e,0x0806,0x0002,0x281b,0x301e,0x301e,0x301e,0x301f,0x2034,0x0000,0x0000,0x0000,0x1833,0x301f,0x301e,0x301e,
  0x0828,0x0000,0x0000,0x0003,0x281c,0x301e,0x301e,0x301e,0x301e,0x301e,0x301f,0x301f,0x301f,0x301e,0x301e,0x301e,
  0x301e,0x301e,0x301f,0x301f,0x301f,0x301f,0x301e,0x301e,0x301e,0x301f,0x301f,0x301f,0x301f,0x301f,0x102d,0x0000,
  0x2035,0x301f,0x1029,0x0000,0x283a,0x301e,0x301e,0x283a,0x0001,0x1009,0x301f,0x2034,0x0000,0x1830,0x301f,0x301e,
  0x301f,0x100b,0x0001,0x2037,0x301f,0x301e,0x301e,0x301e,0x301e,0x301f,0x301e,0x301e,0x301e,0x301e,0x301e,0x301f,
  0x301f,0x301f,0x301f,0x301f,0x301f,0x301d,0x0804,0x0000,0x2035,0x2035,0x2035,0x2035,0x2035,0x2035,0x2035,0x2035,
  0x2035,0x1830,0x1009,0x2036,0x301f,0x1833,0x102b,0x102c,0x102d,0x281b,0x301e,0x301e,0x301e,0x301e,0x301e,0x301e,
  0x281c,0x2035,0x281a,0x301f,0x2034,0x100a,0x2037,0x301f,0x301e,0x301e,0x301e,0x301e,0x301e,0x301e,0x301e,0x301e,
  0x301e,0x301e,0x301e,0x301e,0x301e,0x301e,0x301e,0x2839,0x2036,0x281c,0x301e,0x301e,0x281d,0x180e,0x100b,0x100b,
  0x1830,0x301e,0x281c,0x2035,0x2036,0x2035,0x281a,0x301e,0x2819,0x2036,0x281c,0x281d,0x0804,0x0001,0x1831,0x2035,
  0x301d,0x301e,0x301e,0x281b,0x2036,0x283a,0x301e,0x2819,0x2013,0x2014,0x2014,0x2014,0x2033,0x0003,0x0001,0x281b,
  0x301e,0x301e,0x301e,0x301e,0x2037,0x0828,0x0805,0x0000,0x1833,0x301f,0x301e,0x301e,0x1810,0x100a,0x100b,0x100d,
  0x281d,0x301e,0x301e,0x301e,0x301e,0x281b,0x2036,0x2036,0x2036,0x281b,0x301e,0x301e,0x301e,0x2037,0x2034,0x2035,
  0x2035,0x2034,0x2037,0x301e,0x281c,0x2035,0x2034,0x2034,0x2034,0x2035,0x0808,0x0000,0x2035,0x301f,0x1831,0x102c,
  0x281b,0x301e,0x301e,0x281a,0x0001,0x0806,0x2036,0x1831,0x1009,0x2034,0x301f,0x301e,0x301f,0x100a,0x0000,0x182f,
  0x2035,0x281c,0x301e,0x301e,0x281d,0x2036,0x2038,0x301e,0x301e,0x301e,0x281a,0x2034,0x2034,0x2034,0x2034,0x2034,
  0x2014,0x2033,0x0002,0x0000,0x0000,0x0000,0x0000,0x0000,0x0000,0x0000,0x0000,0x0000,0x0000,0x102d,0x301f,0x301f,
  0x301e,0x301e,0x301f,0x301f,0x301f,0x301e,0x301e,0x301f,0x301f,0x301e,0x301e,0x301f,0x2035,0x0000,0x182e,0x301f,
  0x301e,0x301f,0x301e,0x301e,0x301e,0x301f,0x301f,0x301f,0x301e,0x301e,0x301f,0x301f,0x301e,0x301e,0x301e,0x301e,
  0x301e,0x301e,0x301f,0x102c,0x0000,0x2037,0x301f,0x301e,0x301e,0x301f,0x301f,0x301f,0x301f,0x301f,0x2035,0x0000,
  0x0000,0x0000,0x1831,0x301f,0x100b,0x0000,0x2837,0x301f,0x0804,0x0000,0x0000,0x0002,0x301e,0x301f,0x301f,0x2035,
  0x0000,0x182f,0x301f,0x182e,0x0000,0x0000,0x0000,0x0000,0x0000,0x0000,0x0002,0x281b,0x301e,0x301e,0x301e,0x301f,
  0x301f,0x303f,0x1831,0x0000,0x1832,0x301f,0x301e,0x301f,0x301f,0x301f,0x301f,0x301f,0x301f,0x301f,0x301e,0x301e,
  0x301f,0x2033,0x0000,0x0000,0x0000,0x1832,0x301f,0x301e,0x301e,0x0809,0x0000,0x0000,0x0000,0x0000,0x0827,0x301e,
  0x2838,0x0000,0x0000,0x0000,0x0000,0x0000,0x0000,0x0000,0x2035,0x301f,0x301f,0x301f,0x301e,0x301e,0x301e,0x281a,
  0x0001,0x0000,0x0000,0x100b,0x301f,0x301f,0x301e,0x301e,0x301f,0x100b,0x0000,0x0000,0x0000,0x2839,0x301f,0x301f,
  0x283a,0x0000,0x0826,0x301f,0x301e,0x301f,0x1811,0x0000,0x0000,0x0000,0x0000,0x0000,0x0000,0x0000,0x0000,0x0000,
  0x100c,0x100c,0x100c,0x102a,0x0000,0x0003,0x102d,0x100d,0x100d,0x182f,0x1831,0x2839,0x301e,0x301e,0x301e,0x301e,
  0x301e,0x301e,0x281d,0x2034,0x2034,0x301d,0x301e,0x301e,0x283a,0x182e,0x2036,0x301e,0x301e,0x301e,0x301e,0x281e,
  0x2036,0x1812,0x2032,0x2034,0x281d,0x281c,0x2033,0x2035,0x301e,0x301e,0x301e,0x301e,0x301e,0x301e,0x301e,0x2035,
  0x182e,0x283a,0x301e,0x301e,0x281d,0x2034,0x2033,0x2032,0x2035,0x301e,0x2839,0x182f,0x182f,0x182e,0x2837,0x301f,
  0x2014,0x102d,0x1831,0x1831,0x0002,0x0000,0x102b,0x182d,0x1830,0x2035,0x301f,0x2839,0x182e,0x2036,0x301f,0x2036,
  0x182e,0x0805,0x0000,0x0000,0x0000,0x0000,0x0002,0x281b,0x301e,0x301e,0x281b,0x1812,0x2036,0x301f,0x2037,0x182e,
  0x2838,0x301f,0x2037,0x2033,0x281c,0x301e,0x2035,0x1833,0x2033,0x2035,0x301e,0x281a,0x1811,0x182f,0x182d,0x0826,
  0x0000,0x1831,0x301f,0x301e,0x303e,0x0809,0x0000,0x0000,0x0000,0x0000,0x0807,0x301e,0x283b,0x102d,0x100d,0x100d,
  0x100d,0x100d,0x100d,0x102d,0x1830,0x1812,0x283c,0x301e,0x301e,0x301e,0x301e,0x281c,0x182e,0x100d,0x180d,0x182f,
  0x1832,0x2037,0x301f,0x2836,0x1830,0x0805,0x0000,0x0000,0x0000,0x182d,0x1830,0x1830,0x102d,0x0000,0x0804,0x1832,
  0x2037,0x301f,0x2036,0x102c,0x0805,0x0000,0x0000,0x0000,0x0000,0x0000,0x102c,0x180e,0x301f,0x301f,0x301f,0x283b,
  0x0000,0x0807,0x301f,0x301f,0x301f,0x1832,0x0000,0x1831,0x301f,0x301e,0x301f,0x301e,0x301e,0x301e,0x281c,0x0002,
  0x0803,0x281d,0x301e,0x301f,0x301f,0x301f,0x301f,0x301e,0x301e,0x301f,0x301e,0x303e,0x0828,0x0000,0x0000,0x0022,
  0x303d,0x2839,0x0000,0x0806,0x301e,0x301e,0x301e,0x301e,0x301e,0x301e,0x301e,0x301e,0x301f,0x301f,0x301f,0x301f,
  0x303d,0x0003,0x0000,0x0000,0x0825,0x303f,0x301f,0x301f,0x301f,0x301f,0x301f,0x301e,0x301e,0x301f,0x0826,0x0000,
  0x0000,0x0001,0x303c,0x283b,0x0000,0x0828,0x301e,0x301e,0x301f,0x301f,0x301e,0x301f,0x301f,0x102a,0x0000,0x0000,
  0x0000,0x0000,0x0002,0x281b,0x301e,0x301e,0x2037,0x0000,0x1029,0x301e,0x301e,0x301f,0x301f,0x301f,0x1029,0x0000,
  0x2838,0x301e,0x0804,0x0000,0x0000,0x0804,0x301e,0x2015,0x0000,0x100a,0x301f,0x180f,0x0000,0x1831,0x301f,0x301e,
  0x301e,0x0808,0x0000,0x0000,0x0000,0x0000,0x0826,0x301e,0x301e,0x301f,0x301f,0x301f,0x301f,0x301f,0x301f,0x301f,
  0x1009,0x0000,0x2838,0x301e,0x301e,0x301e,0x301e,0x301e,0x301f,0x301f,0x301f,0x2035,0x0000,0x102c,0x303f,0x182d,
  0x0000,0x0000,0x0000,0x0000,0x0000,0x0000,0x0000,0x0000,0x0000,0x0000,0x0000,0x0000,0x102c,0x301f,0x301e,0x301f,
  0x182e,0x0000,0x0000,0x0000,0x0000,0x0001,0x281a,0x301f,0x301e,0x301e,0x301e,0x281c,0x1832,0x1830,0x182e,0x180e,
  0x180e,0x1830,0x1831,0x2839,0x301f,0x2035,0x180f,0x281b,0x301e,0x301e,0x281c,0x0002,0x0804,0x281d,0x281b,0x182f,
  0x180f,0x180f,0x2036,0x301f,0x2036,0x182f,0x2839,0x301e,0x2036,0x1832,0x1832,0x2034,0x301e,0x2839,0x0000,0x0806,
  0x301e,0x301e,0x301e,0x301e,0x301e,0x301e,0x301e,0x301e,0x301e,0x1831,0x102c,0x102c,0x102b,0x0001,0x0002,0x182f,
  0x182f,0x182d,0x100d,0x100d,0x100d,0x100d,0x2038,0x301e,0x301e,0x301e,0x2033,0x182e,0x0002,0x0000,0x102a,0x102a,
  0x0000,0x1029,0x301f,0x281a,0x182f,0x2036,0x301f,0x2034,0x180d,0x182f,0x1830,0x1810,0x182f,0x0001,0x0002,0x281b,
  0x301e,0x301e,0x2838,0x0000,0x1009,0x301f,0x301e,0x301e,0x2015,0x180e,0x1830,0x1831,0x281b,0x301e,0x2033,0x182e,
  0x0001,0x0805,0x301e,0x2016,0x0000,0x100a,0x301f,0x182e,0x0000,0x1831,0x301f,0x281e,0x301e,0x2036,0x1832,0x1832,
  0x1832,0x1832,0x2035,0x301e,0x283b,0x1830,0x2034,0x301e,0x301e,0x301e,0x301e,0x301e,0x1009,0x0000,0x2839,0x301e,
  0x301e,0x301e,0x301e,0x301e,0x301e,0x283a,0x182d,0x1029,0x0000,0x0825,0x102c,0x182f,0x1831,0x1811,0x1831,0x0824,
  0x0000,0x0000,0x0001,0x102d,0x182e,0x182e,0x102a,0x0000,0x102c,0x301f,0x301e,0x301e,0x2036,0x182f,0x0825,0x0000,
  0x0000,0x0001,0x2819,0x301e,0x301e,0x301e,0x301e,0x301e,0x301f,0x2038,0x0000,0x0000,0x0000,0x180d,0x301f,0x301f,
  0x301f,0x100a,0x0000,0x2817,0x301e,0x301e,0x281c,0x0002,0x0804,0x301e,0x2838,0x0000,0x0000,0x0000,0x182e,0x301f,
  0x182e,0x0000,0x2034,0x301f,0x301e,0x301f,0x301f,0x301f,0x301e,0x2839,0x0000,0x0806,0x301e,0x301e,0x301e,0x301e,
  0x301e,0x301e,0x301e,0x301e,0x301f,0x0808,0x0000,0x0000,0x0000,0x0000,0x0004,0x303f,0x2018,0x0000,0x0000,0x0000,
  0x0000,0x0000,0x1832,0x301f,0x301e,0x301e,0x301f,0x301e,0x0804,0x0000,0x0000,0x0000,0x0000,0x0828,0x301f,0x2015,
  0x0000,0x102c,0x301f,0x102c,0x0000,0x2034,0x301f,0x301f,0x303d,0x0003,0x0002,0x281c,0x301f,0x301e,0x2838,0x0000,
  0x1009,0x301f,0x301e,0x301f,0x102c,0x0000,0x2035,0x301f,0x301e,0x301e,0x301f,0x303d,0x0001,0x0804,0x301f,0x2016,
  0x0000,0x102a,0x301f,0x182e,0x0000,0x1832,0x301f,0x301e,0x301e,0x301e,0x301f,0x301f,0x301f,0x301f,0x301f,0x301e,
  0x2017,0x0000,0x1029,0x301f,0x301e,0x301e,0x301e,0x301f,0x1009,0x0000,0x2838,0x301e,0x301e,0x301e,0x301e,0x301e,
  0x301f,0x2037,0x0000,0x0000,0x0000,0x0000,0x0000,0x1811,0x301f,0x301f,0x301f,0x0827,0x0000,0x0000,0x0002,0x303c,
  0x301f,0x301f,0x2016,0x0000,0x102c,0x301f,0x301e,0x301f,0x301f,0x301f,0x102a,0x0000,0x0000,0x0001,0x2819,0x301e,
  0x301e,0x301e,0x301e,0x301e,0x301e,0x281c,0x2034,0x2034,0x2034,0x1830,0x100b,0x100b,0x100b,0x0003,0x0000,0x2817,
  0x301f,0x301e,0x281c,0x0002,0x0804,0x301e,0x2818,0x0000,0x0000,0x0000,0x0825,0x100b,0x1830,0x2034,0x283b,0x301e,
  0x301e,0x301e,0x301e,0x301e,0x301e,0x2839,0x0000,0x0806,0x301e,0x301e,0x301e,0x301e,0x301e,0x301e,0x301f,0x1832,
  0x102a,0x0002,0x0000,0x182f,0x2013,0x2033,0x1831,0x102a,0x102c,0x2034,0x182e,0x0000,0x0000,0x0000,0x2032,0x301f,
  0x301e,0x301e,0x1831,0x1029,0x0001,0x0001,0x1832,0x2035,0x2034,0x2037,0x301e,0x281b,0x2036,0x1831,0x102a,0x182f,
  0x2034,0x182d,0x102a,0x2819,0x303c,0x0003,0x0000,0x100a,0x180f,0x301e,0x2838,0x0000,0x1009,0x301f,0x2036,0x100b,
  0x0804,0x0000,0x0826,0x102a,0x281a,0x301e,0x182f,0x102b,0x2033,0x2033,0x100c,0x1008,0x0000,0x0003,0x1029,0x0804,
  0x0000,0x0825,0x1029,0x2037,0x301f,0x301e,0x301e,0x301e,0x301e,0x301e,0x301e,0x301e,0x281c,0x2036,0x1832,0x1029,
  0x2033,0x301f,0x2033,0x1029,0x1832,0x2035,0x281c,0x301e,0x301e,0x301e,0x301e,0x301e,0x301f,0x2037,0x0000,0x0000,
  0x0000,0x0828,0x2034,0x283a,0x301e,0x301e,0x301e,0x0826,0x0000,0x0000,0x0000,0x102a,0x182e,0x301e,0x2016,0x0000,
  0x102c,0x301f,0x2036,0x100b,0x100b,0x100b,0x1831,0x2034,0x0825,0x0000,0x2819,0x301e,0x301e,0x301e,0x301e,0x301e,
  0x301e,0x301e,0x301f,0x301f,0x301f,0x1831,0x0000,0x0000,0x0000,0x0000,0x0000,0x2838,0x301f,0x301e,0x283c,0x0003,
  0x0824,0x303e,0x2839,0x0000,0x0000,0x0000,0x0000,0x0000,0x1830,0x301f,0x301e,0x301e,0x301e,0x301e,0x301e,0x301e,
  0x301e,0x2839,0x0000,0x0806,0x303e,0x301e,0x301e,0x301e,0x301e,0x301e,0x303e,0x102b,0x0000,0x0000,0x0000,0x2838,
  0x301f,0x301f,0x2839,0x0000,0x0826,0x301f,0x2036,0x0000,0x0000,0x0000,0x2033,0x301f,0x301e,0x301e,0x0828,0x0000,
  0x0000,0x0001,0x283a,0x301f,0x301f,0x301e,0x301e,0x301e,0x303f,0x1831,0x0000,0x1830,0x301f,0x100a,0x0000,0x2035,
  0x303c,0x0003,0x0000,0x0000,0x0825,0x301e,0x2838,0x0000,0x102a,0x303f,0x1831,0x0000,0x0000,0x0000,0x0000,0x0000,
  0x2838,0x301e,0x0805,0x0001,0x301d,0x283a,0x0000,0x0000,0x0000,0x0000,0x0000,0x0000,0x0000,0x0000,0x0000,0x2033,
  0x301f,0x301e,0x301e,0x301e,0x301e,0x301e,0x301e,0x301e,0x301e,0x303f,0x2034,0x0000,0x102c,0x303f,0x182d,0x0000,
  0x2034,0x301f,0x301e,0x281e,0x301e,0x301d,0x301e,0x301d,0x301e,0x2037,0x0000,0x0000,0x0000,0x102d,0x303f,0x301e,
  0x301e,0x301e,0x303e,0x0826,0x0000,0x0000,0x0000,0x0000,0x0804,0x303e,0x2036,0x0000,0x102c,0x301f,0x1830,0x0000,
  0x0000,0x0000,0x2035,0x303f,0x0828,0x0000,0x2819,0x301e,0x301e,0x301e,0x301e,0x301e,0x301e,0x2839,0x0827,0x0827,
  0x0827,0x182d,0x2037,0x2036,0x2837,0x0828,0x0000,0x0826,0x0808,0x0807,0x1029,0x2036,0x2035,0x1028,0x102b,0x2036,
  0x2036,0x2036,0x2036,0x2036,0x283a,0x301e,0x301e,0x301e,0x182d,0x0826,0x0807,0x0827,0x0826,0x1029,0x2036,0x2032,
  0x0827,0x0827,0x0826,0x1830,0x301f,0x1830,0x0826,0x0002,0x0000,0x0000,0x0000,0x0804,0x0806,0x0806,0x0805,0x0000,
  0x0807,0x301e,0x281c,0x2818,0x2818,0x2818,0x281c,0x301e,0x301e,0x301e,0x2838,0x2034,0x0002,0x0001,0x283a,0x281b,
  0x0827,0x0806,0x0806,0x0806,0x0827,0x182d,0x2037,0x283b,0x301f,0x100a,0x0000,0x0804,0x0826,0x0000,0x0000,0x0000,
  0x0806,0x301e,0x281d,0x2819,0x2033,0x0827,0x182f,0x2038,0x2037,0x2037,0x2037,0x2037,0x281d,0x301e,0x0805,0x0002,
  0x281c,0x281a,0x0001,0x0000,0x0000,0x0000,0x0000,0x1029,0x2837,0x2036,0x2037,0x102b,0x0806,0x0806,0x0806,0x0827,
  0x0807,0x0807,0x0807,0x0826,0x0826,0x0806,0x102c,0x2837,0x182f,0x0826,0x0003,0x0000,0x0805,0x0808,0x2838,0x301e,
  0x102a,0x0806,0x0806,0x0806,0x0806,0x0825,0x0000,0x0000,0x0000,0x0003,0x0828,0x2014,0x301f,0x182e,0x0826,0x2033,
  0x2035,0x0002,0x0001,0x2034,0x2034,0x0827,0x102b,0x2036,0x283a,0x301f,0x1831,0x0000,0x102b,0x2036,0x281b,0x301e,
  0x0807,0x0000,0x2819,0x301e,0x301e,0x301e,0x301e,0x301e,0x301e,0x2837,0x0000,0x0000,0x0000,0x100c,0x301f,0x301e,
  0x301e,0x102b,0x0001,0x0000,0x0000,0x0000,0x0003,0x283c,0x283a,0x0001,0x0806,0x301e,0x301f,0x301e,0x301f,0x301f,
  0x301e,0x301e,0x301e,0x301e,0x0828,0x0000,0x0000,0x0000,0x0000,0x0804,0x301d,0x2036,0x0000,0x0000,0x0000,0x102b,
  0x303e,0x182d,0x0000,0x0000,0x0000,0x0000,0x0000,0x0000,0x0000,0x0000,0x0000,0x0000,0x0827,0x303c,0x301d,0x301e,
  0x301e,0x301e,0x301e,0x301e,0x301d,0x301d,0x301e,0x303c,0x0803,0x0000,0x2839,0x2838,0x0001,0x0000,0x0000,0x0000,
  0x0000,0x102c,0x303e,0x281c,0x281c,0x1029,0x0000,0x0000,0x0000,0x0001,0x0001,0x0000,0x0827,0x303d,0x301e,0x301e,
  0x2034,0x0000,0x182e,0x303f,0x301e,0x301d,0x301e,0x301e,0x301e,0x301d,0x0827,0x0804,0x283b,0x2839,0x0001,0x0000,
  0x0001,0x0000,0x0000,0x102b,0x301e,0x301e,0x301f,0x102a,0x0000,0x0001,0x0000,0x0000,0x0000,0x0000,0x0000,0x0000,
  0x0000,0x0000,0x102b,0x301f,0x1831,0x0000,0x0000,0x0000,0x0000,0x0000,0x2035,0x283c,0x0003,0x0000,0x0000,0x0000,
  0x0000,0x0000,0x0000,0x0000,0x0001,0x0000,0x0000,0x1830,0x303e,0x1029,0x0000,0x2037,0x303c,0x0003,0x0001,0x283a,
  0x2839,0x0000,0x0827,0x301e,0x301d,0x301f,0x1831,0x0000,0x1830,0x301f,0x301e,0x301e,0x1029,0x0022,0x281a,0x301e,
  0x301e,0x301e,0x301e,0x301e,0x301f,0x2838,0x0000,0x0000,0x0000,0x100c,0x301f,0x1810,0x0003,0x1831,0x283a,0x2839,
  0x283a,0x281a,0x2838,0x0826,0x0828,0x2839,0x281b,0x301f,0x2036,0x0805,0x1830,0x301f,0x301e,0x301e,0x301e,0x301f,
  0x0829,0x0000,0x0000,0x0001,0x2036,0x2037,0x0804,0x1029,0x2839,0x182f,0x0000,0x0001,0x0804,0x1830,0x283b,0x0827,
  0x0000,0x1831,0x2838,0x0003,0x0000,0x0000,0x0002,0x2838,0x2034,0x0003,0x100c,0x301f,0x301e,0x301e,0x301e,0x301f,
  0x182f,0x0804,0x0804,0x0804,0x0000,0x0000,0x0003,0x0827,0x2838,0x2839,0x283a,0x1830,0x0000,0x0001,0x0003,0x0003,
  0x0003,0x0001,0x0000,0x0000,0x0001,0x2035,0x2839,0x2839,0x283a,0x301f,0x2838,0x0804,0x102c,0x283b,0x1831,0x0804,
  0x0804,0x0804,0x2037,0x301e,0x301e,0x301e,0x281b,0x2838,0x0826,0x0003,0x0000,0x0804,0x2839,0x1830,0x0000,0x0001,
  0x0003,0x1832,0x301f,0x281b,0x281a,0x281a,0x2839,0x0003,0x0000,0x0000,0x0824,0x2838,0x2838,0x2838,0x281a,0x301e,
  0x281c,0x283b,0x102a,0x0000,0x0000,0x0000,0x0002,0x0003,0x0000,0x0000,0x0000,0x0003,0x2838,0x1831,0x0000,0x1029,
  0x283a,0x2839,0x283a,0x182d,0x0804,0x2032,0x283a,0x1029,0x0804,0x0000,0x0000,0x0003,0x0808,0x2839,0x2034,0x0004,
  0x100c,0x301f,0x1831,0x0000,0x0002,0x0805,0x2035,0x301f,0x281b,0x281b,0x301e,0x301e,0x301e,0x301e,0x281b,0x281a,
  0x281b,0x2035,0x0000,0x0000,0x0000,0x102b,0x301c,0x102d,0x0002,0x2034,0x301f,0x281c,0x281b,0x281c,0x2839,0x0804,
  0x0805,0x281a,0x281b,0x281c,0x1832,0x0001,0x102c,0x281c,0x281b,0x281b,0x281b,0x281b,0x0828,0x0000,0x0000,0x0001,
  0x2037,0x2036,0x0000,0x0807,0x301f,0x2034,0x0003,0x0001,0x0000,0x180e,0x283c,0x0827,0x0000,0x2015,0x303e,0x0827,
  0x0003,0x0000,0x0003,0x281a,0x2035,0x0002,0x100a,0x281b,0x281b,0x281b,0x281c,0x301f,0x100c,0x0000,0x0000,0x0001,
  0x0000,0x0000,0x0002,0x0807,0x301d,0x301e,0x281c,0x1833,0x0002,0x0002,0x0002,0x0000,0x0000,0x0000,0x0000,0x0000,
  0x0001,0x2819,0x301f,0x301e,0x281e,0x283c,0x2035,0x0002,0x100c,0x303d,0x1831,0x0002,0x0002,0x0002,0x2036,0x301e,
  0x281b,0x281b,0x281c,0x2839,0x0804,0x0002,0x0002,0x0828,0x303f,0x2016,0x0002,0x0002,0x0002,0x182f,0x301c,0x281d,
  0x301e,0x281c,0x2819,0x0003,0x0000,0x0002,0x0828,0x301e,0x301e,0x281d,0x281c,0x281c,0x301d,0x301f,0x182f,0x0003,
  0x0000,0x0000,0x0001,0x0001,0x0002,0x0001,0x0000,0x0004,0x301e,0x2037,0x0002,0x102b,0x281c,0x281d,0x301f,0x102c,
  0x0000,0x1831,0x283b,0x0825,0x0000,0x0003,0x0003,0x0002,0x0807,0x281b,0x2013,0x0000,0x0808,0x283c,0x182f,0x0000,
  0x0000,0x0000,0x1831,0x281d,0x281c,0x281c,0x281c,0x281b,0x301f,0x301d,0x0806,0x0001,0x0001,0x0001,0x0000,0x0000,
  0x0000,0x0001,0x0001,0x182f,0x303d,0x301d,0x301f,0x102b,0x0002,0x0002,0x0804,0x2839,0x2838,0x0003,0x0002,0x0002,
  0x102a,0x303c,0x1830,0x0001,0x0002,0x0002,0x0002,0x0002,0x0000,0x0000,0x0000,0x0000,0x0001,0x0001,0x0000,0x0807,
  0x301f,0x301e,0x303e,0x182e,0x0000,0x0000,0x0001,0x0000,0x0000,0x2035,0x301f,0x303d,0x2839,0x0001,0x0000,0x0001,
  0x0828,0x303d,0x2033,0x0001,0x0002,0x0002,0x1831,0x301f,0x100c,0x0000,0x2054,0x283b,0x0003,0x0001,0x2839,0x283d,
  0x301f,0x2839,0x0002,0x102a,0x303d,0x283c,0x303d,0x102a,0x0000,0x0000,0x0000,0x0000,0x0000,0x2819,0x301f,0x301f,
  0x2839,0x0023,0x1029,0x301d,0x2034,0x0002,0x182e,0x301d,0x281c,0x281c,0x281e,0x303e,0x1028,0x0001,0x0002,0x0825,
  0x283a,0x281c,0x281b,0x283c,0x301e,0x301e,0x283c,0x281c,0x283d,0x102d,0x0002,0x2036,0x301f,0x100a,0x0000,0x0000,
  0x0022,0x2838,0x283c,0x301f,0x2818,0x0003,0x0003,0x0003,0x1831,0x301f,0x283d,0x283c,0x0807,0x0000,0x2034,0x303c,
  0x283b,0x2037,0x0000,0x0003,0x281c,0x301d,0x283c,0x2032,0x0001,0x182f,0x301f,0x102d,0x0000,0x0001,0x0001,0x0000,
  0x0001,0x2838,0x283c,0x301d,0x2837,0x0002,0x0001,0x0000,0x0000,0x0002,0x0001,0x0000,0x0000,0x0000,0x0001,0x0003,
  0x0003,0x0003,0x0003,0x0003,0x2037,0x2036,0x0003,0x0000,0x0023,0x0003,0x0000,0x0000,0x0000,0x0002,0x0804,0x182f,
  0x2819,0x2818,0x2839,0x0807,0x0000,0x0000,0x0002,0x283c,0x281a,0x0000,0x0000,0x0000,0x0809,0x301f,0x2033,0x0805,
  0x0002,0x0000,0x0002,0x0803,0x0000,0x0000,0x0003,0x0023,0x0000,0x0000,0x0000,0x0826,0x2038,0x2818,0x2839,0x102c,
  0x0000,0x0002,0x0824,0x0001,0x0000,0x2035,0x301f,0x283b,0x2036,0x0001,0x0000,0x0824,0x1029,0x283a,0x1832,0x0805,
  0x0002,0x0000,0x1810,0x301f,0x180f,0x0804,0x2034,0x2819,0x0828,0x0806,0x283b,0x301d,0x2819,0x2033,0x0000,0x0827,
  0x2838,0x2038,0x2838,0x1009,0x0000,0x0803,0x0805,0x0805,0x0805,0x2015,0x2819,0x2819,0x2034,0x0000,0x0826,0x281a,
  0x2033,0x0805,0x182e,0x2819,0x281b,0x301e,0x281b,0x2838,0x1029,0x0804,0x0000,0x0002,0x2036,0x281a,0x301e,0x281d,
  0x2018,0x2818,0x2818,0x2818,0x2819,0x102a,0x0000,0x2016,0x301f,0x102d,0x0805,0x0000,0x0001,0x283a,0x301e,0x281a,
  0x2034,0x0805,0x0804,0x0804,0x1832,0x301f,0x301e,0x301e,0x0808,0x0000,0x2033,0x281b,0x301e,0x281a,0x0000,0x0003,
  0x281c,0x301e,0x301f,0x2035,0x0804,0x182e,0x283a,0x102a,0x0000,0x0000,0x0000,0x0823,0x0826,0x281b,0x301e,0x2839,
  0x2033,0x0000,0x0000,0x0000,0x0000,0x0000,0x0000,0x0000,0x0002,0x0804,0x0804,0x0824,0x0000,0x0000,0x0000,0x0000,
  0x0000,0x0000,0x0000,0x0003,0x283c,0x2036,0x0000,0x0000,0x0000,0x102b,0x303f,0x102e,0x0000,0x0000,0x0000,0x0000,
  0x0000,0x0000,0x0001,0x283c,0x281a,0x0001,0x0000,0x0000,0x0809,0x301f,0x301e,0x301f,0x102c,0x0000,0x2032,0x303e,
  0x0806,0x0000,0x2037,0x283b,0x0002,0x0000,0x0000,0x0000,0x0000,0x0000,0x0000,0x0000,0x0000,0x182e,0x303e,0x1029,
  0x0000,0x2036,0x301f,0x0807,0x0001,0x0000,0x0003,0x303c,0x2037,0x0000,0x102a,0x303f,0x182f,0x0000,0x1810,0x301f,
  0x301e,0x303e,0x0827,0x0001,0x2839,0x301f,0x301f,0x281a,0x0000,0x0000,0x0000,0x0000,0x0000,0x0000,0x0000,0x0000,
  0x0000,0x2033,0x303f,0x301e,0x303d,0x0804,0x0000,0x0000,0x0000,0x0000,0x0000,0x0000,0x102b,0x303f,0x1830,0x0000,
  0x1811,0x301f,0x102c,0x0000,0x2036,0x303c,0x0824,0x0000,0x0000,0x0825,0x301e,0x2819,0x0001,0x0000,0x0000,0x0000,
  0x0000,0x0000,0x0000,0x2016,0x301f,0x301f,0x283c,0x0003,0x0001,0x283b,0x281b,0x0001,0x1029,0x303f,0x301e,0x301e,
  0x301e,0x301f,0x301f,0x301f,0x0808,0x0000,0x0001,0x0002,0x283a,0x283b,0x0000,0x0003,0x301d,0x301f,0x301f,0x301e,
  0x301f,0x1830,0x0000,0x0000,0x0000,0x0000,0x0000,0x2036,0x301f,0x301f,0x283c,0x0023,0x0000,0x0000,0x0000,0x0000,
  0x0000,0x0000,0x0000,0x0000,0x182f,0x303f,0x303d,0x303d,0x0805,0x0000,0x0000,0x0000,0x0000,0x0000,0x0000,0x0002,
  0x2035,0x2033,0x0808,0x0825,0x0000,0x0827,0x2035,0x1009,0x0000,0x0000,0x0000,0x0000,0x0000,0x0826,0x1029,0x2034,
  0x2032,0x0000,0x0001,0x0827,0x102c,0x2036,0x2819,0x301f,0x1831,0x0827,0x1831,0x2036,0x0804,0x0000,0x1830,0x2033,
  0x0001,0x0000,0x0806,0x0806,0x0806,0x0804,0x0000,0x0000,0x0000,0x182e,0x301f,0x100a,0x0000,0x182e,0x2034,0x0803,
  0x0000,0x0000,0x0002,0x2035,0x1832,0x0827,0x102c,0x2817,0x102a,0x0000,0x102a,0x2035,0x2034,0x2034,0x0804,0x0000,
  0x2032,0x2016,0x2016,0x2033,0x1028,0x0825,0x0000,0x0001,0x0826,0x0003,0x0000,0x0824,0x0808,0x1831,0x2016,0x2016,
  0x2035,0x102a,0x0827,0x0000,0x0001,0x0827,0x0807,0x0807,0x102c,0x2037,0x182f,0x0807,0x182f,0x2837,0x0828,0x0000,
  0x2017,0x301d,0x0824,0x0000,0x0826,0x102a,0x2035,0x1831,0x0000,0x0000,0x0000,0x0000,0x0000,0x0003,0x0827,0x2838,
  0x301f,0x2038,0x2034,0x0002,0x0001,0x2032,0x1831,0x0000,0x0825,0x2034,0x2034,0x2034,0x2034,0x2034,0x2034,0x2034,
  0x0805,0x0000,0x0000,0x0000,0x1831,0x1832,0x0000,0x0002,0x2033,0x2034,0x2034,0x2034,0x2035,0x102b,0x0000,0x0000,
  0x0000,0x0804,0x0828,0x2032,0x2016,0x2016,0x2034,0x0002,0x0001,0x0826,0x0824,0x0000,0x0000,0x0000,0x0000,0x0000,
  0x102a,0x2035,0x2034,0x2034,0x0804,0x0000,0x0000,0x0000,0x0000,0x0000,0x0000,0x0000,0x0000,0x0827,0x303f,0x2033,
  0x0000,0x0000,0x0000,0x0000,0x0000,0x0000,0x0000,0x0000,0x0000,0x2839,0x303d,0x0002,0x0000,0x0000,0x0805,0x303f,
  0x2035,0x0000,0x100c,0x301f,0x301f,0x301f,0x100a,0x0000,0x0000,0x0000,0x0000,0x0000,0x0000,0x0003,0x283c,0x301f,
  0x301f,0x2033,0x0000,0x0000,0x0000,0x182f,0x301f,0x1009,0x0000,0x0000,0x0000,0x0000,0x0000,0x0000,0x0000,0x0000,
  0x0806,0x303f,0x2034,0x0000,0x0000,0x0000,0x0000,0x0000,0x0000,0x0000,0x0000,0x0000,0x0000,0x0000,0x0000,0x0804,
  0x303f,0x2036,0x0000,0x1009,0x303f,0x1831,0x0000,0x1830,0x381f,0x100a,0x0000,0x0000,0x0000,0x281a,0x303d,0x0001,
  0x0003,0x303e,0x301f,0x301f,0x2034,0x0000,0x180d,0x381f,0x102d,0x0000,0x0000,0x0000,0x2818,0x301e,0x0003,0x0001,
  0x303d,0x283a,0x0000,0x0000,0x0000,0x0000,0x0000,0x0000,0x0000,0x182f,0x301f,0x301f,0x301f,0x0808,0x0000,0x0000,
  0x0000,0x0000,0x0000,0x0000,0x0000,0x0000,0x0000,0x0000,0x0000,0x0000,0x0000,0x0000,0x0000,0x0000,0x0000,0x0000,
  0x0000,0x0000,0x0000,0x0000,0x0000,0x0000,0x0000,0x0000,0x0000,0x0000,0x0000,0x0000,0x0000,0x2033,0x383f,0x0826,
  0x0000,0x0000,0x0000,0x0000,0x0804,0x303f,0x2035,0x0000,0x0000,0x0000,0x0000,0x0000,0x0000,0x0000,0x0000,0x0000,
  0x0000,0x0000,0x0000,0x0000,0x0000,0x0000,0x0000,0x0000,0x0000,0x0824,0x1831,0x102a,0x0000,0x0000,0x0000,0x0000,
  0x0000,0x0000,0x0000,0x0000,0x0000,0x182d,0x1830,0x0002,0x0000,0x0000,0x0003,0x1831,0x102b,0x0000,0x0827,0x2013,
  0x1812,0x2033,0x182d,0x102a,0x0002,0x0000,0x0000,0x0000,0x0000,0x0001,0x1830,0x1832,0x1832,0x102b,0x0000,0x0000,
  0x0000,0x1029,0x2033,0x182d,0x102b,0x0002,0x0000,0x0000,0x0000,0x0000,0x0001,0x102a,0x102c,0x1833,0x102c,0x0000,
  0x0000,0x0000,0x0000,0x0000,0x0826,0x1009,0x0002,0x0000,0x0827,0x0808,0x0000,0x0002,0x1831,0x102c,0x0000,0x0805,
  0x2032,0x182f,0x102c,0x182f,0x2013,0x0826,0x0000,0x0000,0x0000,0x1830,0x2032,0x102b,0x102c,0x2032,0x2013,0x2013,
  0x102c,0x0000,0x0827,0x2032,0x0827,0x0000,0x0000,0x0000,0x182e,0x2033,0x102b,0x102b,0x1832,0x1831,0x102b,0x0827,
  0x0000,0x0000,0x0000,0x0804,0x102a,0x182f,0x2034,0x2014,0x2034,0x0805,0x0000,0x0000,0x0000,0x1028,0x0807,0x0000,
  0x0000,0x0000,0x0000,0x0000,0x0804,0x102a,0x1029,0x102a,0x0002,0x0000,0x0000,0x0000,0x0000,0x0000,0x1008,0x0827,
  0x0000,0x0000,0x0000,0x0000,0x0000,0x0803,0x100a,0x0804,0x0000,0x100a,0x1831,0x0824,0x0000,0x0000,0x0000,0x1029,
  0x102c,0x2033,0x102d,0x0000,0x0003,0x102a,0x0825,0x0000,0x0000,0x0000,0x0000,0x0000,0x0807,0x1029,0x0001,0x0000,
  0x0000,0x0000,0x0000,0x0000,0x0000,0x0000,0x0000,0x0000,0x0000,0x0000,0x0000,0x0000,0x0000,0x0000,0x0000,0x0000,
  0x0000,0x0000,0x0000,0x0000,0x0000,0x0000,0x0000,0x0000,0x0000,0x0000,0x0000,0x0000,0x0000,0x0000,0x2034,0x303f,
  0x0806,0x0000,0x0000,0x0000,0x0000,0x0000,0x0000,0x0000,0x0000,0x0000,0x0000,0x0000,0x0000,0x0000,0x0000,0x2034,
  0x383f,0x0827,0x0000,0x0000,0x0000,0x0000,0x0003,0x303f,0x2838,0x0000,0x0000,0x0000,0x0000,0x0000,0x0000,0x0000,
  0x2034,0x301f,0x0806,0x0000,0x283a,0x283d,0x0002,0x0000,0x0000,0x0000,0x0000,0x0000,0x0000,0x102c,0x383f,0x182d,
  0x0000,0x0000,0x0000,0x0000,0x0000,0x0000,0x0002,0x303d,0x283b,0x0000,0x0000,0x0000,0x0000,0x0000,0x0000,0x0000,
  0x0000,0x0000,0x0000,0x0000,0x0000,0x0000,0x283a,0x283c,0x0001,0x0824,0x303f,0x2036,0x0000,0x0000,0x0000,0x102c,
  0x383f,0x102d,0x0000,0x0000,0x0000,0x0000,0x0000,0x0000,0x0002,0x283d,0x2839,0x0000,0x0000,0x0000,0x0000,0x0000,
  0x182d,0x303f,0x301f,0x303f,0x0828,0x0000,0x0000,0x0000,0x0000,0x0002,0x281c,0x2838,0x0000,0x0000,0x0000,0x0000,
  0x0000,0x102c,0x303f,0x182d,0x0000,0x0000,0x0000,0x0000,0x0000,0x0000,0x0002,0x303d,0x283b,0x0000,0x0000,0x0000,
  0x102b,0x303f,0x182e,0x0000,0x0000,0x0000,0x0000,0x0000,0x2838,0x303e,0x0003,0x0000,0x0000,0x0000,0x0000,0x0000,
  0x0000,0x0002,0x182d,0x1028,0x0000,0x0825,0x182d,0x0805,0x0000,0x0000,0x0000,0x0000,0x0000,0x0000,0x0000,0x0000,
  0x0000,0x0000,0x0000,0x0000,0x0000,0x0000,0x0000,0x0000,0x0000,0x0000,0x1029,0x182e,0x0002,0x0000,0x102a,0x100c,
  0x100c,0x102a,0x0000,0x0000,0x0000,0x0000,0x0000,0x0805,0x182d,0x0825,0x0000,0x102a,0x182f,0x182e,0x182d,0x0002,
  0x0000,0x0000,0x0001,0x102d,0x100a,0x0000,0x0000,0x0000,0x0000,0x0000,0x0827,0x182f,0x182f,0x182f,0x0003,0x0000,
  0x102c,0x102d,0x0000,0x0000,0x0000,0x0000,0x0000,0x0000,0x0000,0x0805,0x182e,0x0806,0x0000,0x0000,0x0000,0x1029,
  0x102c,0x0002,0x0001,0x102d,0x102b,0x0000,0x0000,0x0000,0x0000,0x0000,0x0000,0x0000,0x0000,0x0000,0x0000,0x0000,
  0x0000,0x0001,0x2839,0x281c,0x0002,0x0002,0x180e,0x1029,0x0000,0x0000,0x0000,0x0826,0x1830,0x182e,0x182e,0x0804,
  0x0000,0x0000,0x0000,0x0000,0x0001,0x182d,0x102c,0x0000,0x0000,0x0000,0x0000,0x0000,0x0805,0x182e,0x180e,0x182e,
  0x0804,0x0000,0x102a,0x182d,0x0001,0x0001,0x281b,0x2017,0x0000,0x0000,0x0000,0x0000,0x0000,0x0826,0x1830,0x182e,
  0x182e,0x0803,0x0000,0x0000,0x0000,0x0000,0x0001,0x102c,0x102b,0x0000,0x0000,0x0000,0x100b,0x301f,0x2036,0x182e,
  0x182e,0x182e,0x182e,0x182e,0x182f,0x182e,0x0001,0x0000,0x0000,0x0000,0x0000,0x0000,0x0000,0x0826,0x303f,0x2034,
  0x0000,0x102b,0x383f,0x102d,0x0000,0x0000,0x0000,0x0000,0x0000,0x0000,0x0000,0x0000,0x0000,0x0000,0x0000,0x0000,
  0x0000,0x0000,0x0000,0x0000,0x0000,0x0000,0x0000,0x0000,0x0000,0x0000,0x2839,0x301f,0x301f,0x283a,0x0001,0x0000,
  0x0000,0x0000,0x0000,0x102d,0x383f,0x182d,0x0000,0x0000,0x0000,0x2037,0x303f,0x0804,0x0000,0x0000,0x0000,0x0000,
  0x0000,0x0000,0x0000,0x0000,0x0000,0x0000,0x182f,0x303f,0x100a,0x0000,0x0000,0x0000,0x0000,0x0000,0x0000,0x0000,
  0x0000,0x0000,0x0000,0x0000,0x0000,0x0000,0x0000,0x0000,0x0000,0x0000,0x0000,0x2036,0x303f,0x0804,0x0000,0x0000,
  0x0000,0x0000,0x0000,0x0000,0x0000,0x0000,0x0000,0x0000,0x0000,0x0000,0x0000,0x0000,0x0000,0x0000,0x283a,0x283c,
  0x0002,0x0000,0x0000,0x0000,0x0000,0x0000,0x0000,0x0000,0x0000,0x1831,0x303f,0x1008,0x0000,0x0000,0x0000,0x0000,
  0x0000,0x0000,0x0000,0x0000,0x0000,0x0000,0x0000,0x0000,0x0000,0x0000,0x0000,0x0000,0x0000,0x0000,0x2036,0x303e,
  0x0003,0x0001,0x283c,0x2838,0x0000,0x0000,0x0000,0x0000,0x0000,0x0000,0x0000,0x1832,0x383f,0x1028,0x0000,0x0000,
  0x0000,0x0000,0x0000,0x0000,0x0000,0x0000,0x0000,0x0000,0x102a,0x301f,0x301f,0x301f,0x301f,0x301f,0x301f,0x303f,
  0x0806,0x0000,0x0000,0x0000,0x0000,0x0001,0x182f,0x102e,0x0000,0x0001,0x100a,0x0806,0x0000,0x0804,0x100b,0x0804,
  0x0000,0x0000,0x0000,0x100b,0x180f,0x0002,0x0000,0x0000,0x0000,0x0000,0x0000,0x0000,0x0000,0x0000,0x0806,0x1830,
  0x0806,0x0000,0x0000,0x0000,0x0000,0x0000,0x0808,0x100b,0x100a,0x0808,0x0000,0x0000,0x0000,0x0000,0x0000,0x0004,
  0x100a,0x0804,0x0000,0x102a,0x2032,0x102d,0x102b,0x0001,0x0000,0x0000,0x0000,0x0000,0x0000,0x0000,0x0000,0x0000,
  0x0000,0x0000,0x0805,0x100a,0x0003,0x0000,0x0000,0x0000,0x0000,0x0000,0x0000,0x0000,0x0000,0x0003,0x1831,0x100a,
  0x0000,0x0000,0x0000,0x0000,0x0000,0x0000,0x0000,0x0828,0x102c,0x1831,0x182f,0x0001,0x0002,0x1830,0x102c,0x0000,
  0x0000,0x0000,0x0000,0x0000,0x0000,0x0000,0x0000,0x0000,0x102c,0x2032,0x102c,0x102a,0x0001,0x0000,0x0000,0x0000,
  0x0000,0x0000,0x0000,0x0000,0x0000,0x0805,0x100a,0x0003,0x0000,0x0000,0x0000,0x0000,0x0000,0x0000,0x0000,0x0000,
  0x0000,0x0000,0x0000,0x0000,0x0000,0x0000,0x0000,0x0000,0x0000,0x0000,0x2016,0x283c,0x0003,0x0000,0x102a,0x1029,
  0x0000,0x0000,0x0000,0x0000,0x0000,0x0000,0x0000,0x0806,0x100b,0x0002,0x0000,0x0000,0x0000,0x0000,0x0000,0x0000,
  0x0000,0x0000,0x0003,0x1830,0x2036,0x301f,0x2036,0x100b,0x100b,0x100b,0x100b,0x100b,0x0002,0x0000,0x0000,0x0000,
  0x0000,0x0001,0x283c,0x283a,0x0000,0x0000,0x0000,0x0000,0x0000,0x0000,0x0000,0x0000,0x0000,0x0000,0x0000,0x2036,
  0x301f,0x0004,0x0000,0x0000,0x0000,0x0000,0x0000,0x0000,0x0000,0x0000,0x102c,0x303f,0x182d,0x0000,0x0000,0x0000,
  0x0000,0x0000,0x0000,0x0000,0x0000,0x0000,0x0000,0x0000,0x0000,0x0000,0x0000,0x0000,0x0000,0x0000,0x0000,0x2032,
  0x303f,0x0807,0x0000,0x0000,0x0000,0x0000,0x0000,0x0000,0x0000,0x0000,0x0000,0x0000,0x0000,0x0000,0x0000,0x0000,
  0x0000,0x0000,0x0000,0x0000,0x0000,0x0000,0x0000,0x0000,0x0000,0x0806,0x301f,0x1813,0x0000,0x0000,0x0000,0x0000,
  0x0000,0x0000,0x0000,0x0000,0x0000,0x283a,0x283c,0x0001,0x0803,0x301e,0x2837,0x0000,0x0000,0x0000,0x0000,0x0000,
  0x0000,0x0000,0x0000,0x0000,0x2036,0x303f,0x0023,0x0000,0x0000,0x0000,0x0000,0x0000,0x0000,0x0000,0x0000,0x0000,
  0x0000,0x0000,0x0000,0x0000,0x0000,0x0000,0x0000,0x0000,0x0000,0x0000,0x0000,0x0000,0x0000,0x0000,0x0000,0x0000,
  0x0000,0x0000,0x0000,0x0000,0x0000,0x0000,0x2036,0x283c,0x0003,0x0000,0x0000,0x0000,0x0000,0x0000,0x0000,0x0000,
  0x0000,0x0000,0x0000,0x0000,0x0000,0x0000,0x0000,0x0000,0x0000,0x0000,0x0000,0x0000,0x0000,0x0000,0x0806,0x301f,
  0x301f,0x301f,0x182f,0x0000,0x0000,0x0000,0x0000,0x0000,0x0000,0x0000,0x0000,0x0000,0x0000,0x0000,0x0826,0x0806,
  0x0000,0x0803,0x2033,0x2013,0x2014,0x102a,0x0000,0x0000,0x0000,0x0000,0x0000,0x0805,0x0807,0x0001,0x0000,0x0000,
  0x0000,0x0000,0x0000,0x0000,0x0000,0x0000,0x0003,0x0808,0x0003,0x0000,0x102b,0x2034,0x0804,0x0000,0x0000,0x0000,
  0x0000,0x0000,0x0000,0x0000,0x0000,0x0000,0x0000,0x0000,0x0000,0x0000,0x0000,0x0824,0x0807,0x0002,0x0000,0x0000,
  0x0000,0x0000,0x0000,0x0000,0x0824,0x2034,0x102d,0x0000,0x0000,0x0000,0x0000,0x0000,0x0000,0x0000,0x0000,0x0000,
  0x0000,0x0000,0x0000,0x0000,0x0000,0x0001,0x0808,0x0805,0x0000,0x1028,0x2035,0x0808,0x0000,0x0000,0x0000,0x0000,
  0x0000,0x0806,0x0806,0x0000,0x0001,0x0827,0x0805,0x0000,0x0000,0x0000,0x0827,0x2034,0x0827,0x0000,0x0000,0x0000,
  0x0805,0x0807,0x0001,0x0000,0x0000,0x0002,0x2033,0x182e,0x0000,0x0000,0x0000,0x0000,0x0000,0x0000,0x0000,0x0000,
  0x0000,0x0000,0x0000,0x0000,0x0000,0x0000,0x0000,0x0000,0x0000,0x0000,0x0000,0x0000,0x0000,0x0000,0x0000,0x0000,
  0x0000,0x0000,0x0805,0x0827,0x0000,0x0001,0x1831,0x2014,0x2014,0x182e,0x0000,0x0000,0x0000,0x0000,0x0000,0x0000,
  0x0000,0x0000,0x0000,0x0000,0x0000,0x0000,0x0000,0x0000,0x0000,0x0000,0x0002,0x0808,0x0808,0x0808,0x0824,0x0000,
  0x0000,0x0000,0x102c,0x2034,0x0804,0x0000,0x0000,0x0000,0x0000,0x0000,0x0000,0x0000,0x0000,0x0826,0x301e,0x301f,
  0x303f,0x1830,0x0000,0x0000,0x0000,0x0000,0x0000,0x0000,0x0000,0x0000,0x0000,0x0000,0x0000,0x0000,0x0000,0x0000,
  0x0000,0x0000,0x0000,0x0000,0x0000,0x0000,0x1832,0x303f,0x0807,0x0000,0x0000,0x0000,0x0000,0x0000,0x0000,0x0000,
  0x0000,0x0000,0x0000,0x0000,0x0000,0x0000,0x0000,0x0000,0x0000,0x0000,0x0000,0x0000,0x0000,0x0000,0x0000,0x0000,
  0x0826,0x303e,0x2013,0x0000,0x0000,0x0000,0x0000,0x0000,0x0000,0x0000,0x0000,0x0000,0x0000,0x0000,0x0000,0x0000,
  0x0000,0x0000,0x0000,0x0000,0x0000,0x102c,0x303f,0x100c,0x0000,0x0000,0x0000,0x0000,0x0000,0x0000,0x0000,0x0000,
  0x0000,0x0000,0x0000,0x0000,0x0000,0x0000,0x102b,0x303f,0x102b,0x0000,0x0000,0x0000,0x0000,0x0000,0x0000,0x0000,
  0x0000,0x0023,0x303d,0x2035,0x0000,0x0000,0x0000,0x0000,0x0000,0x0000,0x0000,0x0000,0x0000,0x0000,0x0000,0x0000,
  0x0000,0x0000,0x0000,0x0000,0x0000,0x0000,0x0000,0x0000,0x0000,0x0000,0x0000,0x0000,0x0000,0x0000,0x0000,0x0000,
  0x0000,0x0002,0x283b,0x301e,0x301f,0x2035,0x0000,0x0000,0x0000,0x0000,0x0000,0x0000,0x0000,0x0000,0x0000,0x0000,
  0x0000,0x0000,0x0000,0x0000,0x0000,0x0000,0x0000,0x0000,0x0000,0x0000,0x0000,0x0000,0x0000,0x0000,0x2032,0x303f,
  0x0806,0x0000,0x0000,0x0000,0x0000,0x0000,0x0000,0x0000,0x0000,0x0825,0x301e,0x2036,0x0804,0x0002,0x0000,0x102b,
  0x2839,0x0827,0x0000,0x0000,0x0000,0x0000,0x0000,0x0000,0x0000,0x0000,0x0000,0x0000,0x0000,0x0000,0x0000,0x0000,
  0x0000,0x0000,0x0003,0x0826,0x2033,0x2837,0x0003,0x0000,0x0000,0x0000,0x0000,0x0000,0x0000,0x0000,0x0000,0x1029,
  0x2838,0x1029,0x0000,0x0000,0x0000,0x0000,0x0000,0x0000,0x0000,0x0000,0x0000,0x0000,0x0001,0x0805,0x0003,0x0000,
  0x0000,0x0000,0x0000,0x0000,0x0000,0x0000,0x0000,0x0000,0x0000,0x0001,0x2034,0x2032,0x0000,0x0000,0x0000,0x0000,
  0x0000,0x0002,0x0805,0x0002,0x0000,0x0000,0x0000,0x1830,0x2036,0x0003,0x0000,0x0000,0x0000,0x0000,0x0000,0x0000,
  0x0000,0x0000,0x102b,0x301f,0x102b,0x0000,0x0000,0x0000,0x0000,0x0000,0x0000,0x0000,0x0000,0x0000,0x0804,0x0003,
  0x0000,0x0000,0x0000,0x0000,0x0000,0x0000,0x0000,0x182e,0x2037,0x0804,0x0000,0x2033,0x2035,0x0001,0x0000,0x0000,
  0x0000,0x0000,0x0000,0x0000,0x0000,0x0000,0x0000,0x0000,0x0000,0x0000,0x0000,0x0000,0x0000,0x0000,0x0804,0x0804,
  0x0804,0x0003,0x0000,0x0000,0x0000,0x0000,0x0000,0x0000,0x0000,0x0000,0x0000,0x0000,0x0000,0x0000,0x0000,0x0000,
  0x0000,0x0000,0x0000,0x0000,0x0000,0x0000,0x0000,0x0000,0x0000,0x0000,0x0003,0x0805,0x0001,0x0000,0x0000,0x0000,
  0x0001,0x0001,0x0000,0x0000,0x0000,0x0825,0x303c,0x2033,0x0001,0x0000,0x0000,0x102c,0x303d,0x0808,0x0000,0x0000,
  0x0000,0x0000,0x0000,0x0000,0x0000,0x0000,0x0000,0x0000,0x0000,0x0000,0x0000,0x0000,0x0000,0x0000,0x0000,0x0000,
  0x2034,0x283b,0x0003,0x0000,0x0000,0x0000,0x0000,0x0000,0x0000,0x0000,0x0001,0x102d,0x303e,0x100b,0x0000,0x0000,
  0x0000,0x0000,0x0000,0x0000,0x0000,0x0000,0x0000,0x0001,0x0001,0x0000,0x0000,0x0001,0x0000,0x0000,0x0000,0x0001,
  0x0001,0x0001,0x0000,0x0000,0x0000,0x0001,0x2839,0x2037,0x0000,0x0000,0x0000,0x0000,0x0000,0x0000,0x0000,0x0000,
  0x0000,0x0000,0x0000,0x2034,0x303d,0x0806,0x0001,0x0000,0x0000,0x0000,0x0000,0x0000,0x0000,0x0000,0x102a,0x303d,
  0x102a,0x0000,0x0000,0x0000,0x0000,0x0000,0x0001,0x0001,0x0000,0x0000,0x0000,0x0000,0x0000,0x0000,0x0000,0x0000,
  0x0001,0x0000,0x0000,0x1831,0x303d,0x0805,0x0000,0x2037,0x2839,0x0001,0x0000,0x0000,0x0000,0x0000,0x0000,0x0000,
  0x0000,0x0000,0x0000,0x0000,0x0000,0x0000,0x0000,0x0000,0x0000,0x0000,0x0000,0x0000,0x0000,0x0000,0x0000,0x0000,
  0x0000,0x0000,0x0000,0x0000,0x0000,0x0000,0x0001,0x0000,0x0000,0x0000,0x0000,0x0000,0x0000,0x0000,0x0000,0x0000,
  0x0000,0x0000,0x0000,0x0000,0x0000,0x0000,0x0000,0x0000,0x0000,0x0000,0x0000,0x0000,0x283a,0x2037,0x0002,0x0000,
  0x0000,0x0000,0x0003,0x102a,0x283c,0x102e,0x0000,0x0001,0x0002,0x0000,0x0000,0x0000,0x0000,0x0000,0x0000,0x0000,
  0x0000,0x0000,0x0000,0x0000,0x0000,0x0000,0x0000,0x0000,0x0000,0x0000,0x0000,0x0000,0x0002,0x0002,0x0000,0x0000,
  0x0000,0x0000,0x0000,0x0000,0x0000,0x0807,0x283c,0x1830,0x0003,0x0001,0x0000,0x0000,0x0000,0x0000,0x0000,0x0000,
  0x0000,0x0000,0x0002,0x2839,0x2033,0x0000,0x0827,0x283b,0x102c,0x0000,0x102c,0x283b,0x283a,0x283a,0x0805,0x0000,
  0x0000,0x0000,0x0002,0x0002,0x0000,0x0000,0x0000,0x0000,0x0000,0x0000,0x0000,0x0000,0x0000,0x0000,0x0000,0x0002,
  0x0804,0x2837,0x2837,0x0001,0x0000,0x0000,0x0000,0x0000,0x0000,0x0000,0x0001,0x0003,0x0001,0x0000,0x0000,0x0000,
  0x0000,0x0000,0x2035,0x2037,0x0000,0x0003,0x2839,0x2033,0x0000,0x0000,0x0000,0x102a,0x283b,0x102a,0x0000,0x0001,
  0x0003,0x0000,0x0000,0x0002,0x0002,0x0000,0x0000,0x0000,0x0000,0x0000,0x0000,0x0000,0x0000,0x0000,0x0000,0x0000,
  0x1830,0x283a,0x2819,0x2838,0x0003,0x0000,0x0000,0x0000,0x0000,0x0000,0x0000,0x0000,0x0000,0x102b,0x283a,0x1029,
  0x0000,0x182f,0x283a,0x0804,0x0000,0x2035,0x2036,0x0001,0x0000,0x0000,0x0000,0x0000,0x0000,0x0000,0x0000,0x0000,
  0x0000,0x0000,0x0000,0x0000,0x0000,0x0000,0x0000,0x0000,0x2839,0x2036,0x0002,0x0000,0x0000,0x0000,0x0000,0x0828,
  0x283b,0x182d,0x0000,0x0000,0x0000,0x0000,0x0000,0x0002,0x0003,0x0000,0x0000,0x0000,0x0000,0x0000,0x0000,0x0000,
  0x0000,0x0000,0x0000,0x0000,0x0001,0x0002,0x0000,0x0000,0x0000,0x0000,0x0000,0x0000,0x0000,0x0000,0x0000,0x0000,
  0x0000,0x0827,0x283a,0x182e,0x0000,0x0000,0x0000,0x0000,0x0000,0x0000,0x0000,0x0000,0x0000,0x0000,0x0002,0x2838,
  0x1832,0x0000,0x0827,0x283b,0x102d,0x0000,0x102c,0x283a,0x2839,0x2839,0x0805,0x0000,0x0000,0x0000,0x0000,0x0000,
  0x0000,0x0000,0x0000,0x0000,0x0003,0x0001,0x0000,0x0000,0x0000,0x0000,0x0000,0x0000,0x0000,0x2035,0x2036,0x0001,
  0x0000,0x0000,0x0000,0x0002,0x0001,0x0000,0x0000,0x0000,0x0001,0x0003,0x0001,0x0000,0x0000,0x0000,0x2035,0x2837,
  0x0001,0x0023,0x2838,0x2032,0x0000,0x0000,0x0000,0x102a,0x283a,0x102a,0x0000,0x0000,0x0000,0x0000,0x0000,0x0000,
  0x0000,0x0000,0x0000,0x0000,0x0000,0x0003,0x0002,0x0000,0x0000,0x0000,0x0000,0x0000,0x1830,0x283a,0x283a,0x2838,
  0x0003,0x0000,0x0000,0x0000,0x0000,0x0000,0x0000,0x0000,0x0000,0x102b,0x283b,0x1029,0x0000,0x1810,0x283b,0x0804,
  0x0000,0x2035,0x2037,0x0001,0x0000,0x0000,0x0000,0x0000,0x0000,0x0000,0x0000,0x0000,0x0000,0x0000,0x0000,0x0000,
  0x0000,0x0000,0x0000,0x0000,0x0000,0x0000,0x0000,0x0000,0x0000,0x0000,0x0000,0x0000,0x0001,0x0000,0x0000,0x0000,
  0x0000,0x0000,0x0000,0x2033,0x301c,0x0004,0x0000,0x0000,0x0000,0x0000,0x0000,0x0000,0x0000,0x0000,0x0000,0x0000,
  0x182e,0x303d,0x0828,0x0000,0x0000,0x0000,0x0000,0x0000,0x0000,0x0000,0x0000,0x0000,0x0000,0x0000,0x0001,0x0000,
  0x0000,0x0000,0x0000,0x0000,0x0000,0x0000,0x0000,0x0000,0x0000,0x0000,0x0000,0x0001,0x0000,0x0000,0x0000,0x0001,
  0x0000,0x0000,0x0000,0x0000,0x0000,0x0000,0x0000,0x0000,0x0000,0x0000,0x0000,0x0000,0x0000,0x0000,0x0000,0x0807,
  0x303e,0x182f,0x0000,0x0000,0x0000,0x0000,0x0000,0x0000,0x0000,0x0000,0x0000,0x0000,0x0000,0x0000,0x0826,0x303d,
  0x1831,0x0000,0x0000,0x0000,0x182f,0x303e,0x0828,0x0000,0x0000,0x0000,0x0001,0x0001,0x0000,0x0000,0x0000,0x0000,
  0x0000,0x0000,0x0000,0x0000,0x0001,0x0000,0x0000,0x0000,0x0000,0x0000,0x0000,0x0000,0x0000,0x0000,0x0000,0x0000,
  0x0805,0x303d,0x2032,0x0000,0x0000,0x0000,0x0000,0x0000,0x0000,0x0001,0x0001,0x0001,0x0000,0x0000,0x0000,0x0000,
  0x0000,0x0000,0x0000,0x0000,0x0000,0x0000,0x0001,0x0000,0x0000,0x0001,0x0001,0x0000,0x0000,0x0001,0x0001,0x0000,
  0x0000,0x0000,0x0000,0x0000,0x0000,0x0000,0x0000,0x0000,0x0000,0x0000,0x0000,0x0000,0x0000,0x0000,0x0000,0x0000,
  0x0000,0x0000,0x0000,0x0000,0x0000,0x0000,0x0000,0x0000,0x0000,0x0000,0x0000,0x0002,0x0805,0x0001,0x0000,0x182f,
  0x2036,0x0003,0x0000,0x0000,0x0000,0x0000,0x0000,0x0000,0x0000,0x0000,0x0000,0x0000,0x102b,0x2838,0x0827,0x0000,
  0x0000,0x0000,0x0000,0x0000,0x0000,0x0000,0x0000,0x0000,0x0000,0x0000,0x0000,0x0000,0x0000,0x0000,0x0000,0x0000,
  0x0000,0x0000,0x0000,0x0000,0x0000,0x0000,0x0000,0x0000,0x0000,0x0000,0x0000,0x0000,0x0000,0x0000,0x0000,0x0000,
  0x0000,0x0000,0x0000,0x0000,0x0000,0x0000,0x0000,0x0000,0x0000,0x0000,0x0000,0x0806,0x2839,0x182f,0x0806,0x0002,
  0x0000,0x0000,0x0000,0x0000,0x0000,0x0000,0x0000,0x0000,0x0000,0x0000,0x0825,0x2036,0x182d,0x0000,0x0000,0x0000,
  0x100b,0x2837,0x0826,0x0000,0x0000,0x0000,0x0000,0x0000,0x0000,0x0000,0x0000,0x0001,0x0806,0x0003,0x0000,0x0000,
  0x0000,0x0000,0x0000,0x0000,0x0000,0x0000,0x0000,0x0000,0x0000,0x0000,0x0000,0x0000,0x0804,0x2838,0x1831,0x0806,
  0x0003,0x0000,0x0000,0x0000,0x0000,0x0000,0x0000,0x0000,0x0000,0x0000,0x0000,0x0000,0x0000,0x0000,0x0000,0x0000,
  0x0000,0x0000,0x0000,0x0000,0x0000,0x0000,0x0000,0x0000,0x0000,0x0000,0x0000,0x0000,0x0001,0x0806,0x0804,0x0000,
  0x0001,0x0826,0x0002,0x0000,0x0000,0x0000,0x0000,0x0000,0x0000,0x0000,0x0000,0x0000,0x0000,0x0000,0x0000,0x0000,
  0x0000,0x0000,0x0000,0x0000,0x0000,0x0000,0x0000,0x182e,0x303f,0x1009,0x0000,0x0000,0x0000,0x0000,0x0000,0x0000,
  0x0000,0x0000,0x0000,0x0000,0x0000,0x0000,0x0000,0x0000,0x0000,0x0000,0x0000,0x0000,0x0000,0x0000,0x0000,0x0000,
  0x0000,0x0000,0x0000,0x0000,0x0000,0x0000,0x0000,0x0000,0x0000,0x0000,0x0000,0x0000,0x0000,0x0000,0x0000,0x0000,
  0x0000,0x0000,0x0000,0x0000,0x0000,0x0000,0x0000,0x0000,0x0000,0x0000,0x0000,0x0000,0x0000,0x0000,0x0000,0x0000,
  0x0000,0x0000,0x0000,0x0000,0x0000,0x0000,0x0000,0x0000,0x0000,0x182d,0x303f,0x100c,0x0000,0x0000,0x0000,0x0000,
  0x0000,0x0000,0x0000,0x0000,0x0000,0x0000,0x0000,0x0000,0x0000,0x0000,0x0000,0x0000,0x0000,0x0000,0x0000,0x0000,
  0x0000,0x0000,0x0000,0x0000,0x0000,0x0000,0x0000,0x0805,0x303f,0x1832,0x0000,0x0000,0x0000,0x0000,0x0000,0x0000,
  0x0000,0x0000,0x0000,0x0000,0x0000,0x0000,0x0000,0x0000,0x0000,0x0000,0x102b,0x303f,0x180e,0x0000,0x0000,0x0000,
  0x0000,0x0000,0x0000,0x0000,0x0000,0x0000,0x0000,0x0000,0x0000,0x0000,0x0000,0x0000,0x0000,0x0000,0x0000,0x0000,
  0x0000,0x0000,0x0000,0x0000,0x0000,0x0000,0x0000,0x0000,0x0823,0x303e,0x2035,0x0000,0x1009,0x303f,0x182e,0x0000,
  0x0000,0x0000,0x0000,0x0000,0x0000,0x0000,0x0000,0x0000,0x0000,0x0000,0x0000,0x0000,0x0000,0x0000,0x0000,0x0000,
  0x0000,0x0000,0x0000,0x102a,0x2035,0x0806,0x0000,0x0000,0x0000,0x0000,0x0000,0x0000,0x0000,0x0000,0x0000,0x0000,
  0x0000,0x0000,0x0000,0x0000,0x0003,0x0808,0x0002,0x0000,0x0000,0x0000,0x0805,0x0806,0x0000,0x0000,0x0000,0x0000,
  0x0000,0x0000,0x0000,0x0000,0x0000,0x0000,0x0000,0x0000,0x0000,0x0000,0x0000,0x0000,0x0000,0x0000,0x0000,0x0000,
  0x0000,0x0000,0x0002,0x0807,0x0803,0x0000,0x0000,0x0000,0x0000,0x0000,0x0000,0x0000,0x0000,0x0000,0x0000,0x0000,
  0x0000,0x0000,0x0000,0x0000,0x0000,0x1028,0x2034,0x0807,0x0000,0x0000,0x0000,0x0000,0x0000,0x0000,0x0000,0x0000,
  0x0000,0x0000,0x0000,0x0000,0x0000,0x0000,0x0000,0x0000,0x0000,0x0000,0x0000,0x0000,0x0000,0x0000,0x0806,0x0806,
  0x0000,0x0000,0x0000,0x0003,0x2034,0x102c,0x0000,0x0000,0x0000,0x0000,0x0000,0x0000,0x0000,0x0000,0x0000,0x0000,
  0x0000,0x0000,0x0000,0x0000,0x0000,0x0000,0x0826,0x2034,0x1009,0x0000,0x0000,0x0000,0x0000,0x0000,0x0000,0x0000,
  0x0000,0x0000,0x0807,0x0806,0x0000,0x0000,0x0000,0x0000,0x0000,0x0000,0x0000,0x0000,0x0000,0x0805,0x1009,0x0001,
  0x0000,0x0000,0x0000,0x0000,0x0002,0x2032,0x182d,0x0000,0x0805,0x2034,0x1009,0x0000,0x0000,0x0000,0x0000,0x0000,
  0x0000,0x0000,0x0000,0x0000,0x0000,0x0000,0x0000,0x0000,0x0000,0x0000,0x0000,0x0000,0x0000,0x0000,0x0000,0x0000,
  0x0000,0x0000,0x0000,0x0000,0x0000,0x0000,0x0000,0x0000,0x0000,0x0000,0x0000,0x0000,0x0000,0x0000,0x0000,0x0000,
  0x182f,0x303f,0x102a,0x0000,0x0000,0x0000,0x2838,0x283b,0x0002,0x0000,0x0000,0x0000,0x0000,0x0000,0x0000,0x0000,
  0x0000,0x0000,0x0000,0x0000,0x0000,0x0000,0x0000,0x0000,0x0000,0x0000,0x0000,0x0000,0x0000,0x0000,0x102a,0x303f,
  0x1830,0x0000,0x0000,0x0000,0x0000,0x0000,0x0000,0x0000,0x0000,0x0000,0x0000,0x0000,0x0000,0x0000,0x0000,0x0000,
  0x0000,0x0000,0x0000,0x0000,0x0000,0x0000,0x0000,0x0000,0x0000,0x0000,0x0000,0x0000,0x0000,0x0000,0x0000,0x0000,
  0x0000,0x0000,0x0000,0x0000,0x0000,0x0000,0x0000,0x0000,0x0000,0x0000,0x2839,0x283c,0x0002,0x0000,0x0000,0x0000,
  0x0000,0x0000,0x0000,0x0000,0x0000,0x0000,0x0000,0x0000,0x0000,0x0000,0x0000,0x0000,0x0000,0x0000,0x0000,0x0000,
  0x0000,0x0000,0x0000,0x0000,0x0000,0x0000,0x0000,0x0000,0x0000,0x0000,0x0000,0x0000,0x0000,0x0002,0x303c,0x2839,
  0x0000,0x0000,0x0000,0x0000,0x0000,0x0000,0x0000,0x0000,0x0000,0x2013,0x303f,0x0825,0x0000,0x0000,0x0000,0x0000,
  0x0000,0x0000,0x0000,0x0000,0x0000,0x0000,0x0000,0x0000,0x0000,0x0000,0x0000,0x0000,0x0000,0x0000,0x0000,0x0000,
  0x0000,0x0000,0x0000,0x0000,0x0000,0x0000,0x0000,0x0000,0x0000,0x0000,0x0000,0x0000,0x0000,0x0000,0x0000,0x0000,
  0x0000,0x0000,0x0000,0x0000,0x0000,0x0000,0x0000,0x0000,0x0000,0x0000,0x0000,0x0000,0x0828,0x1831,0x0825,0x0000,
  0x0000,0x0000,0x2818,0x283b,0x0002,0x0000,0x0000,0x0000,0x0000,0x0000,0x0000,0x0000,0x0000,0x0000,0x0000,0x0000,
  0x0000,0x0000,0x0000,0x0000,0x0000,0x0000,0x0000,0x0000,0x0000,0x0000,0x0825,0x1831,0x0828,0x0000,0x0000,0x0000,
  0x0000,0x0000,0x0000,0x0000,0x0000,0x0000,0x0000,0x0000,0x0000,0x0000,0x0000,0x0000,0x0000,0x0804,0x102b,0x0804,
  0x0000,0x0000,0x0000,0x0000,0x0000,0x0000,0x0000,0x0000,0x0000,0x0000,0x0000,0x0000,0x0000,0x0000,0x0000,0x0000,
  0x0000,0x0000,0x0000,0x0000,0x0000,0x0000,0x182d,0x182f,0x0001,0x0000,0x0000,0x0000,0x0000,0x0000,0x0000,0x0000,
  0x0000,0x0000,0x0000,0x0000,0x0000,0x0000,0x0000,0x0000,0x0001,0x102a,0x0829,0x0000,0x0000,0x0000,0x0000,0x0000,
  0x0000,0x0000,0x0000,0x0000,0x0827,0x102c,0x0002,0x0000,0x0000,0x0001,0x182f,0x182d,0x0000,0x0000,0x0000,0x0000,
  0x0000,0x0000,0x0000,0x0000,0x0000,0x1009,0x1830,0x0023,0x0000,0x0000,0x0000,0x0000,0x0000,0x0000,0x0000,0x0000,
  0x0000,0x0000,0x0000,0x0000,0x0000,0x0000,0x0000,0x0000,0x0000,0x0000,0x0000,0x0000,0x0000,0x0000,0x0000,0x0000,
  0x0000,0x0000,0x0000,0x0000,0x0000,0x0000,0x0000,0x0000,0x0000,0x0000,0x0000,0x0000,0x0000,0x0000,0x0000,0x0000,
  0x0000,0x0000,0x0000,0x0000,0x0000,0x0000,0x0000,0x0000,0x0000,0x0000,0x0000,0x0000,0x0000,0x0000,0x2839,0x283c,
  0x0002,0x0000,0x0000,0x0000,0x0000,0x0000,0x0000,0x0000,0x0000,0x0000,0x0000,0x0000,0x0000,0x0000,0x0000,0x0000,
  0x0000,0x0000,0x0000,0x0000,0x0000,0x0000,0x0000,0x0000,0x0000,0x0000,0x0000,0x0000,0x0000,0x0000,0x0000,0x0000,
  0x0000,0x0000,0x0000,0x0000,0x0000,0x0000,0x0000,0x0000,0x0000,0x182e,0x383f,0x100c,0x0000,0x0000,0x0000,0x0000,
  0x0000,0x0000,0x0000,0x0000,0x0000,0x0000,0x0000,0x0000,0x0000,0x0000,0x0000,0x0000,0x0000,0x0000,0x0000,0x0000,
  0x0000,0x0000,0x0000,0x0000,0x0000,0x0000,0x0000,0x0000,0x0000,0x0000,0x0000,0x0000,0x0000,0x0000,0x0000,0x0000,
  0x0000,0x0000,0x0000,0x0000,0x0002,0x303d,0x2839,0x0000,0x0000,0x0000,0x0000,0x0000,0x0000,0x0000,0x0000,0x0000,
  0x2032,0x303f,0x0826,0x0000,0x0000,0x0000,0x0000,0x0000,0x0000,0x0000,0x0000,0x0000,0x0000,0x0000,0x0000,0x0000,
  0x0000,0x0000,0x0000,0x0000,0x0000,0x0000,0x0000,0x0000,0x0000,0x0000,0x0000,0x0000,0x0000,0x0000,0x0000,0x0000,
  0x0000,0x0000,0x0000,0x0000,0x0000,0x0000,0x0000,0x0000,0x0000,0x0000,0x0000,0x0000,0x0000,0x0000,0x0000,0x0000,
  0x0000,0x0000,0x0000,0x0000,0x0000,0x0000,0x0000,0x0000,0x0000,0x0000,0x0000,0x0000,0x0000,0x0000,0x0000,0x0000,
  0x0000,0x0000,0x0000,0x0000,0x0000,0x0000,0x0000,0x0000,0x0000,0x0000,0x102a,0x102b,0x0001,0x0001,0x182d,0x102a,
  0x0000,0x0000,0x0000,0x0000,0x0000,0x0000,0x0000,0x0000,0x0000,0x0000,0x0000,0x0000,0x0000,0x0000,0x0000,0x0000,
  0x0000,0x0000,0x0000,0x0000,0x0000,0x0000,0x0000,0x0000,0x0000,0x0000,0x0000,0x0000,0x0000,0x0000,0x0000,0x0000,
  0x0000,0x0000,0x0000,0x0000,0x0000,0x0825,0x182d,0x0805,0x0000,0x1028,0x182e,0x0003,0x0000,0x0000,0x0000,0x0000,
  0x0000,0x0000,0x0000,0x0000,0x0000,0x0000,0x0000,0x0000,0x0000,0x0000,0x0000,0x0000,0x0000,0x0000,0x0000,0x0000,
  0x0000,0x0000,0x0000,0x0000,0x0000,0x0000,0x0000,0x0000,0x0000,0x0000,0x0000,0x0000,0x0000,0x0000,0x0000,0x0000,
  0x0001,0x102b,0x102a,0x0000,0x0000,0x0000,0x0824,0x182f,0x0807,0x0000,0x0000,0x0000,0x1832,0x301e,0x0806,0x0000,
  0x0000,0x0000,0x0000,0x0000,0x0000,0x0000,0x0000,0x0000,0x0000,0x0000,0x0000,0x0000,0x0000,0x0000,0x0000,0x0000,
  0x0000,0x0000,0x0000,0x0000,0x0000,0x0000,0x0000,0x0000,0x0000,0x0000,0x0000,0x0000,0x0000,0x0000,0x0000,0x0000,
  0x0000,0x0000,0x0000,0x0000,0x0000,0x0000,0x0000,0x0000,0x0000,0x0000,0x0000,0x0000,0x0000,0x0000,0x0000,0x0000,
  0x0000,0x0000,0x0000,0x0000,0x0000,0x0000,0x0000,0x0000,0x0000,0x0000,0x0000,0x0000,0x0000,0x0000,0x0000,0x0000,
  0x0000,0x0000,0x0000,0x0000,0x0000,0x0000,0x0000,0x0000,0x0000,0x0003,0x301e,0x2838,0x0000,0x0000,0x0000,0x0000,
  0x0000,0x0000,0x0000,0x0000,0x0000,0x0000,0x0000,0x0000,0x0000,0x0000,0x0000,0x0000,0x0000,0x0000,0x0000,0x0000,
  0x0000,0x0000,0x0000,0x0000,0x0000,0x0000,0x0000,0x0000,0x0000,0x0000,0x0000,0x0000,0x0000,0x0000,0x0000,0x0000,
  0x0000,0x0000,0x0000,0x0000,0x0000,0x2033,0x303f,0x0807,0x0000,0x0000,0x0000,0x0000,0x0000,0x0000,0x0000,0x0000,
  0x0000,0x0000,0x0000,0x0000,0x0000,0x0000,0x0000,0x0000,0x0000,0x0000,0x0000,0x0000,0x0000,0x0000,0x0000,0x0000,
  0x0000,0x0000,0x0000,0x0000,0x0000,0x0000,0x0000,0x0000,0x0000,0x0000,0x0000,0x0000,0x0000,0x0000,0x0000,0x0000,
  0x0000,0x0000,0x102a,0x383f,0x180f,0x0000,0x0000,0x0000,0x1832,0x303f,0x0806,0x0000,0x0000,0x0000,0x0000,0x0000,
  0x0000,0x0000,0x0000,0x0000,0x0000,0x0000,0x0000,0x0000,0x0000,0x0000,0x0000,0x0000,0x0000,0x0000,0x0000,0x0000,
  0x0000,0x0000,0x0000,0x0000,0x0000,0x0000,0x0000,0x0000,0x0000,0x0000,0x0000,0x0000,0x0000,0x0000,0x0000,0x0000,
  0x0000,0x0000,0x0000,0x0000,0x0000,0x0000,0x0000,0x0000,0x0000,0x0000,0x0000,0x0000,0x0000,0x0000,0x0000,0x0000,
  0x0000,0x0000,0x0000,0x0000,0x0000,0x0000,0x0000,0x0000,0x0000,0x0000,0x0000,0x0000,0x0000,0x0000,0x0000,0x0000,
  0x0000,0x0000,0x0000,0x0000,0x0000,0x0001,0x1028,0x0827,0x0000,0x0000,0x0000,0x0000,0x0000,0x1029,0x1832,0x1832,
  0x1831,0x0003,0x0000,0x0000,0x0000,0x0000,0x0000,0x0000,0x0000,0x0000,0x0000,0x0000,0x0000,0x0000,0x0000,0x0000,
  0x0000,0x0000,0x0000,0x0000,0x0000,0x0000,0x0000,0x0000,0x0000,0x0000,0x0000,0x0000,0x0000,0x0000,0x0000,0x0000,
  0x0000,0x0826,0x102a,0x0002,0x0000,0x0000,0x0000,0x0000,0x0000,0x0000,0x0000,0x0000,0x0000,0x0000,0x0000,0x0000,
  0x0000,0x0000,0x0000,0x0000,0x0000,0x0000,0x0000,0x0000,0x0000,0x0000,0x0000,0x0000,0x0000,0x0000,0x0000,0x0000,
  0x0000,0x0000,0x0000,0x0000,0x0000,0x0000,0x0000,0x0000,0x0000,0x0000,0x0000,0x0000,0x0000,0x0000,0x0003,0x102a,
  0x0804,0x0000,0x0000,0x0000,0x0826,0x1029,0x0002,0x0000,0x0000,0x0000,0x0000,0x0000,0x0000,0x0000,0x0000,0x0000,
  0x0000,0x0000,0x0000,0x0000,0x0000,0x0000,0x0000,0x0000,0x0000,0x0000,0x0000,0x0000,0x0000,0x0000,0x0000,0x0000,
  0x0000,0x0000,0x0000,0x0000,0x0000,0x0000,0x0000,0x0000,0x0000,0x0000,0x0000,0x0000,0x0000,0x0000,0x0000,0x0000,
  0x0000,0x0000,0x0000,0x0000,0x0000,0x0000,0x0000,0x0000,0x0000,0x0000,0x0000,0x0000,0x0000,0x0000,0x0000,0x0000,
  0x0000,0x0000,0x0000,0x0000,0x0000,0x0000,0x0000,0x0000,0x0000,0x0000,0x0000,0x0000,0x0000,0x0000,0x0000,0x0000,
  0x0000,0x0000,0x0000,0x0000,0x0000,0x0000,0x0000,0x0000,0x0000,0x182f,0x303f,0x301f,0x303e,0x0826,0x0000,0x0000,
  0x0000,0x0000,0x0000,0x0000,0x0000,0x0000,0x0000,0x0000,0x0000,0x0000,0x0000,0x0000,0x0000,0x0000,0x0000,0x0000,
  0x0000,0x0000,0x0000,0x0000,0x0000,0x0000,0x0000,0x0000,0x0000,0x0000,0x0000,0x0000,0x0000,0x0000,0x0000,0x0000,
  0x0000,0x0000,0x0000,0x0000,0x0000,0x0000,0x0000,0x0000,0x0000,0x0000,0x0000,0x0000,0x0000,0x0000,0x0000,0x0000,
  0x0000,0x0000,0x0000,0x0000,0x0000,0x0000,0x0000,0x0000,0x0000,0x0000,0x0000,0x0000,0x0000,0x0000,0x0000,0x0000,
  0x0000,0x0000,0x0000,0x0000,0x0000,0x0000,0x0000,0x0000,0x0000,0x0000,0x0000,0x0000,0x0000,0x0000,0x0000,0x0000,
  0x0000,0x0000,0x0000,0x0000,0x0000,0x0000,0x0000,0x0000,0x0000,0x0000,0x0000,0x0000,0x0000,0x0000,0x0000,0x0000,
  0x0000,0x0000,0x0000,0x0000,0x0000,0x0000,0x0000,0x0000,0x0000,0x0000,0x0000,0x0000,0x0000,0x0000,0x0000,0x0000,
  0x0000,0x0000,0x0000,0x0000,0x0000,0x0000,0x0000,0x0000,0x0000,0x0000,0x0000,0x0000,0x0000,0x0000,0x0000,0x0000,
  0x0000,0x0000,0x0000,0x0000,0x0000,0x182d,0x2035,0x0805,0x0000,0x0000,0x0000,0x0000,0x0023,0x2035,0x182f,0x0000,
  0x0000,0x0000,0x0000,0x0000,0x0000,0x0000,0x0000,0x0000,0x0000,0x0000,0x0000,0x0000,0x0000,0x0000,0x0000,0x0000,
  0x0000,0x0000,0x0000,0x0000,0x0000,0x0003,0x0807,0x0807,0x0826,0x0001,0x0000,0x0000,0x0000,0x0000,0x0000,0x0000,
  0x0000,0x0000,0x0000,0x0000,0x0000,0x0000,0x0000,0x0000,0x0000,0x0000,0x0000,0x0000,0x0000,0x0000,0x0000,0x0000,
  0x0000,0x0000,0x0000,0x0000,0x0000,0x0000,0x0000,0x0000,0x0000,0x0000,0x0000,0x0000,0x0000,0x0000,0x0000,0x0000,
  0x0000,0x0000,0x0000,0x0000,0x0000,0x0000,0x0000,0x0000,0x0000,0x0000,0x0000,0x0000,0x0000,0x0000,0x0000,0x0000,
  0x0000,0x0000,0x0000,0x0000,0x0000,0x0000,0x0000,0x0000,0x0000,0x0000,0x0000,0x0000,0x0000,0x0000,0x0000,0x0000,
  0x0000,0x0000,0x0000,0x0000,0x0804,0x2037,0x102d,0x0000,0x0000,0x0000,0x0000,0x0000,0x0000,0x0000,0x0000,0x0000,
  0x0000,0x0000,0x0000,0x0000,0x0000,0x0000,0x0000,0x0000,0x0000,0x0000,0x0000,0x0000,0x0000,0x0000,0x0000,0x0000,
  0x0000,0x0000,0x0000,0x0000,0x0000,0x0000,0x0000,0x0000,0x0000,0x0000,0x0000,0x0000,0x0000,0x0000,0x0000,0x0000,
  0x0000,0x0000,0x0000,0x0000,0x0000,0x0000,0x0000,0x0000,0x0000,0x0000,0x0000,0x0000,0x0000,0x0000,0x0000,0x0000,
  0x0000,0x1832,0x303e,0x0826,0x0000,0x0000,0x0000,0x0000,0x0023,0x303c,0x2035,0x0000,0x0000,0x0000,0x0000,0x0000,
  0x0000,0x0000,0x0000,0x0000,0x0000,0x0000,0x0000,0x0000,0x0000,0x0000,0x0000,0x0000,0x0000,0x0000,0x0000,0x0000,
  0x0000,0x0000,0x0000,0x0000,0x0000,0x0000,0x0000,0x0000,0x0000,0x0000,0x0000,0x0000,0x0000,0x0000,0x0000,0x0001,
  0x0000,0x0000,0x0000,0x0000,0x0000,0x0000,0x0000,0x0000,0x0000,0x0000,0x0000,0x0000,0x0000,0x0000,0x0000,0x0000,
  0x0000,0x0000,0x0000,0x0000,0x0000,0x0000,0x0000,0x0000,0x0000,0x0000,0x0000,0x0000,0x0000,0x0000,0x0000,0x0000,
  0x0000,0x0000,0x0000,0x0000,0x0000,0x0000,0x0000,0x0000,0x0000,0x0000,0x0000,0x0000,0x0000,0x0000,0x0000,0x0000,
  0x0000,0x0000,0x0000,0x0000,0x0000,0x0000,0x0000,0x0000,0x0000,0x0000,0x0000,0x0000,0x0000,0x0000,0x0000,0x0000,
  0x0826,0x303e,0x1831,0x0000,0x0000,0x0000,0x0000,0x0000,0x0000,0x0000,0x0000,0x0000,0x0000,0x0000,0x0000,0x0000,
  0x0000,0x0000,0x0000,0x0000,0x0000,0x0000,0x0000,0x0000,0x0000,0x0000,0x0000,0x0000,0x0000,0x0000,0x0000,0x0000,
  0x0000,0x0000,0x0000,0x0000,0x0000,0x0000,0x0000,0x0000,0x0000,0x0000,0x0000,0x0000,0x0000,0x0000,0x0000,0x0000,
  0x0000,0x0000,0x0000,0x0000,0x0000,0x0000,0x0000,0x0000,0x0000,0x0000,0x0000,0x0000,0x0000,0x0002,0x0003,0x0000,
  0x0000,0x0000,0x0000,0x0000,0x0000,0x0003,0x0002,0x0000,0x0000,0x0000,0x0000,0x0000,0x0000,0x0000,0x0000,0x0000,
  0x0000,0x0000,0x0000,0x0000,0x0000,0x0000,0x0000,0x0000,0x0000,0x0000,0x0000,0x0000,0x0000,0x0000,0x0000,0x0000,
  0x0000,0x0000,0x0000,0x0000,0x0000,0x0000,0x0000,0x0000,0x0000,0x0000,0x0827,0x283a,0x102c,0x0000,0x0000,0x0000,
  0x0000,0x0000,0x0000,0x0000,0x0000,0x0000,0x0000,0x0000,0x0000,0x0000,0x0000,0x0000,0x0000,0x0000,0x0000,0x0000,
  0x0000,0x0000,0x0000,0x0000,0x0000,0x0000,0x0000,0x0000,0x0000,0x0000,0x0000,0x0000,0x0000,0x0000,0x0000,0x0000,
  0x0000,0x0000,0x0000,0x0000,0x0000,0x0000,0x0000,0x0000,0x0000,0x0000,0x0000,0x0000,0x0000,0x0000,0x0000,0x0000,
  0x0000,0x0000,0x0000,0x0000,0x0000,0x0000,0x0000,0x0000,0x0000,0x0000,0x0000,0x0000,0x0000,0x0803,0x0002,0x0000,
  0x0000,0x0000,0x0000,0x0000,0x0000,0x0000,0x0000,0x0000,0x0000,0x0000,0x0000,0x0000,0x0000,0x0000,0x0000,0x0000,
  0x0000,0x0000,0x0000,0x0000,0x0000,0x0000,0x0000,0x0000,0x0000,0x0000,0x0000,0x0000,0x0000,0x0000,0x0000,0x0000,
  0x0000,0x0000,0x0000,0x0000,0x0000,0x0000,0x0000,0x0000,0x0000,0x0000,0x0000,0x0000,0x0000,0x0000,0x0000,0x0000,
  0x0000,0x0000,0x0000,0x0000,0x0000,0x0000,0x0000,0x0000,0x0000,0x0000,0x0000,0x0000,0x0000,0x0000,0x0000,0x0000,
  0x0000,0x0000,0x0000,0x0000,0x0000,0x0000,0x0000,0x0000,0x0000,0x0000,0x0000,0x0000,0x0000,0x0000,0x0000,0x0000,
  0x0000,0x0000,0x0000,0x0000,0x0000,0x0000,0x0000,0x0000,0x0000,0x0000,0x0000,0x0000,0x0000,0x0000,0x0000,0x0000,
  0x0000,0x0000,0x0000,0x0000,0x0000,0x0000,0x0828,0x303c,0x102d,0x0000,0x0000,0x0000,0x0000,0x0000,0x0000,0x0000,
  0x0000,0x0000,0x0000,0x0000,0x0000,0x0000,0x0000,0x0000,0x0000,0x0000,0x0000,0x0000,0x0000,0x0000,0x0000,0x0000,
  0x0000,0x0000,0x0000,0x0000,0x0000,0x0000,0x0000,0x0000,0x0000,0x0000,0x0000,0x0000,0x0000,0x0000,0x0000,0x0000,
  0x0000,0x0000,0x0000,0x0000,0x0000,0x0000,0x0000,0x0000,0x0000,0x0000,0x0000,0x0000,0x0000,0x0000,0x0000,0x0000,
  0x0000,0x0000,0x0000,0x0000,0x0000,0x0000,0x0000,0x0000,0x0000,0x0000,0x0000,0x0000,0x0000,0x0000,0x0000,0x0000,
  0x0000,0x0000,0x0000,0x0000,0x0000,0x0000,0x0000,0x0000,0x0000,0x0000,0x0000,0x0000,0x0000,0x0000,0x0000,0x0000,
  0x0000,0x0000,0x0000,0x0001,0x0001,0x0000,0x0000,0x0000,0x0000,0x0000,0x0000,0x0000,0x0000,0x0000,0x0000,0x0000,
  0x0000,0x0000,0x0000,0x0000,0x0000,0x0000,0x0000,0x0000,0x0000,0x0000,0x0000,0x0000,0x0000,0x0000,0x0000,0x0000,
  0x0000,0x0000,0x0000,0x0000,0x0000,0x0000,0x0000,0x0000,0x0000,0x0000,0x0000,0x0000,0x0000,0x0000,0x0000,0x0000,
  0x0000,0x0000,0x0000,0x0000,0x0000,0x0000,0x0000,0x0000,0x0000,0x0000,0x0000,0x0000,0x0000,0x0000,0x0000,0x0000,
  0x0000,0x0000,0x0000,0x0000,0x0000,0x0000,0x0000,0x0000,0x0000,0x0000,0x0000,0x0000,0x0000,0x0000,0x0000,0x0000,
  0x0000,0x0000,0x0000,0x0002,0x0001,0x0000,0x0000,0x0000,0x0000,0x0000,0x0000,0x0000,0x0000,0x0000,0x0000,0x0000,
  0x0000,0x0000,0x0000,0x0000,0x0000,0x0000,0x0000,0x0000,0x0000,0x0000,0x0000,0x0000,0x0000,0x0000,0x0000,0x0000,
  0x0000,0x0000,0x0000,0x0000,0x0000,0x0000,0x0000,0x0000,0x0000,0x0000,0x0000,0x0000,0x0000,0x0000,0x0000,0x0000,
  0x0000,0x0000,0x0000,0x0000,0x0000,0x0000,0x0000,0x0000,0x0000,0x0000,0x0000,0x0000,0x0000,0x0000,0x0000,0x0000,
  0x0000,0x0000,0x0000,0x0000,0x0000,0x0000,0x0000,0x0000,0x0000,0x0000,0x0000,0x0000,0x0000,0x0000,0x0000,0x0000,
  0x0000,0x0000,0x0000,0x0000,0x0000,0x0000,0x0000,0x0000,0x0000,0x0000,0x0000,0x0000,0x0000,0x0000,0x0000,0x2033,
  0x283a,0x0004,0x0000,0x0000,0x0000,0x0000,0x0000,0x0000,0x0000,0x0000,0x0000,0x0000,0x0000,0x0000,0x0000,0x0000,
  0x0000,0x0000,0x0000,0x0000,0x0000,0x0000,0x0000,0x0000,0x0000,0x0000,0x0000,0x0000,0x0000,0x0000,0x0000,0x0000,
  0x0000,0x0000,0x0000,0x0000,0x0000,0x0000,0x0000,0x0000,0x0000,0x0000,0x0000,0x0000,0x0000,0x0000,0x0000,0x0000,
  0x0000,0x0000,0x0000,0x0000,0x0000,0x0000,0x0000,0x0000,0x0000,0x0000,0x0000,0x0000,0x0000,0x0000,0x0000,0x0000,
  0x0000,0x0000,0x0000,0x0000,0x0000,0x0000,0x0000,0x0000,0x0000,0x0000,0x0000,0x0000,0x0000,0x0000,0x0000,0x0000,
  0x0000,0x0000,0x0000,0x0000,0x0000,0x0000,0x0000,0x0000,0x0000,0x0000,0x0000,0x0000,0x0000,0x0000,0x0000,0x0000,
  0x0000,0x0000,0x0000,0x0000,0x0000,0x0000,0x0000,0x0000,0x0000,0x0000,0x0000,0x0000,0x0000,0x0000,0x0000,0x0000,
  0x0000,0x0000,0x0000,0x0000,0x0000,0x0000,0x0000,0x0000,0x0000,0x0000,0x0000,0x0000,0x0000,0x0000,0x0000,0x0000,
  0x0000,0x0000,0x0000,0x0000,0x0000,0x0000,0x0000,0x0000,0x0000,0x0000,0x0000,0x0000,0x0000,0x0000,0x0000,0x0000,
  0x0000,0x0000,0x0000,0x0000,0x0000,0x0000,0x0000,0x0000,0x0000,0x0000,0x0000,0x0000,0x0000,0x0000,0x0000,0x0000,
  0x0000,0x0000,0x0000,0x0000,0x0000,0x0000,0x0000,0x0000,0x0000,0x0000,0x0000,0x1831,0x2837,0x0003,0x0000,0x0000,
  0x0000,0x0000,0x0000,0x0000,0x0000,0x0000,0x0000,0x0000,0x0000,0x0000,0x0000,0x0000,0x0000,0x0000,0x0000,0x0000,
  0x0000,0x0000,0x0000,0x0000,0x0000,0x0000,0x0000,0x0000,0x0000,0x0000,0x0000,0x0000,0x0000,0x0000,0x0000,0x0000,
  0x0000,0x0000,0x0000,0x0000,0x0000,0x0000,0x0000,0x0000,0x0000,0x0000,0x0000,0x0000,0x0000,0x0000,0x0000,0x0000,
  0x0000,0x0000,0x0000,0x0000,0x0000,0x0000,0x0000,0x0000,0x0000,0x0000,0x0000,0x0000,0x0000,0x0000,0x0000,0x0000,
  0x0000,0x0000,0x0000,0x0000,0x0000,0x0000,0x0000,0x0000,0x0000,0x0000,0x0000,0x0000,0x0000,0x0000,0x0000,0x0000,
  0x0000,0x0000,0x0000,0x0000,0x0000,0x0000,0x0000,0x0000,0x0000,0x0000,0x0000,0x0000,0x0000,0x0000,0x0000,0x0000,
  0x0000,0x0000,0x0000,0x0000,0x0000,0x0000,0x0000,0x0000,0x0000,0x0000,0x0000,0x0000,0x0000,0x0000,0x0000,0x0000,
  0x0000,0x0000,0x0000,0x0000,0x0000,0x0000,0x0000,0x0000,0x0000,0x0000,0x0000,0x0000,0x0000,0x0000,0x0000,0x0000,
  0x0000,0x0000,0x0000,0x0000,0x0000,0x0000,0x0000,0x0000,0x0000,0x0000,0x0000,0x0000,0x0000,0x0000,0x0000,0x0000,
  0x0000,0x0000,0x0000,0x0000,0x0000,0x0000,0x0000,0x0000,0x0000,0x0000,0x0000,0x0000,0x0000,0x0000,0x0000,0x0000,
  0x0000,0x0000,0x0000,0x0000,0x0000,0x0000,0x0000,0x0000,0x0000,0x0000,0x0000,0x0000,0x0000,0x0000,0x0000,0x0000,
  0x0000,0x0000,0x0000,0x0000,0x0000,0x0000,0x0000,0x0000,0x0000,0x0000,0x0000,0x0000,0x0000,0x0000,0x0000,0x0000,
  0x0000,0x0000,0x0000,0x0000,0x0000,0x0000,0x0000,0x0000,0x0000,0x0000,0x0000,0x0000,0x0000,0x0000,0x0000,0x0000,
  0x0000,0x0000,0x0000,0x0000,0x0000,0x0000,0x0000,0x0000,0x0000,0x0000,0x0000,0x0000,0x0000,0x0000,0x0000,0x0000,
  0x0000,0x0000,0x0000,0x0000,0x0000,0x0000,0x0000,0x0000,0x0000,0x0000,0x0000,0x0000,0x0000,0x0000,0x0000,0x0000,
  0x0000,0x0000,0x0000,0x0000,0x0000,0x0000,0x0000,0x0000,0x0000,0x0000,0x0000,0x0000,0x0000,0x0000,0x0000,0x0000,
  0x0000,0x0000,0x0000,0x0000,0x0000,0x0000,0x0000,0x0000,0x0000,0x0000,0x0000,0x0000,0x0000,0x0000,0x0000,0x0000,
  0x0000,0x0000,0x0000,0x0000,0x0000,0x0000,0x0000,0x0000,0x0000,0x0000,0x0000,0x0000,0x0000,0x0000,0x0000,0x0000,
  0x0000,0x0000,0x0000,0x0000,0x0000,0x0000,0x0000,0x0000,0x0000,0x0000,0x0000,0x0000,0x0000,0x0000,0x0000,0x0000,
  0x0000,0x0000,0x0000,0x0000,0x0000,0x0000,0x0000,0x0000,0x0000,0x0000,0x0000,0x0000,0x0000,0x0000,0x0000,0x0000,
  0x0000,0x0000,0x0000,0x0000,0x0000,0x0000,0x0000,0x0000,0x0000,0x0000,0x0000,0x0000,0x0000,0x0000,0x0000,0x0000,
  0x0000,0x0000,0x0000,0x0000,0x0000,0x0000,0x0000,0x0000,0x0000,0x0000,0x0000,0x0000,0x0000,0x0000,0x0000,0x0000,
  0x0000,0x0000,0x0000,0x0000,0x0000,0x0000,0x0000,0x0000,0x0000,0x0000,0x0000,0x0000,0x0000,0x0000,0x0000,0x0000,
  0x0000,0x0000,0x0000,0x0000,0x0000,0x0000,0x0000,0x0000,0x0000,0x0000,0x0000,0x0000,0x0000,0x0000,0x0000,0x0000,
  0x0000,0x0000,0x0000,0x0000,0x0000,0x0000,0x0000,0x0000,0x0000,0x0000,0x0000,0x0000,0x0000,0x0000,0x0000,0x0000,
  0x0000,0x0000,0x0000,0x0000,0x0000,0x0000,0x0000,0x0000,0x0000,0x0000,0x0000,0x0000,0x0000,0x0000,0x0000,0x0000,
  0x0000,0x0000,0x0000,0x0000,0x0000,0x0000,0x0000,0x0000,0x0000,0x0000,0x0000,0x0000,0x0000,0x0000,0x0000,0x0000,
  0x0000,0x0000,0x0000,0x0000,0x0000,0x0000,0x0000,0x0000,0x0000,0x0000,0x0000,0x0000,0x0000,0x0000,0x0000,0x0000,
  0x0000,0x0000,0x0000,0x0000,0x0000,0x0000,0x0000,0x0000,0x0000,0x0000,0x0000,0x0000,0x0000,0x0000,0x0000,0x0000,
  0x0000,0x0000,0x0000,0x0000,0x0000,0x0000,0x0000,0x0000,0x0000,0x0000,0x0000,0x0000,0x0000,0x0000,0x0000,0x0000,
  0x0000,0x0000,0x0000,0x0000,0x0000,0x0000,0x0000,0x0000,0x0000,0x0000,0x0000,0x0000,0x0000,0x0000,0x0000,0x0000,
  0x0000,0x0000,0x0000,0x0000,0x0000,0x0000,0x0000,0x0000,0x0000,0x0000,0x0000,0x0000,0x0000,0x0000,0x0000,0x0000,
  0x0000,0x0000,0x0000,0x0000,0x0000,0x0000,0x0000,0x0000,0x0000,0x0000,0x0000,0x0000,0x0000,0x0000,0x0000,0x0000,
  0x0000,0x0000,0x0000,0x0000,0x0000,0x0000,0x0000,0x0000,0x0000,0x0000,0x0000,0x0000,0x0000,0x0000,0x0000,0x0000,
  0x0000,0x0000,0x0000,0x0000,0x0000,0x0000,0x0000,0x0000,0x0000,0x0000,0x0000,0x0000,0x0000,0x0000,0x0000,0x0000,
  0x0000,0x0000,0x0000,0x0000,0x0000,0x0000,0x0000,0x0000,0x0000,0x0000,0x0000,0x0000,0x0000,0x0000,0x0000,0x0000,
  0x0000,0x0000,0x0000,0x0000,0x0000,0x0000,0x0000,0x0000,0x0000,0x0000,0x0000,0x0000,0x0000,0x0000,0x0000,0x0000,
  0x0000,0x0000,0x0000,0x0000,0x0000,0x0000,0x0000,0x0000,0x0000,0x0000,0x0000,0x0000,0x0000,0x0000,0x0000,0x0000,
  0x0000,0x0000,0x0000,0x0000,0x0000,0x0000,0x0000,0x0000,0x0000,0x0000,0x0000,0x0000,0x0000,0x0000,0x0000,0x0000,
  0x0000,0x0000,0x0000,0x0000,0x0000,0x0000,0x0000,0x0000,0x0000,0x0000,0x0000,0x0000,0x0000,0x0000,0x0000,0x0000,
  0x0000,0x0000,0x0000,0x0000,0x0000,0x0000,0x0000,0x0000,0x0000,0x0000,0x0000,0x0000,0x0000,0x0000,0x0000,0x0000,
  0x0000,0x0000,0x0000,0x0000,0x0000,0x0000,0x0000,0x0000,0x0000,0x0000,0x0000,0x0000,0x0000,0x0000,0x0000,0x0000,
  0x0000,0x0000,0x0000,0x0000,0x0000,0x0000,0x0000,0x0000,0x0000,0x0000,0x0000,0x0000,0x0000,0x0000,0x0000,0x0000,
  0x0000,0x0000,0x0000,0x0000,0x0000,0x0000,0x0000,0x0000,0x0000,0x0000,0x0000,0x0000,0x0000,0x0000,0x0000,0x0000,
  0x0000,0x0000,0x0000,0x0000,0x0000,0x0000,0x0000,0x0000,0x0000,0x0000,0x0000,0x0000,0x0000,0x0000,0x0000,0x0000,
  0x0000,0x0000,0x0000,0x0000,0x0000,0x0000,0x0000,0x0000,0x0000,0x0000,0x0000,0x0000,0x0000,0x0000,0x0000,0x0000,
  0x0000,0x0000,0x0000,0x0000,0x0000,0x0000,0x0000,0x0000,0x0000,0x0000,0x0000,0x0000,0x0000,0x0000,0x0000,0x0000,
  0x0000,0x0000,0x0000,0x0000,0x0000,0x0000,0x0000,0x0000,0x0000,0x0000,0x0000,0x0000,0x0000,0x0000,0x0000,0x0000,
  0x0000,0x0000,0x0000,0x0000,0x0000,0x0000,0x0000,0x0000,0x0000,0x0000,0x0000,0x0000,0x0000,0x0000,0x0000,0x0000,
  0x0000,0x0000,0x0000,0x0000,0x0000,0x0000,0x0000,0x0000,0x0000,0x0000,0x0000,0x0000,0x0000,0x0000,0x0000,0x0000,
  0x0000,0x0000,0x0000,0x0000,0x0000,0x0000,0x0000,0x0000,0x0000,0x0000,0x0000,0x0000,0x0000,0x0000,0x0000,0x0000,
  0x0000,0x0000,0x0000,0x0000,0x0000,0x0000,0x0000,0x0000,0x0000,0x0000,0x0000,0x0000,0x0000,0x0000,0x0000,0x0000,
  0x0000,0x0000,0x0000,0x0000,0x0000,0x0000,0x0000,0x0000,0x0000,0x0000,0x0000,0x0000,0x0000,0x0000,0x0000,0x0000,
  0x0000,0x0000,0x0000,0x0000,0x0000,0x0000,0x0000,0x0000,0x0000,0x0000,0x0000,0x0000,0x0000,0x0000,0x0000,0x0000,
  0x0000,0x0000,0x0000,0x0000,0x0000,0x0000,0x0000,0x0000,0x0000,0x0000,0x0000,0x0000,0x0000,0x0000,0x0000,0x0000,
  0x0000,0x0000,0x0000,0x0000,0x0000,0x0000,0x0000,0x0000,0x0000,0x0000,0x0000,0x0000,0x0000,0x0000,0x0000,0x0000,
  0x0000,0x0000,0x0000,0x0000,0x0000,0x0000,0x0000,0x0000,0x0000,0x0000,0x0000,0x0000,0x0000,0x0000,0x0000,0x0000,
  0x0000,0x0000,0x0000,0x0000,0x0000,0x0000,0x0000,0x0000,0x0000,0x0000,0x0000,0x0000,0x0000,0x0000,0x0000,0x0000,
  0x0000,0x0000,0x0000,0x0000,0x0000,0x0000,0x0000,0x0000,0x0000,0x0000,0x0000,0x0000,0x0000,0x0000,0x0000,0x0000,
  0x0000,0x0000,0x0000,0x0000,0x0000,0x0000,0x0000,0x0000,0x0000,0x0000,0x0000,0x0000,0x0000,0x0000,0x0000,0x0000,
  0x0000,0x0000,0x0000,0x0000,0x0000,0x0000,0x0000,0x0000,0x0000,0x0000,0x0000,0x0000,0x0000,0x0000,0x0000,0x0000,
  0x0000,0x0000,0x0000,0x0000,0x0000,0x0000,0x0000,0x0000,0x0000,0x0000,0x0000,0x0000,0x0000,0x0000,0x0000,0x0000,
  0x0000,0x0000,0x0000,0x0000,0x0000,0x0000,0x0000,0x0000,0x0000,0x0000,0x0000,0x0000,0x0000,0x0000,0x0000,0x0000,
  0x0000,0x0000,0x0000,0x0000,0x0000,0x0000,0x0000,0x0000,0x0000,0x0000,0x0000,0x0000,0x0000,0x0000,0x0000,0x0000,
  0x0000,0x0000,0x0000,0x0000,0x0000,0x0000,0x0000,0x0000,0x0000,0x0000,0x0000,0x0000,0x0000,0x0000,0x0000,0x0000,
  0x0000,0x0000,0x0000,0x0000,0x0000,0x0000,0x0000,0x0000,0x0000,0x0000,0x0000,0x0000,0x0000,0x0000,0x0000,0x0000,
  0x0000,0x0000,0x0000,0x0000,0x0000,0x0000,0x0000,0x0000,0x0000,0x0000,0x0000,0x0000,0x0000,0x0000,0x0000,0x0000,
  0x0000,0x0000,0x0000,0x0000,0x0000,0x0000,0x0000,0x0000,0x0000,0x0000,0x0000,0x0000,0x0000,0x0000,0x0000,0x0000,
  0x0000,0x0000,0x0000,0x0000,0x0000,0x0000,0x0000,0x0000,0x0000,0x0000,0x0000,0x0000,0x0000,0x0000,0x0000,0x0000,
  0x0000,0x0000,0x0000,0x0000,0x0000,0x0000,0x0000,0x0000,0x0000,0x0000,0x0000,0x0000,0x0000,0x0000,0x0000,0x0000,
  0x0000,0x0000,0x0000,0x0000,0x0000,0x0000,0x0000,0x0000,0x0000,0x0000,0x0000,0x0000,0x0000,0x0000,0x0000,0x0000,
  0x0000,0x0000,0x0000,0x0000,0x0000,0x0000,0x0000,0x0000,0x0000,0x0000,0x0000,0x0000,0x0000,0x0000,0x0000,0x0000,
  0x0000,0x0000,0x0000,0x0000,0x0000,0x0000,0x0000,0x0000,0x0000,0x0000,0x0000,0x0000,0x0000,0x0000,0x0000,0x0000,
  0x0000,0x0000,0x0000,0x0000,0x0000,0x0000,0x0000,0x0000,0x0000,0x0000,0x0000,0x0000,0x0000,0x0000,0x0000,0x0000,
  0x0000,0x0000,0x0000,0x0000,0x0000,0x0000,0x0000,0x0000,0x0000,0x0000,0x0000,0x0000,0x0000,0x0000,0x0000,0x0000,
  0x0000,0x0000,0x0000,0x0000,0x0000,0x0000,0x0000,0x0000,0x0000,0x0000,0x0000,0x0000,0x0000,0x0000,0x0000,0x0000,
  0x0000,0x0000,0x0000,0x0000,0x0000,0x0000,0x0000,0x0000,0x0000,0x0000,0x0000,0x0000,0x0000,0x0000,0x0000,0x0000,
  0x0000,0x0000,0x0000,0x0000,0x0000,0x0000,0x0000,0x0000,0x0000,0x0000,0x0000,0x0000,0x0000,0x0000,0x0000,0x0000,
  0x0000,0x0000,0x0000,0x0000,0x0000,0x0000,0x0000,0x0000,0x0000,0x0000,0x0000,0x0000,0x0000,0x0000,0x0000,0x0000,
  0x0000,0x0000,0x0000,0x0000,0x0000,0x0000,0x0000,0x0000,0x0000,0x0000,0x0000,0x0000,0x0000,0x0000,0x0000,0x0000,
  0x0000,0x0000,0x0000,0x0000,0x0000,0x0000,0x0000,0x0000,0x0000,0x0000,0x0000,0x0000,0x0000,0x0000,0x0000,0x0000,
  0x0000,0x0000,0x0000,0x0000,0x0000,0x0000,0x0000,0x0000,0x0000,0x0000,0x0000,0x0000,0x0000,0x0000,0x0000,0x0000,
  0x0000,0x0000,0x0000,0x0000,0x0000,0x0000,0x0000,0x0000,0x0000,0x0000,0x0000,0x0000,0x0000,0x0000,0x0000,0x0000,
  0x0000,0x0000,0x0000,0x0000,0x0000,0x0000,0x0000,0x0000,0x0000,0x0000,0x0000,0x0000,0x0000,0x0000,0x0000,0x0000,
  0x0000,0x0000,0x0000,0x0000,0x0000,0x0000,0x0000,0x0000,0x0000,0x0000,0x0000,0x0000,0x0000,0x0000,0x0000,0x0000,
  0x0000,0x0000,0x0000,0x0000,0x0000,0x0000,0x0000,0x0000,0x0000,0x0000,0x0000,0x0000,0x0000,0x0000,0x0000,0x0000,
  0x0000,0x0000,0x0000,0x0000,0x0000,0x0000,0x0000,0x0000,0x0000,0x0000,0x0000,0x0000,0x0000,0x0000,0x0000,0x0000,
  0x0000,0x0000,0x0000,0x0000,0x0000,0x0000,0x0000,0x0000,0x0000,0x0000,0x0000,0x0000,0x0000,0x0000,0x0000,0x0000,
  0x0000,0x0000,0x0000,0x0000,0x0000,0x0000,0x0000,0x0000,0x0000,0x0000,0x0000,0x0000,0x0000,0x0000,0x0000,0x0000,
  0x0000,0x0000,0x0000,0x0000,0x0000,0x0000,0x0000,0x0000,0x0000,0x0000,0x0000,0x0000,0x0000,0x0000,0x0000,0x0000,
  0x0000,0x0000,0x0000,0x0000,0x0000,0x0000,0x0000,0x0000,0x0000,0x0000,0x0000,0x0000,0x0000,0x0000,0x0000,0x0000,
  0x0000,0x0000,0x0000,0x0000,0x0000,0x0000,0x0000,0x0000,0x0000,0x0000,0x0000,0x0000,0x0000,0x0000,0x0000,0x0000,
  0x0000,0x0000,0x0000,0x0000,0x0000,0x0000,0x0000,0x0000,0x0000,0x0000,0x0000,0x0000,0x0000,0x0000,0x0000,0x0000,
  0x0000,0x0000,0x0000,0x0000,0x0000,0x0000,0x0000,0x0000,0x0000,0x0000,0x0000,0x0000,0x0000,0x0000,0x0000,0x0000,
  0x0000,0x0000,0x0000,0x0000,0x0000,0x0000,0x0000,0x0000,0x0000,0x0000,0x0000,0x0000,0x0000,0x0000,0x0000,0x0000,
  0x0000,0x0000,0x0000,0x0000,0x0000,0x0000,0x0000,0x0000,0x0000,0x0000,0x0000,0x0000,0x0000,0x0000,0x0000,0x0000,
  0x0000,0x0000,0x0000,0x0000,0x0000,0x0000,0x0000,0x0000,0x0000,0x0000,0x0000,0x0000,0x0000,0x0000,0x0000,0x0000,
  0x0000,0x0000,0x0000,0x0000,0x0000,0x0000,0x0000,0x0000,0x0000,0x0000,0x0000,0x0000,0x0000,0x0000,0x0000,0x0000,
  0x0000,0x0000,0x0000,0x0000,0x0000,0x0000,0x0000,0x0000,0x0000,0x0000,0x0000,0x0000,0x0000,0x0000,0x0000,0x0000,
  0x0000,0x0000,0x0000,0x0000,0x0000,0x0000,0x0000,0x0000,0x0000,0x0000,0x0000,0x0000,0x0000,0x0000,0x0000,0x0000,
  0x0000,0x0000,0x0000,0x0000,0x0000,0x0000,0x0000,0x0000,0x0000,0x0000,0x0000,0x0000,0x0000,0x0000,0x0000,0x0000,
  0x0000,0x0000,0x0000,0x0000,0x0000,0x0000,0x0000,0x0000,0x0000,0x0000,0x0000,0x0000,0x0000,0x0000,0x0000,0x0000,
  0x0000,0x0000,0x0000,0x0000,0x0000,0x0000,0x0000,0x0000,0x0000,0x0000,0x0000,0x0000,0x0000,0x0000,0x0000,0x0000,
  0x0000,0x0000,0x0000,0x0000,0x0000,0x0000,0x0000,0x0000,0x0000,0x0000,0x0000,0x0000,0x0000,0x0000,0x0000,0x0000,
  0x0000,0x0000,0x0000,0x0000,0x0000,0x0000,0x0000,0x0000,0x0000,0x0000,0x0000,0x0000,0x0000,0x0000,0x0000,0x0000,
  0x0000,0x0000,0x0000,0x0000,0x0000,0x0000,0x0000,0x0000,0x0000,0x0000,0x0000,0x0000,0x0000,0x0000,0x0000,0x0000,
  0x0000,0x0000,0x0000,0x0000,0x0000,0x0000,0x0000,0x0000,0x0000,0x0000,0x0000,0x0000,0x0000,0x0000,0x0000,0x0000,
  0x0000,0x0000,0x0000,0x0000,0x0000,0x0000,0x0000,0x0000,0x0000,0x0000,0x0000,0x0000,0x0000,0x0000,0x0000,0x0000,
  0x0000,0x0000,0x0000,0x0000,0x0000,0x0000,0x0000,0x0000,0x0000,0x0000,0x0000,0x0000,0x0000,0x0000,0x0000,0x0000,
  0x0000,0x0000,0x0000,0x0000,0x0000,0x0000,0x0000,0x0000,0x0000,0x0000,0x0000,0x0000,0x0000,0x0000,0x0000,0x0000,
  0x0000,0x0000,0x0000,0x0000,0x0000,0x0000,0x0000,0x0000,0x0000,0x0000,0x0000,0x0000,0x0000,0x0000,0x0000,0x0000,
  0x0000,0x0000,0x0000,0x0000,0x0000,0x0000,0x0000,0x0000,0x0000,0x0000,0x0000,0x0000,0x0000,0x0000,0x0000,0x0000,
  0x0000,0x0000,0x0000,0x0000,0x0000,0x0000,0x0000,0x0000,0x0000,0x0000,0x0000,0x0000,0x0000,0x0000,0x0000,0x0000,
  0x0000,0x0000,0x0000,0x0000,0x0000,0x0000,0x0000,0x0000,0x0000,0x0000,0x0000,0x0000,0x0000,0x0000,0x0000,0x0000,
  0x0000,0x0000,0x0000,0x0000,0x0000,0x0000,0x0000,0x0000,0x0000,0x0000,0x0000,0x0000,0x0000,0x0000,0x0000,0x0000,
  0x0000,0x0000,0x0000,0x0000,0x0000,0x0000,0x0000,0x0000,0x0000,0x0000,0x0000,0x0000,0x0000,0x0000,0x0000,0x0000,
  0x0000,0x0000,0x0000,0x0000,0x0000,0x0000,0x0000,0x0000,0x0000,0x0000,0x0000,0x0000,0x0000,0x0000,0x0000,0x0000,
  0x0000,0x0000,0x0000,0x0000,0x0000,0x0000,0x0000,0x0000,0x0000,0x0000,0x0000,0x0000,0x0000,0x0000,0x0000,0x0000,
  0x0000,0x0000,0x0000,0x0000,0x0000,0x0000,0x0000,0x0000,0x0000,0x0000,0x0000,0x0000,0x0000,0x0000,0x0000,0x0000,
  0x0000,0x0000,0x0000,0x0000,0x0000,0x0000,0x0000,0x0000,0x0000,0x0000,0x0000,0x0000,0x0000,0x0000,0x0000,0x0000,
  0x0000,0x0000,0x0000,0x0000,0x0000,0x0000,0x0000,0x0000,0x0000,0x0000,0x0000,0x0000,0x0000,0x0000,0x0000,0x0000,
  0x0000,0x0000,0x0000,0x0000,0x0000,0x0000,0x0000,0x0000,0x0000,0x0000,0x0000,0x0000,0x0000,0x0000,0x0000,0x0000,
  0x0000,0x0000,0x0000,0x0000,0x0000,0x0000,0x0000,0x0000,0x0000,0x0000,0x0000,0x0000,0x0000,0x0000,0x0000,0x0000,
  0x0000,0x0000,0x0000,0x0000,0x0000,0x0000,0x0000,0x0000,0x0000,0x0000,0x0000,0x0000,0x0000,0x0000,0x0000,0x0000,
  0x0000,0x0000,0x0000,0x0000,0x0000,0x0000,0x0000,0x0000,0x0000,0x0000,0x0000,0x0000,0x0000,0x0000,0x0000,0x0000,
  0x0000,0x0000,0x0000,0x0000,0x0000,0x0000,0x0000,0x0000,0x0000,0x0000,0x0000,0x0000,0x0000,0x0000,0x0000,0x0000,
  0x0000,0x0000,0x0000,0x0000,0x0000,0x0000,0x0000,0x0000,0x0000,0x0000,0x0000,0x0000,0x0000,0x0000,0x0000,0x0000,
  0x0000,0x0000,0x0000,0x0000,0x0000,0x0000,0x0000,0x0000,0x0000,0x0000,0x0000,0x0000,0x0000,0x0000,0x0000,0x0000,
  0x0000,0x0000,0x0000,0x0000,0x0000,0x0000,0x0000,0x0000,0x0000,0x0000,0x0000,0x0000,0x0000,0x0000,0x0000,0x0000,
  0x0000,0x0000,0x0000,0x0000,0x0000,0x0000,0x0000,0x0000,0x0000,0x0000,0x0000,0x0000,0x0000,0x0000,0x0000,0x0000,
  0x0000,0x0000,0x0000,0x0000,0x0000,0x0000,0x0000,0x0000,0x0000,0x0000,0x0000,0x0000,0x0000,0x0000,0x0000,0x0000,
  0x0000,0x0000,0x0000,0x0000,0x0000,0x0000,0x0000,0x0000,0x0000,0x0000,0x0000,0x0000,0x0000,0x0000,0x0000,0x0000,
  0x0000,0x0000,0x0000,0x0000,0x0000,0x0000,0x0000,0x0000,0x0000,0x0000,0x0000,0x0000,0x0000,0x0000,0x0000,0x0000,
  0x0000,0x0000,0x0000,0x0000,0x0000,0x0000,0x0000,0x0000,0x0000,0x0000,0x0000,0x0000,0x0000,0x0000,0x0000,0x0000,
  0x0000,0x0000,0x0000,0x0000,0x0000,0x0000,0x0000,0x0000,0x0000,0x0000,0x0000,0x0000,0x0000,0x0000,0x0000,0x0000,
  0x0000,0x0000,0x0000,0x0000,0x0000,0x0000,0x0000,0x0000,0x0000,0x0000,0x0000,0x0000,0x0000,0x0000,0x0000,0x0000,
  0x0000,0x0000,0x0000,0x0000,0x0000,0x0000,0x0000,0x0000,0x0000,0x0000,0x0000,0x0000,0x0000,0x0000,0x0000,0x0000,
  0x0000,0x0000,0x0000,0x0000,0x0000,0x0000,0x0000,0x0000,0x0000,0x0000,0x0000,0x0000,0x0000,0x0000,0x0000,0x0000,
  0x0000,0x0000,0x0000,0x0000,0x0000,0x0000,0x0000,0x0000,0x0000,0x0000,0x0000,0x0000,0x0000,0x0000,0x0000,0x0000,
  0x0000,0x0000,0x0000,0x0000,0x0000,0x0000,0x0000,0x0000,0x0000,0x0000,0x0000,0x0000,0x0000,0x0000,0x0000,0x0000,
  0x0000,0x0000,0x0000,0x0000,0x0000,0x0000,0x0000,0x0000,0x0000,0x0000,0x0000,0x0000,0x0000,0x0000,0x0000,0x0000,
  0x0000,0x0000,0x0000,0x0000,0x0000,0x0000,0x0000,0x0000,0x0000,0x0000,0x0000,0x0000,0x0000,0x0000,0x0000,0x0000,
  0x0000,0x0000,0x0000,0x0000,0x0000,0x0000,0x0000,0x0000,0x0000,0x0000,0x0000,0x0000,0x0000,0x0000,0x0000,0x0000,
  0x0000,0x0000,0x0000,0x0000,0x0000,0x0000,0x0000,0x0000,0x0000,0x0000,0x0000,0x0000,0x0000,0x0000,0x0000,0x0000,
  0x0000,0x0000,0x0000,0x0000,0x0000,0x0000,0x0000,0x0000,0x0000,0x0000,0x0000,0x0000,0x0000,0x0000,0x0000,0x0000,
  0x0000,0x0000,0x0000,0x0000,0x0000,0x0000,0x0000,0x0000,0x0000,0x0000,0x0000,0x0000,0x0000,0x0000,0x0000,0x0000,
  0x0000,0x0000,0x0000,0x0000,0x0000,0x0000,0x0000,0x0000,0x0000,0x0000,0x0000,0x0000,0x0000,0x0000,0x0000,0x0000,
  0x0000,0x0000,0x0000,0x0000,0x0000,0x0000,0x0000,0x0000,0x0000,0x0000,0x0000,0x0000,0x0000,0x0000,0x0000,0x0000,
  0x0000,0x0000,0x0000,0x0000,0x0000,0x0000,0x0000,0x0000,0x0000,0x0000,0x0000,0x0000,0x0000,0x0000,0x0000,0x0000,
  0x0000,0x0000,0x0000,0x0000,0x0000,0x0000,0x0000,0x0000,0x0000,0x0000,0x0000,0x0000,0x0000,0x0000,0x0000,0x0000,
  0x0000,0x0000,0x0000,0x0000,0x0000,0x0000,0x0000,0x0000,0x0000,0x0000,0x0000,0x0000,0x0000,0x0000,0x0000,0x0000,
  0x0000,0x0000,0x0000,0x0000,0x0000,0x0000,0x0000,0x0000,0x0000,0x0000,0x0000,0x0000,0x0000,0x0000,0x0000,0x0000,
  0x0000,0x0000,0x0000,0x0000,0x0000,0x0000,0x0000,0x0000,0x0000,0x0000,0x0000,0x0000,0x0000,0x0000,0x0000,0x0000,
  0x0000,0x0000,0x0000,0x0000,0x0000,0x0000,0x0000,0x0000,0x0000,0x0000,0x0000,0x0000,0x0000,0x0000,0x0000,0x0000,
  0x0000,0x0000,0x0000,0x0000,0x0000,0x0000,0x0000,0x0000,0x0000,0x0000,0x0000,0x0000,0x0000,0x0000,0x0000,0x0000,
  0x0000,0x0000,0x0000,0x0000,0x0000,0x0000,0x0000,0x0000,0x0000,0x0000,0x0000,0x0000,0x0000,0x0000,0x0000,0x0000,
  0x0000,0x0000,0x0000,0x0000,0x0000,0x0000,0x0000,0x0000,0x0000,0x0000,0x0000,0x0000,0x0000,0x0000,0x0000,0x0000,
  0x0000,0x0000,0x0000,0x0000,0x0000,0x0000,0x0000,0x0000,0x0000,0x0000,0x0000,0x0000,0x0000,0x0000,0x0000,0x0000,
  0x0000,0x0000,0x0000,0x0000,0x0000,0x0000,0x0000,0x0000,0x0000,0x0000,0x0000,0x0000,0x0000,0x0000,0x0000,0x0000,
  0x0000,0x0000,0x0000,0x0000,0x0000,0x0000,0x0000,0x0000,0x0000,0x0000,0x0000,0x0000,0x0000,0x0000,0x0000,0x0000,
  0x0000,0x0000,0x0000,0x0000,0x0000,0x0000,0x0000,0x0000,0x0000,0x0000,0x0000,0x0000,0x0000,0x0000,0x0000,0x0000,
  0x0000,0x0000,0x0000,0x0000,0x0000,0x0000,0x0000,0x0000,0x0000,0x0000,0x0000,0x0000,0x0000,0x0000,0x0000,0x0000,
  0x0000,0x0000,0x0000,0x0000,0x0000,0x0000,0x0000,0x0000,0x0000,0x0000,0x0000,0x0000,0x0000,0x0000,0x0000,0x0000,
  0x0000,0x0000,0x0000,0x0000,0x0000,0x0000,0x0000,0x0000,0x0000,0x0000,0x0000,0x0000,0x0000,0x0000,0x0000,0x0000,
  0x0000,0x0000,0x0000,0x0000,0x0000,0x0000,0x0000,0x0000,0x0000,0x0000,0x0000,0x0000,0x0000,0x0000,0x0000,0x0000,
  0x0000,0x0000,0x0000,0x0000,0x0000,0x0000,0x0000,0x0000,0x0000,0x0000,0x0000,0x0000,0x0000,0x0000,0x0000,0x0000,
  0x0000,0x0000,0x0000,0x0000,0x0000,0x0000,0x0000,0x0000,0x0000,0x0000,0x0000,0x0000,0x0000,0x0000,0x0000,0x0000,
  0x0000,0x0000,0x0000,0x0000,0x0000,0x0000,0x0000,0x0000,0x0000,0x0000,0x0000,0x0000,0x0000,0x0000,0x0000,0x0000,
  0x0000,0x0000,0x0000,0x0000,0x0000,0x0000,0x0000,0x0000,0x0000,0x0000,0x0000,0x0000,0x0000,0x0000,0x0000,0x0000,
  0x0000,0x0000,0x0000,0x0000,0x0000,0x0000,0x0000,0x0000,0x0000,0x0000,0x0000,0x0000,0x0000,0x0000,0x0000,0x0000,
  0x0000,0x0000,0x0000,0x0000,0x0000,0x0000,0x0000,0x0000,0x0000,0x0000,0x0000,0x0000,0x0000,0x0000,0x0000,0x0000,
  0x0000,0x0000,0x0000,0x0000,0x0000,0x0000,0x0000,0x0000,0x0000,0x0000,0x0000,0x0000,0x0000,0x0000,0x0000,0x0000,
  0x0000,0x0000,0x0000,0x0000,0x0000,0x0000,0x0000,0x0000,0x0000,0x0000,0x0000,0x0000,0x0000,0x0000,0x0000,0x0000,
  0x0000,0x0000,0x0000,0x0000,0x0000,0x0000,0x0000,0x0000,0x0000,0x0000,0x0000,0x0000,0x0000,0x0000,0x0000,0x0000,
  0x0000,0x0000,0x0000,0x0000,0x0000,0x0000,0x0000,0x0000,0x0000,0x0000,0x0000,0x0000,0x0000,0x0000,0x0000,0x0000,
  0x0000,0x0000,0x0000,0x0000,0x0000,0x0000,0x0000,0x0000,0x0000,0x0000,0x0000,0x0000,0x0000,0x0000,0x0000,0x0000,
  0x0000,0x0000,0x0000,0x0000,0x0000,0x0000,0x0000,0x0000,0x0000,0x0000,0x0000,0x0000,0x0000,0x0000,0x0000,0x0000,
  0x0000,0x0000,0x0000,0x0000,0x0000,0x0000,0x0000,0x0000,0x0000,0x0000,0x0000,0x0000,0x0000,0x0000,0x0000,0x0000,
  0x0000,0x0000,0x0000,0x0000,0x0000,0x0000,0x0000,0x0000,0x0000,0x0000,0x0000,0x0000,0x0000,0x0000,0x0000,0x0000,
  0x0000,0x0000,0x0000,0x0000,0x0000,0x0000,0x0000,0x0000,0x0000,0x0000,0x0000,0x0000,0x0000,0x0000,0x0000,0x0000,
  0x0000,0x0000,0x0000,0x0000,0x0000,0x0000,0x0000,0x0000,0x0000,0x0000,0x0000,0x0000,0x0000,0x0000,0x0000,0x0000,
  0x0000,0x0000,0x0000,0x0000,0x0000,0x0000,0x0000,0x0000,0x0000,0x0000,0x0000,0x0000,0x0000,0x0000,0x0000,0x0000,
  0x0000,0x0000,0x0000,0x0000,0x0000,0x0000,0x0000,0x0000,0x0000,0x0000,0x0000,0x0000,0x0000,0x0000,0x0000,0x0000,
  0x0000,0x0000,0x0000,0x0000,0x0000,0x0000,0x0000,0x0000,0x0000,0x0000,0x0000,0x0000,0x0000,0x0000,0x0000,0x0000,
  0x0000,0x0000,0x0000,0x0000,0x0000,0x0000,0x0000,0x0000,0x0000,0x0000,0x0000,0x0000,0x0000,0x0000,0x0000,0x0000,
  0x0000,0x0000,0x0000,0x0000,0x0000,0x0000,0x0000,0x0000,0x0000,0x0000,0x0000,0x0000,0x0000,0x0000,0x0000,0x0000,
  0x0000,0x0000,0x0000,0x0000,0x0000,0x0000,0x0000,0x0000,0x0000,0x0000,0x0000,0x0000,0x0000,0x0000,0x0000,0x0000,
  0x0000,0x0000,0x0000,0x0000,0x0000,0x0000,0x0000,0x0000,0x0000,0x0000,0x0000,0x0000,0x0000,0x0000,0x0000,0x0000,
  0x0000,0x0000,0x0000,0x0000,0x0000,0x0000,0x0000,0x0000,0x0000,0x0000,0x0000,0x0000,0x0000,0x0000,0x0000,0x0000,
  0x0000,0x0000,0x0000,0x0000,0x0000,0x0000,0x0000,0x0000,0x0000,0x0000,0x0000,0x0000,0x0000,0x0000,0x0000,0x0000,
  0x0000,0x0000,0x0000,0x0000,0x0000,0x0000,0x0000,0x0000,0x0000,0x0000,0x0000,0x0000,0x0000,0x0000,0x0000,0x0000,
  0x0000,0x0000,0x0000,0x0000,0x0000,0x0000,0x0000,0x0000,0x0000,0x0000,0x0000,0x0000,0x0000,0x0000,0x0000,0x0000,
  0x0000,0x0000,0x0000,0x0000,0x0000,0x0000,0x0000,0x0000,0x0000,0x0000,0x0000,0x0000,0x0000,0x0000,0x0000,0x0000,
  0x0000,0x0000,0x0000,0x0000,0x0000,0x0000,0x0000,0x0000,0x0000,0x0000,0x0000,0x0000,0x0000,0x0000,0x0000,0x0000,
  0x0000,0x0000,0x0000,0x0000,0x0000,0x0000,0x0000,0x0000,0x0000,0x0000,0x0000,0x0000,0x0000,0x0000,0x0000,0x0000,
  0x0000,0x0000,0x0000,0x0000,0x0000,0x0000,0x0000,0x0000,0x0000,0x0000,0x0000,0x0000,0x0000,0x0000,0x0000,0x0000,
  0x0000,0x0000,0x0000,0x0000,0x0000,0x0000,0x0000,0x0000,0x0000,0x0000,0x0000,0x0000,0x0000,0x0000,0x0000,0x0000,
  0x0000,0x0000,0x0000,0x0000,0x0000,0x0000,0x0000,0x0000,0x0000,0x0000,0x0000,0x0000,0x0000,0x0000,0x0000,0x0000,
  0x0000,0x0000,0x0000,0x0000,0x0000,0x0000,0x0000,0x0000,0x0000,0x0000,0x0000,0x0000,0x0000,0x0000,0x0000,0x0000,
  0x0000,0x0000,0x0000,0x0000,0x0000,0x0000,0x0000,0x0000,0x0000,0x0000,0x0000,0x0000,0x0000,0x0000,0x0000,0x0000,
  0x0000,0x0000,0x0000,0x0000,0x0000,0x0000,0x0000,0x0000,0x0000,0x0000,0x0000,0x0000,0x0000,0x0000,0x0000,0x0000,
  0x0000,0x0000,0x0000,0x0000,0x0000,0x0000,0x0000,0x0000,0x0000,0x0000,0x0000,0x0000,0x0000,0x0000,0x0000,0x0000,
  0x0000,0x0000,0x0000,0x0000,0x0000,0x0000,0x0000,0x0000,0x0000,0x0000,0x0000,0x0000,0x0000,0x0000,0x0000,0x0000,
  0x0000,0x0000,0x0000,0x0000,0x0000,0x0000,0x0000,0x0000,0x0000,0x0000,0x0000,0x0000,0x0000,0x0000,0x0000,0x0000,
  0x0000,0x0000,0x0000,0x0000,0x0000,0x0000,0x0000,0x0000,0x0000,0x0000,0x0000,0x0000,0x0000,0x0000,0x0000,0x0000,
  0x0000,0x0000,0x0000,0x0000,0x0000,0x0000,0x0000,0x0000,0x0000,0x0000,0x0000,0x0000,0x0000,0x0000,0x0000,0x0000,
  0x0000,0x0000,0x0000,0x0000,0x0000,0x0000,0x0000,0x0000,0x0000,0x0000,0x0000,0x0000,0x0000,0x0000,0x0000,0x0000,
  0x0000,0x0000,0x0000,0x0000,0x0000,0x0000,0x0000,0x0000,0x0000,0x0000,0x0000,0x0000,0x0000,0x0000,0x0000,0x0000,
  0x0000,0x0000,0x0000,0x0000,0x0000,0x0000,0x0000,0x0000,0x0000,0x0000,0x0000,0x0000,0x0000,0x0000,0x0000,0x0000,
  0x0000,0x0000,0x0000,0x0000,0x0000,0x0000,0x0000,0x0000,0x0000,0x0000,0x0000,0x0000,0x0000,0x0000,0x0000,0x0000,
  0x0000,0x0000,0x0000,0x0000,0x0000,0x0000,0x0000,0x0000,0x0000,0x0000,0x0000,0x0000,0x0000,0x0000,0x0000,0x0000,
  0x0000,0x0000,0x0000,0x0000,0x0000,0x0000,0x0000,0x0000,0x0000,0x0000,0x0000,0x0000,0x0000,0x0000,0x0000,0x0000,
  0x0000,0x0000,0x0000,0x0000,0x0000,0x0000,0x0000,0x0000,0x0000,0x0000,0x0000,0x0000,0x0000,0x0000,0x0000,0x0000,
  0x0000,0x0000,0x0000,0x0000,0x0000,0x0000,0x0000,0x0000,0x0000,0x0000,0x0000,0x0000,0x0000,0x0000,0x0000,0x0000,
  0x0000,0x0000,0x0000,0x0000,0x0000,0x0000,0x0000,0x0000,0x0000,0x0000,0x0000,0x0000,0x0000,0x0000,0x0000,0x0000,
  0x0000,0x0000,0x0000,0x0000,0x0000,0x0000,0x0000,0x0000,0x0000,0x0000,0x0000,0x0000,0x0000,0x0000,0x0000,0x0000,
  0x0000,0x0000,0x0000,0x0000,0x0000,0x0000,0x0000,0x0000,0x0000,0x0000,0x0000,0x0000,0x0000,0x0000,0x0000,0x0000,
  0x0000,0x0000,0x0000,0x0000,0x0000,0x0000,0x0000,0x0000,0x0000,0x0000,0x0000,0x0000,0x0000,0x0000,0x0000,0x0000,
  0x0000,0x0000,0x0000,0x0000,0x0000,0x0000,0x0000,0x0000,0x0000,0x0000,0x0000,0x0000,0x0000,0x0000,0x0000,0x0000,
  0x0000,0x0000,0x0000,0x0000,0x0000,0x0000,0x0000,0x0000,0x0000,0x0000,0x0000,0x0000,0x0000,0x0000,0x0000,0x0000,
  0x0000,0x0000,0x0000,0x0000,0x0000,0x0000,0x0000,0x0000,0x0000,0x0000,0x0000,0x0000,0x0000,0x0000,0x0000,0x0000,
  0x0000,0x0000,0x0000,0x0000,0x0000,0x0000,0x0000,0x0000,0x0000,0x0000,0x0000,0x0000,0x0000,0x0000,0x0000,0x0000,
  0x0000,0x0000,0x0000,0x0000,0x0000,0x0000,0x0000,0x0000,0x0000,0x0000,0x0000,0x0000,0x0000,0x0000,0x0000,0x0000,
  0x0000,0x0000,0x0000,0x0000,0x0000,0x0000,0x0000,0x0000,0x0000,0x0000,0x0000,0x0000,0x0000,0x0000,0x0000,0x0000,
  0x0000,0x0000,0x0000,0x0000,0x0000,0x0000,0x0000,0x0000,0x0000,0x0000,0x0000,0x0000,0x0000,0x0000,0x0000,0x0000,
  0x0000,0x0000,0x0000,0x0000,0x0000,0x0000,0x0000,0x0000,0x0000,0x0000,0x0000,0x0000,0x0000,0x0000,0x0000,0x0000,
  0x0000,0x0000,0x0000,0x0000,0x0000,0x0000,0x0000,0x0000,0x0000,0x0000,0x0000,0x0000,0x0000,0x0000,0x0000,0x0000,
  0x0000,0x0000,0x0000,0x0000,0x0000,0x0000,0x0000,0x0000,0x0000,0x0000,0x0000,0x0000,0x0000,0x0000,0x0000,0x0000,
  0x0000,0x0000,0x0000,0x0000,0x0000,0x0000,0x0000,0x0000,0x0000,0x0000,0x0000,0x0000,0x0000,0x0000,0x0000,0x0000,
  0x0000,0x0000,0x0000,0x0000,0x0000,0x0000,0x0000,0x0000,0x0000,0x0000,0x0000,0x0000,0x0000,0x0000,0x0000,0x0000,
  0x0000,0x0000,0x0000,0x0000,0x0000,0x0000,0x0000,0x0000,0x0000,0x0000,0x0000,0x0000,0x0000,0x0000,0x0000,0x0000,
  0x0000,0x0000,0x0000,0x0000,0x0000,0x0000,0x0000,0x0000,0x0000,0x0000,0x0000,0x0000,0x0000,0x0000,0x0000,0x0000,
  0x0000,0x0000,0x0000,0x0000,0x0000,0x0000,0x0000,0x0000,0x0000,0x0000,0x0000,0x0000,0x0000,0x0000,0x0000,0x0000,
  0x0000,0x0000,0x0000,0x0000,0x0000,0x0000,0x0000,0x0000,0x0000,0x0000,0x0000,0x0000,0x0000,0x0000,0x0000,0x0000,
  0x0000,0x0000,0x0000,0x0000,0x0000,0x0000,0x0000,0x0000,0x0000,0x0000,0x0000,0x0000,0x0000,0x0000,0x0000,0x0000,
  0x0000,0x0000,0x0000,0x0000,0x0000,0x0000,0x0000,0x0000,0x0000,0x0000,0x0000,0x0000,0x0000,0x0000,0x0000,0x0000,
  0x0000,0x0000,0x0000,0x0000,0x0000,0x0000,0x0000,0x0000,0x0000,0x0000,0x0000,0x0000,0x0000,0x0000,0x0000,0x0000,
  0x0000,0x0000,0x0000,0x0000,0x0000,0x0000,0x0000,0x0000,0x0000,0x0000,0x0000,0x0000,0x0000,0x0000,0x0000,0x0000,
  0x0000,0x0000,0x0000,0x0000,0x0000,0x0000,0x0000,0x0000,0x0000,0x0000,0x0000,0x0000,0x0000,0x0000,0x0000,0x0000,
  0x0000,0x0000,0x0000,0x0000,0x0000,0x0000,0x0000,0x0000,0x0000,0x0000,0x0000,0x0000,0x0000,0x0000,0x0000,0x0000,
  0x0000,0x0000,0x0000,0x0000,0x0000,0x0000,0x0000,0x0000,0x0000,0x0000,0x0000,0x0000,0x0000,0x0000,0x0000,0x0000,
  0x0000,0x0000,0x0000,0x0000,0x0000,0x0000,0x0000,0x0000,0x0000,0x0000,0x0000,0x0000,0x0000,0x0000,0x0000,0x0000,
  0x0000,0x0000,0x0000,0x0000,0x0000,0x0000,0x0000,0x0000,0x0000,0x0000,0x0000,0x0000,0x0000,0x0000,0x0000,0x0000,
  0x0000,0x0000,0x0000,0x0000,0x0000,0x0000,0x0000,0x0000,0x0000,0x0000,0x0000,0x0000,0x0000,0x0000,0x0000,0x0000,
  0x0000,0x0000,0x0000,0x0000,0x0000,0x0000,0x0000,0x0000,0x0000,0x0000,0x0000,0x0000,0x0000,0x0000,0x0000,0x0000,
  0x0000,0x0000,0x0000,0x0000,0x0000,0x0000,0x0000,0x0000,0x0000,0x0000,0x0000,0x0000,0x0000,0x0000,0x0000,0x0000,
  0x0000,0x0000,0x0000,0x0000,0x0000,0x0000,0x0000,0x0000,0x0000,0x0000,0x0000,0x0000,0x0000,0x0000,0x0000,0x0000,
  0x0000,0x0000,0x0000,0x0000,0x0000,0x0000,0x0000,0x0000,0x0000,0x0000,0x0000,0x0000,0x0000,0x0000,0x0000,0x0000,
  0x0000,0x0000,0x0000,0x0000,0x0000,0x0000,0x0000,0x0000,0x0000,0x0000,0x0000,0x0000,0x0000,0x0000,0x0000,0x0000,
  0x0000,0x0000,0x0000,0x0000,0x0000,0x0000,0x0000,0x0000,0x0000,0x0000,0x0000,0x0000,0x0000,0x0000,0x0000,0x0000,
  0x0000,0x0000,0x0000,0x0000,0x0000,0x0000,0x0000,0x0000,0x0000,0x0000,0x0000,0x0000,0x0000,0x0000,0x0000,0x0000,
  0x0000,0x0000,0x0000,0x0000,0x0000,0x0000,0x0000,0x0000,0x0000,0x0000,0x0000,0x0000,0x0000,0x0000,0x0000,0x0000,
  0x0000,0x0000,0x0000,0x0000,0x0000,0x0000,0x0000,0x0000,0x0000,0x0000,0x0000,0x0000,0x0000,0x0000,0x0000,0x0000,
  0x0000,0x0000,0x0000,0x0000,0x0000,0x0000,0x0000,0x0000,0x0000,0x0000,0x0000,0x0000,0x0000,0x0000,0x0000,0x0000,
  0x0000,0x0000,0x0000,0x0000,0x0000,0x0000,0x0000,0x0000,0x0000,0x0000,0x0000,0x0000,0x0000,0x0000,0x0000,0x0000,
  0x0000,0x0000,0x0000,0x0000,0x0000,0x0000,0x0000,0x0000,0x0000,0x0000,0x0000,0x0000,0x0000,0x0000,0x0000,0x0000,
  0x0000,0x0000,0x0000,0x0000,0x0000,0x0000,0x0000,0x0000,0x0000,0x0000,0x0000,0x0000,0x0000,0x0000,0x0000,0x0000,
  0x0000,0x0000,0x0000,0x0000,0x0000,0x0000,0x0000,0x0000,0x0000,0x0000,0x0000,0x0000,0x0000,0x0000,0x0000,0x0000,
  0x0000,0x0000,0x0000,0x0000,0x0000,0x0000,0x0000,0x0000,0x0000,0x0000,0x0000,0x0000,0x0000,0x0000,0x0000,0x0000,
  0x0000,0x0000,0x0000,0x0000,0x0000,0x0000,0x0000,0x0000,0x0000,0x0000,0x0000,0x0000,0x0000,0x0000,0x0000,0x0000,
  0x0000,0x0000,0x0000,0x0000,0x0000,0x0000,0x0000,0x0000,0x0000,0x0000,0x0000,0x0000,0x0000,0x0000,0x0000,0x0000,
  0x0000,0x0000,0x0000,0x0000,0x0000,0x0000,0x0000,0x0000,0x0000,0x0000,0x0000,0x0000,0x0000,0x0000,0x0000,0x0000,
  0x0000,0x0000,0x0000,0x0000,0x0000,0x0000,0x0000,0x0000,0x0000,0x0000,0x0000,0x0000,0x0000,0x0000,0x0000,0x0000,
  0x0000,0x0000,0x0000,0x0000,0x0000,0x0000,0x0000,0x0000,0x0000,0x0000,0x0000,0x0000,0x0000,0x0000,0x0000,0x0000,
  0x0000,0x0000,0x0000,0x0841,0x0841,0x0000,0x0861,0x0841,0x0000,0x0861,0x0000,0x0000,0x0000,0x0000,0x0000,0x0000,
  0x0000,0x0000,0x0000,0x0000,0x0000,0x0000,0x0000,0x0000,0x0000,0x0000,0x0000,0x0000,0x0000,0x0000,0x0000,0x0000,
  0x0000,0x0000,0x0000,0x0000,0x0000,0x0000,0x0000,0x0000,0x0000,0x0000,0x0000,0x0000,0x0000,0x0000,0x0000,0x0000,
  0x0000,0x0000,0x0000,0x0000,0x0000,0x0000,0x0000,0x0000,0x0000,0x0000,0x0000,0x0000,0x0000,0x0000,0x0000,0x0000,
  0x0000,0x0000,0x0000,0x0000,0x0000,0x0000,0x0000,0x0000,0x0000,0x0000,0x0000,0x0000,0x0000,0x0000,0x0000,0x0000,
  0x0000,0x0000,0x0000,0x0000,0x0000,0x0000,0x0000,0x0000,0x0000,0x0000,0x0000,0x0000,0x0000,0x0000,0x0000,0x0000,
  0x0000,0x0000,0x0000,0x0000,0x0000,0x0000,0x0000,0x0000,0x0000,0x0000,0x0000,0x0000,0x0000,0x0000,0x0000,0x0000,
  0x0000,0x0000,0x0000,0x0000,0x0000,0x0000,0x0000,0x0000,0x0000,0x0000,0x0000,0x0000,0x0000,0x0000,0x0000,0x0000,
  0x0000,0x0000,0x0000,0x0000,0x0000,0x0000,0x0000,0x0000,0x0000,0x0000,0x0000,0x0000,0x0000,0x0000,0x0000,0x0000,
  0x0000,0x0000,0x0000,0x0000,0x0000,0x0000,0x0000,0x0000,0x0000,0x0000,0x0000,0x0000,0x0000,0x0000,0x0000,0x0000,
  0x0000,0x0000,0x0000,0x0000,0x0000,0x0000,0x0000,0x0861,0x0000,0x0841,0x10a2,0x0000,0x1082,0x10a2,0x0000,0x2945,
  0x2104,0x0000,0x3186,0x18c3,0x0000,0x2965,0x0861,0x0000,0x18c3,0x0000,0x0000,0x0841,0x0000,0x0020,0x1082,0x0000,
  0x0000,0x0000,0x0000,0x0000,0x0000,0x0000,0x0000,0x0000,0x0000,0x0000,0x0000,0x0000,0x0000,0x0000,0x0000,0x0000,
  0x0000,0x0000,0x0000,0x0000,0x0000,0x0000,0x0000,0x0000,0x0000,0x0000,0x0000,0x0000,0x0000,0x0000,0x0000,0x0000,
  0x0000,0x0000,0x0000,0x0000,0x0000,0x0000,0x0000,0x0000,0x0000,0x0000,0x0000,0x0000,0x0000,0x0000,0x0000,0x0000,
  0x0000,0x0000,0x0000,0x0000,0x0000,0x0000,0x0000,0x0000,0x0000,0x0000,0x0000,0x0000,0x0000,0x0000,0x0000,0x0000,
  0x0000,0x0000,0x0000,0x0000,0x0000,0x0000,0x0000,0x0000,0x0000,0x0000,0x0000,0x0000,0x0000,0x0000,0x0000,0x0000,
  0x0000,0x0000,0x0000,0x0000,0x0000,0x0000,0x0000,0x0000,0x0000,0x0000,0x0000,0x0000,0x0000,0x0000,0x0000,0x0000,
  0x0000,0x0000,0x0000,0x0000,0x0000,0x0000,0x0000,0x0000,0x0000,0x0000,0x0000,0x0000,0x0000,0x0000,0x0000,0x0000,
  0x0000,0x0000,0x0000,0x0000,0x0000,0x0000,0x0000,0x0000,0x0000,0x0000,0x0000,0x0000,0x0000,0x0000,0x0000,0x0000,
  0x0000,0x0000,0x0000,0x0000,0x0000,0x0000,0x0000,0x0000,0x0000,0x0000,0x0841,0x0000,0x0000,0x10a2,0x0020,0x0020,
  0x2124,0x0000,0x0841,0x3186,0x0000,0x1082,0x2945,0x0000,0x2104,0x2945,0x0000,0x39c7,0x31a6,0x0000,0x4228,0x2124,
  0x0000,0x4228,0x10a2,0x0000,0x3186,0x0020,0x0020,0x2945,0x0000,0x0841,0x2124,0x0000,0x0000,0x0020,0x0000,0x0000,
  0x0000,0x0000,0x0000,0x0000,0x0000,0x0000,0x0000,0x0000,0x0000,0x0000,0x0000,0x0000,0x0000,0x0000,0x0000,0x0000,
  0x0000,0x0000,0x0000,0x0000,0x0000,0x0000,0x0000,0x0000,0x0000,0x0000,0x0000,0x0000,0x0000,0x0000,0x0000,0x0000,
  0x0000,0x0000,0x0000,0x0000,0x0000,0x0000,0x0000,0x0000,0x0000,0x0000,0x0000,0x0000,0x0000,0x0000,0x0000,0x0000,
  0x0000,0x0000,0x0000,0x0000,0x0000,0x0000,0x0000,0x0000,0x0000,0x0000,0x0000,0x0000,0x0000,0x0000,0x0000,0x0000,
  0x0000,0x0000,0x0000,0x0000,0x0000,0x0000,0x0000,0x0000,0x0000,0x0000,0x0000,0x0000,0x0000,0x0000,0x0000,0x0000,
  0x0000,0x0000,0x0000,0x0000,0x0000,0x0000,0x0000,0x0000,0x0000,0x0000,0x0000,0x0000,0x0000,0x0000,0x0000,0x0000,
  0x0000,0x0000,0x0000,0x0000,0x0000,0x0000,0x0000,0x0000,0x0000,0x0000,0x0000,0x0000,0x0000,0x0000,0x0000,0x0000,
  0x0000,0x0000,0x0000,0x0000,0x0000,0x0000,0x0000,0x0000,0x0000,0x0000,0x0000,0x0000,0x0000,0x0000,0x0000,0x0000,
  0x0000,0x0020,0x0000,0x0841,0x0020,0x0000,0x2124,0x0861,0x0020,0x4228,0x0861,0x0841,0x4a49,0x0020,0x0861,0x4228,
  0x0000,0x10a2,0x3186,0x0000,0x2945,0x39c7,0x0000,0x4228,0x39e7,0x0000,0x4a69,0x2945,0x0000,0x4a69,0x18e3,0x0000,
  0x39e7,0x0020,0x0861,0x4228,0x0020,0x0861,0x3186,0x0000,0x1082,0x2104,0x0000,0x0841,0x0841,0x0000,0x0020,0x0020,
  0x0000,0x0020,0x0000,0x0000,0x0000,0x0000,0x0000,0x0000,0x0000,0x0000,0x0000,0x0000,0x0000,0x0000,0x0000,0x0000,
  0x0000,0x0000,0x0000,0x0000,0x0000,0x0000,0x0000,0x0000,0x0000,0x0000,0x0000,0x0000,0x0000,0x0000,0x0000,0x0000,
  0x0000,0x0000,0x0000,0x0000,0x0000,0x0000,0x0000,0x0000,0x0000,0x0000,0x0000,0x0000,0x0000,0x0000,0x0000,0x0000,
  0x0000,0x0000,0x0000,0x0000,0x0000,0x0000,0x0000,0x0000,0x0000,0x0000,0x0000,0x0000,0x0000,0x0000,0x0000,0x0000,
  0x0000,0x0000,0x0000,0x0000,0x0000,0x0000,0x0000,0x0000,0x0000,0x0000,0x0000,0x0000,0x0000,0x0000,0x0000,0x0000,
  0x0000,0x0000,0x0000,0x0000,0x0000,0x0000,0x0000,0x0000,0x0000,0x0000,0x0000,0x0000,0x0000,0x0000,0x0000,0x0000,
  0x0000,0x0000,0x0000,0x0000,0x0000,0x0000,0x0000,0x0000,0x0000,0x0000,0x0000,0x0000,0x0000,0x0000,0x0000,0x0000,
  0x0000,0x0000,0x0000,0x0000,0x0000,0x0000,0x0000,0x0000,0x0000,0x0000,0x0000,0x0000,0x18c3,0x18e3,0x0000,0x2945,
  0x10a2,0x0000,0x4208,0x18c3,0x0020,0x630c,0x18c3,0x0841,0x5acb,0x0861,0x0861,0x52aa,0x0020,0x18e3,0x39e7,0x0000,
  0x3186,0x4228,0x0000,0x4a69,0x4228,0x0000,0x52aa,0x3186,0x0000,0x5acb,0x2104,0x0000,0x4a49,0x0020,0x1082,0x5acb,
  0x0020,0x1082,0x4208,0x0000,0x18e3,0x31a6,0x0000,0x18e3,0x2104,0x0000,0x18c3,0x10a2,0x0000,0x18c3,0x0841,0x0000,
  0x1082,0x0020,0x0000,0x0020,0x0000,0x0000,0x0000,0x0000,0x0000,0x0000,0x0000,0x0000,0x0000,0x0000,0x0000,0x0000,
  0x0000,0x0000,0x0000,0x0000,0x0000,0x0000,0x0000,0x0000,0x0000,0x0000,0x0000,0x0000,0x0000,0x0000,0x0000,0x0000,
  0x0000,0x0000,0x0000,0x0000,0x0000,0x0000,0x0000,0x0000,0x0000,0x0000,0x0000,0x0000,0x0000,0x0000,0x0000,0x0000,
  0x0000,0x0000,0x0000,0x0000,0x0000,0x0000,0x0000,0x0000,0x0000,0x0000,0x0000,0x0000,0x0000,0x0000,0x0000,0x0000,
  0x0000,0x0000,0x0000,0x0000,0x0000,0x0000,0x0000,0x0000,0x0000,0x0000,0x0000,0x0000,0x0000,0x0000,0x0000,0x0000,
  0x0000,0x0000,0x0000,0x0000,0x0000,0x0000,0x0000,0x0000,0x0000,0x0000,0x0000,0x0000,0x0000,0x0000,0x0000,0x0000,
  0x0000,0x0000,0x0000,0x0000,0x0000,0x0000,0x0000,0x0000,0x0000,0x0000,0x0000,0x0000,0x0000,0x0000,0x0000,0x0000,
  0x0000,0x0000,0x0020,0x0841,0x0000,0x10a2,0x2124,0x0000,0x2124,0x2945,0x0000,0x4a69,0x2945,0x0000,0x630c,0x2124,
  0x0020,0x6b6d,0x18e3,0x0841,0x6b6d,0x1082,0x1082,0x6b4d,0x0020,0x2104,0x4a49,0x0000,0x39c7,0x4a69,0x0000,0x528a,
  0x4228,0x0000,0x5aeb,0x39c7,0x0000,0x630c,0x2945,0x0000,0x52aa,0x0841,0x10a2,0x632c,0x0841,0x18c3,0x528a,0x0000,
  0x2945,0x4a69,0x0000,0x2945,0x3186,0x0000,0x2945,0x2104,0x0000,0x2965,0x1082,0x0000,0x39c7,0x1082,0x0020,0x2945,
  0x0020,0x0020,0x10a2,0x0000,0x0000,0x0000,0x0000,0x0000,0x0000,0x0000,0x0000,0x0000,0x0000,0x0000,0x0000,0x0000,
  0x0000,0x0000,0x0000,0x0000,0x0000,0x0000,0x0000,0x0000,0x0000,0x0000,0x0000,0x0000,0x0000,0x0000,0x0000,0x0000,
  0x0000,0x0000,0x0000,0x0000,0x0000,0x0000,0x0000,0x0000,0x0000,0x0000,0x0000,0x0000,0x0000,0x0000,0x0000,0x0000,
  0x0000,0x0000,0x0000,0x0000,0x0000,0x0000,0x0000,0x0000,0x0000,0x0000,0x0000,0x0000,0x0000,0x0000,0x0000,0x0000,
  0x0000,0x0000,0x0000,0x0000,0x0000,0x0000,0x0000,0x0000,0x0000,0x0000,0x0000,0x0000,0x0000,0x0000,0x0000,0x0000,
  0x0000,0x0000,0x0000,0x0000,0x0000,0x0000,0x0000,0x0000,0x0000,0x0000,0x0000,0x0000,0x0000,0x0000,0x0000,0x0000,
  0x0000,0x0000,0x0000,0x0000,0x0000,0x0000,0x0000,0x0000,0x0000,0x0000,0x0000,0x0000,0x0000,0x0000,0x18c3,0x4208,
  0x0000,0x2124,0x4229,0x0000,0x39e7,0x31a6,0x0000,0x632c,0x3186,0x0000,0x73ae,0x2124,0x0020,0x7bcf,0x18e3,0x0841,
  0x73ae,0x1082,0x18c3,0x7bcf,0x0020,0x2965,0x5aeb,0x0000,0x4228,0x528a,0x0000,0x5acb,0x4a69,0x0000,0x630c,0x39e7,
  0x0000,0x738e,0x2965,0x0020,0x630c,0x0861,0x10a2,0x6b4d,0x0020,0x2104,0x630c,0x0000,0x2965,0x5acb,0x0000,0x3186,
  0x39c7,0x0000,0x39e7,0x2124,0x0000,0x39e7,0x10a2,0x0020,0x5aeb,0x10a2,0x0861,0x52aa,0x0841,0x1082,0x4a49,0x0020,
  0x0020,0x10a2,0x0000,0x0000,0x0000,0x0000,0x0000,0x0000,0x0000,0x0000,0x0000,0x0000,0x0000,0x0000,0x0000,0x0000,
  0x0000,0x0000,0x0000,0x0000,0x0000,0x0000,0x0000,0x0000,0x0000,0x0000,0x0000,0x0000,0x0000,0x0000,0x0000,0x0000,
  0x0000,0x0000,0x0000,0x0000,0x0000,0x0000,0x0000,0x0000,0x0000,0x0000,0x0000,0x0000,0x0000,0x0000,0x0000,0x0000,
  0x0000,0x0000,0x0000,0x0000,0x0000,0x0000,0x0000,0x0000,0x0000,0x0000,0x0000,0x0000,0x0000,0x0000,0x0000,0x0000,
  0x0000,0x0000,0x0000,0x0000,0x0000,0x0000,0x0000,0x0000,0x0000,0x0000,0x0000,0x0000,0x0000,0x0000,0x0000,0x0000,
  0x0000,0x0000,0x0000,0x0000,0x0000,0x0000,0x0000,0x0000,0x0000,0x0000,0x0000,0x0000,0x0000,0x0000,0x0000,0x0000,
  0x0000,0x0000,0x0000,0x0000,0x0000,0x0000,0x0000,0x0020,0x10a2,0x0000,0x2104,0x630c,0x0000,0x2945,0x5aeb,0x0000,
  0x52aa,0x4a69,0x0000,0x7bcf,0x4a49,0x0000,0x8410,0x2945,0x0000,0x8430,0x18e3,0x0861,0x8430,0x1082,0x2124,0x8430,
  0x0020,0x31a6,0x6b6d,0x0000,0x528a,0x52aa,0x0000,0x5aeb,0x4a69,0x0000,0x630c,0x39e7,0x0000,0x8c51,0x2965,0x0020,
  0x738e,0x1082,0x10a2,0x6b6d,0x0000,0x2124,0x6b4d,0x0000,0x3186,0x5aeb,0x0000,0x3186,0x4228,0x0000,0x4a6a,0x3186,
  0x0000,0x52aa,0x18e3,0x0020,0x6b6d,0x18e3,0x0861,0x6b4d,0x0861,0x1082,0x630c,0x0020,0x1082,0x39c7,0x0000,0x0861,
  0x1082,0x0000,0x0000,0x0000,0x0000,0x0000,0x0000,0x0000,0x0000,0x0000,0x0000,0x0000,0x0000,0x0000,0x0000,0x0000,
  0x0000,0x0000,0x0000,0x0000,0x0000,0x0000,0x0000,0x0000,0x0000,0x0000,0x0000,0x0000,0x0000,0x0000,0x0000,0x0000,
  0x0000,0x0000,0x0000,0x0000,0x0000,0x0000,0x0000,0x0000,0x0000,0x0000,0x0000,0x0000,0x0000,0x0000,0x0000,0x0000,
  0x0000,0x0000,0x0000,0x0000,0x0000,0x0000,0x0000,0x0000,0x0000,0x0000,0x0000,0x0000,0x0000,0x0000,0x0000,0x0000,
  0x0000,0x0000,0x0000,0x0000,0x0000,0x0000,0x0000,0x0000,0x0000,0x0000,0x0000,0x0000,0x0000,0x0000,0x0000,0x0000,
  0x0000,0x0000,0x0000,0x0000,0x0000,0x0000,0x0000,0x0000,0x0000,0x0000,0x0000,0x0000,0x0000,0x0000,0x0000,0x0000,
  0x0000,0x0000,0x0000,0x10a2,0x5acb,0x0000,0x2124,0x73ae,0x0000,0x2965,0x6b6d,0x0000,0x6b4d,0x632c,0x0000,0x8430,
  0x630c,0x0000,0x9cd3,0x4208,0x0841,0xa514,0x2104,0x18c3,0x9cf3,0x1082,0x2965,0x8c71,0x0020,0x4208,0x7bcf,0x0000,
  0x52aa,0x630c,0x0000,0x6b4d,0x528a,0x0000,0x632c,0x4208,0x0000,0x94b2,0x2965,0x0841,0x8410,0x1082,0x18c3,0x73ae,
  0x0000,0x2945,0x738e,0x0000,0x3186,0x630c,0x0000,0x39e7,0x528a,0x0000,0x5aeb,0x39e7,0x0000,0x6b6d,0x2104,0x0020,
  0x73ae,0x18e3,0x0861,0x73ae,0x1082,0x1082,0x7bcf,0x0841,0x18c3,0x528a,0x0000,0x2124,0x31a6,0x0000,0x0841,0x0841,
  0x0000,0x0000,0x0000,0x0000,0x0000,0x0000,0x0000,0x0000,0x0000,0x0000,0x0000,0x0000,0x0000,0x0000,0x0000,0x0000,
  0x0000,0x0000,0x0000,0x0000,0x0000,0x0000,0x0000,0x0000,0x0000,0x0000,0x0000,0x0000,0x0000,0x0000,0x0000,0x0000,
  0x0000,0x0000,0x0000,0x0000,0x0000,0x0000,0x0000,0x0000,0x0000,0x0000,0x0000,0x0000,0x0000,0x0000,0x0000,0x0000,
  0x0000,0x0000,0x0000,0x0000,0x0000,0x0000,0x0000,0x0000,0x0000,0x0000,0x0000,0x0000,0x0000,0x0000,0x0000,0x0000,
  0x0000,0x0000,0x0000,0x0000,0x0000,0x0000,0x0000,0x0000,0x0000,0x0000,0x0000,0x0000,0x0000,0x0000,0x0000,0x0000,
  0x0000,0x0000,0x0000,0x0000,0x0000,0x0000,0x0000,0x0000,0x0000,0x0000,0x0000,0x0000,0x0020,0x2124,0x0000,0x18c3,
  0x738e,0x0020,0x2124,0x7bef,0x0000,0x4a49,0x8410,0x0000,0x73ae,0x7bcf,0x0000,0x9492,0x6b4d,0x0000,0xb596,0x4a69,
  0x10a2,0xbdf7,0x2965,0x2104,0xa534,0x1082,0x3186,0x94b2,0x0020,0x4208,0x7bef,0x0000,0x52aa,0x738e,0x0000,0x73ae,
  0x528a,0x0000,0x6b6d,0x4208,0x0000,0x9cf3,0x3186,0x0841,0x8c51,0x1082,0x18c3,0x8430,0x0020,0x2945,0x73ae,0x0000,
  0x31a6,0x6b4d,0x0000,0x4a69,0x5aeb,0x0000,0x6b6d,0x4a49,0x0000,0x8410,0x3186,0x0020,0x8410,0x18c3,0x0841,0x8430,
  0x1082,0x18c3,0x8c71,0x0841,0x2965,0x6b6d,0x0000,0x31a6,0x4208,0x0000,0x3186,0x2945,0x0000,0x0000,0x0020,0x0000,
  0x0000,0x0000,0x0000,0x0000,0x0000,0x0000,0x0000,0x0000,0x0000,0x0000,0x0000,0x0000,0x0000,0x0000,0x0000,0x0000,
  0x0000,0x0000,0x0000,0x0000,0x0000,0x0000,0x0000,0x0000,0x0000,0x0000,0x0000,0x0000,0x0000,0x0000,0x0000,0x0000,
  0x0000,0x0000,0x0000,0x0000,0x0000,0x0000,0x0000,0x0000,0x0000,0x0000,0x0000,0x0000,0x0000,0x0000,0x0000,0x0000,
  0x0000,0x0000,0x0000,0x0000,0x0000,0x0000,0x0000,0x0000,0x0000,0x0000,0x0000,0x0000,0x0000,0x0000,0x0000,0x0000,
  0x0000,0x0000,0x0000,0x0000,0x0000,0x0000,0x0000,0x0000,0x0000,0x0000,0x0000,0x0000,0x0000,0x0000,0x0000,0x0000,
  0x0000,0x0000,0x0000,0x0000,0x0000,0x0000,0x0000,0x0000,0x0861,0x5acb,0x0841,0x18e3,0x8410,0x0000,0x2124,0x8430,
  0x0000,0x52aa,0x8430,0x0000,0x7bef,0x8430,0x0000,0xa514,0x6b6d,0x0020,0xbdf7,0x52aa,0x18c3,0xc638,0x31a6,0x2124,
  0xad75,0x1082,0x3186,0x9cd3,0x0020,0x4228,0x8410,0x0000,0x5acb,0x7bcf,0x0000,0x73ae,0x52aa,0x0000,0x7bcf,0x4208,
  0x0020,0xa514,0x3186,0x0861,0x9492,0x10a2,0x18c3,0x9492,0x0020,0x2945,0x7bcf,0x0000,0x31a6,0x738e,0x0000,0x630c,
  0x6b4d,0x0000,0x7bcf,0x52aa,0x0000,0x9492,0x4208,0x0000,0x8c71,0x18c3,0x1082,0x9cf3,0x0861,0x2945,0xa514,0x0020,
  0x39e7,0x8410,0x0000,0x4208,0x5acb,0x0000,0x4228,0x39e7,0x0000,0x1082,0x0841,0x0000,0x0000,0x0000,0x0000,0x0000,
  0x0000,0x0000,0x0000,0x0000,0x0000,0x0000,0x0000,0x0000,0x0000,0x0000,0x0000,0x0000,0x0000,0x0000,0x0000,0x0000,
  0x0000,0x0000,0x0000,0x0000,0x0000,0x0000,0x0000,0x0000,0x0000,0x0000,0x0000,0x0000,0x0000,0x0000,0x0000,0x0000,
  0x0000,0x0000,0x0000,0x0000,0x0000,0x0000,0x0000,0x0000,0x0000,0x0000,0x0000,0x0000,0x0000,0x0000,0x0000,0x0000,
  0x0000,0x0000,0x0000,0x0000,0x0000,0x0000,0x0000,0x0000,0x0000,0x0000,0x0000,0x0000,0x0000,0x0000,0x0000,0x0000,
  0x0000,0x0000,0x0000,0x0000,0x0000,0x0000,0x0000,0x0000,0x0000,0x0000,0x0000,0x0000,0x0000,0x0000,0x0000,0x0000,
  0x0000,0x0000,0x0020,0x0000,0x0861,0x632d,0x0841,0x18c3,0x8c71,0x0000,0x31a6,0x8c71,0x0000,0x630c,0x8c51,0x0000,
  0x7bef,0x9492,0x0000,0xa534,0x738e,0x0020,0xc618,0x5acb,0x10a2,0xce59,0x31a7,0x2124,0xbdf7,0x18c3,0x31a6,0x9cf3,
  0x0841,0x4228,0x8430,0x0000,0x5aeb,0x8410,0x0000,0x73ae,0x5aeb,0x0000,0x7bef,0x4228,0x0020,0xa514,0x3186,0x1082,
  0x9cd3,0x10a2,0x18e3,0x94b2,0x0841,0x2945,0x7bef,0x0000,0x31a6,0x73ae,0x0000,0x6b6d,0x738e,0x0000,0x8410,0x5aeb,
  0x0000,0x94b2,0x4a69,0x0020,0xad55,0x2965,0x18e3,0xbdd7,0x18c3,0x3186,0xad75,0x0000,0x4228,0x8c71,0x0000,0x4a69,
  0x738e,0x0000,0x528a,0x4208,0x0000,0x31a6,0x2104,0x0000,0x0000,0x0000,0x0000,0x0000,0x0000,0x0000,0x0000,0x0000,
  0x0000,0x0000,0x0000,0x0000,0x0000,0x0000,0x0000,0x0000,0x0000,0x0000,0x0000,0x0000,0x0000,0x0000,0x0000,0x0000,
  0x0000,0x0000,0x0000,0x0000,0x0000,0x0000,0x0000,0x0000,0x0000,0x0000,0x0000,0x0000,0x0000,0x0000,0x0000,0x0000,
  0x0000,0x0000,0x0000,0x0000,0x0000,0x0000,0x0000,0x0000,0x0000,0x0000,0x0000,0x0000,0x0000,0x0000,0x0000,0x0000,
  0x0000,0x0000,0x0000,0x0000,0x0000,0x0000,0x0000,0x0000,0x0000,0x0000,0x0000,0x0000,0x0000,0x0000,0x0000,0x0000,
  0x0000,0x0000,0x0000,0x0000,0x0000,0x0000,0x0000,0x0000,0x0000,0x0000,0x0000,0x0000,0x0000,0x0000,0x2945,0x0020,
  0x0861,0x73ae,0x0841,0x2104,0xa514,0x0841,0x39e7,0x9cd3,0x0000,0x632c,0x9cf3,0x0000,0x7bef,0x9492,0x0000,0xad55,
  0x6b6d,0x0020,0xbdf7,0x52aa,0x10a2,0xc618,0x31a6,0x2104,0xbdf7,0x18e3,0x31a6,0x9cf3,0x0841,0x4228,0x8430,0x0000,
  0x630c,0x8430,0x0000,0x73af,0x632c,0x0000,0x8430,0x4228,0x0020,0xa534,0x3186,0x1082,0x9cf3,0x18c3,0x18e3,0x9cf3,
  0x0861,0x2124,0x8c71,0x0000,0x4228,0x7bcf,0x0000,0x738e,0x8410,0x0000,0x8430,0x632c,0x0000,0x9cf3,0x528a,0x0861,
  0xbdd7,0x39e7,0x2104,0xc638,0x2104,0x31a6,0xc618,0x0841,0x4a49,0x9cf3,0x0000,0x52aa,0x8410,0x0000,0x5aeb,0x4228,
  0x0000,0x4a49,0x2965,0x0000,0x0000,0x0000,0x0000,0x0000,0x0000,0x0000,0x0000,0x0000,0x0000,0x0000,0x0000,0x0000,
  0x0000,0x0000,0x0000,0x0000,0x0000,0x0000,0x0000,0x0000,0x0000,0x0000,0x0000,0x0000,0x0000,0x0000,0x0000,0x0000,
  0x0000,0x0000,0x0000,0x0000,0x0000,0x0000,0x0000,0x0000,0x0000,0x0000,0x0000,0x0000,0x0000,0x0000,0x0000,0x0000,
  0x0000,0x0000,0x0000,0x0000,0x0000,0x0000,0x0000,0x0000,0x0000,0x0000,0x0000,0x0000,0x0000,0x0000,0x0000,0x0000,
  0x0000,0x0000,0x0000,0x0000,0x0000,0x0000,0x0000,0x0000,0x0000,0x0000,0x0000,0x0000,0x0000,0x0000,0x0000,0x0000,
  0x0000,0x0000,0x0000,0x0000,0x0000,0x0000,0x0000,0x0000,0x0000,0x0000,0x4a69,0x0861,0x1082,0x8c51,0x1082,0x2104,
  0xad75,0x1082,0x4208,0xa534,0x0000,0x6b6d,0xa534,0x0000,0x7bef,0x9492,0x0000,0xa534,0x6b6d,0x0000,0xad75,0x4a69,
  0x1082,0xb5b6,0x2945,0x2104,0xb596,0x10a2,0x3186,0x9cf3,0x0841,0x4228,0x8430,0x0000,0x5aeb,0x8c51,0x0000,0x7bcf,
  0x6b4d,0x0000,0x8c51,0x4228,0x0020,0xa534,0x3186,0x1082,0xa514,0x18e3,0x18e3,0xa534,0x1082,0x2124,0xa514,0x0020,
  0x528a,0x7bef,0x0000,0x738e,0x8c51,0x0000,0x8c51,0x6b4d,0x0000,0x9cf3,0x52aa,0x0861,0xc618,0x4208,0x2124,0xce79,
  0x2124,0x39c7,0xce59,0x0861,0x4a69,0xad75,0x0000,0x5acb,0x8c71,0x0000,0x632c,0x528a,0x0000,0x52aa,0x3186,0x0000,
  0x0020,0x0000,0x0000,0x0000,0x0000,0x0000,0x0000,0x0000,0x0000,0x0000,0x0000,0x0000,0x0000,0x0000,0x0000,0x0000,
  0x0000,0x0000,0x0000,0x0000,0x0000,0x0000,0x0000,0x0000,0x0000,0x0000,0x0000,0x0000,0x0000,0x0000,0x0000,0x0000,
  0x0000,0x0000,0x0000,0x0000,0x0000,0x0000,0x0000,0x0000,0x0000,0x0000,0x0000,0x0000,0x0000,0x0000,0x0000,0x0000,
  0x0000,0x0000,0x0000,0x0000,0x0000,0x0000,0x0000,0x0000,0x0000,0x0000,0x0000,0x0000,0x0000,0x0000,0x0000,0x0000,
  0x0000,0x0000,0x0000,0x0000,0x0000,0x0000,0x0000,0x0000,0x0000,0x0000,0x0000,0x0000,0x0000,0x0000,0x0000,0x0000,
  0x0000,0x0000,0x0000,0x0020,0x0000,0x0020,0x5aeb,0x1082,0x1082,0x94b2,0x10a2,0x2124,0xb5b6,0x1082,0x4208,0xad55,
  0x0000,0x6b6d,0xad55,0x0000,0x7bef,0x8c51,0x0000,0x9cf3,0x6b6d,0x0000,0xa514,0x4a49,0x0861,0xad55,0x18c3,0x18e3,
  0xa534,0x1082,0x3186,0x9cd3,0x0841,0x4208,0x8c51,0x0000,0x5acb,0x8c51,0x0000,0x8410,0x6b6d,0x0000,0x8c51,0x4228,
  0x0020,0xa534,0x3186,0x0861,0xa534,0x2104,0x18c3,0xad55,0x10a2,0x2965,0xad55,0x0841,0x4a69,0x7bef,0x0000,0x738e,
  0x8410,0x0000,0x8c71,0x6b4d,0x0000,0x9cf3,0x5acb,0x1082,0xc638,0x4228,0x2124,0xd69a,0x2945,0x39c7,0xd69a,0x10a2,
  0x4a49,0xbdd7,0x0000,0x5acb,0x94b2,0x0000,0x632c,0x6b4d,0x0000,0x5aeb,0x31a6,0x0000,0x2965,0x0861,0x0000,0x0000,
  0x0000,0x0000,0x0000,0x0000,0x0000,0x0000,0x0000,0x0000,0x0000,0x0000,0x0000,0x0000,0x0000,0x0000,0x0000,0x0000,
  0x0000,0x0000,0x0000,0x0000,0x0000,0x0000,0x0000,0x0000,0x0000,0x0000,0x0000,0x0000,0x0000,0x0000,0x0000,0x0000,
  0x0000,0x0000,0x0000,0x0000,0x0000,0x0000,0x0000,0x0000,0x0000,0x0000,0x0000,0x0000,0x0000,0x0000,0x0000,0x0000,
  0x0000,0x0000,0x0000,0x0000,0x0000,0x0000,0x0000,0x0000,0x0000,0x0000,0x0000,0x0000,0x0000,0x0000,0x0000,0x0000,
  0x0000,0x0000,0x0000,0x0000,0x0000,0x0000,0x0000,0x0000,0x0000,0x0000,0x0000,0x0000,0x0000,0x0000,0x0000,0x2965,
  0x10a2,0x0020,0x738e,0x18e3,0x1082,0x9cd3,0x18e3,0x2124,0xb5b6,0x10a2,0x4228,0xad75,0x0000,0x6b6d,0xad55,0x0000,
  0x7bef,0x7bef,0x0000,0x9492,0x6b4d,0x0000,0x9492,0x4208,0x0861,0x9cf3,0x18c3,0x18e3,0xa514,0x1082,0x2965,0x9cd3,
  0x0841,0x4208,0x8c51,0x0000,0x52aa,0x8c51,0x0000,0x8410,0x6b6d,0x0000,0x8c71,0x4208,0x0020,0xad55,0x3186,0x0861,
  0xad55,0x2104,0x18c3,0xad55,0x10a2,0x2965,0xad55,0x0841,0x4a49,0x7bef,0x0000,0x738e,0x73ae,0x0000,0x8c71,0x632c,
  0x0000,0x9cd3,0x52aa,0x0861,0xc638,0x4208,0x2124,0xd69a,0x2945,0x31a6,0xdedb,0x18c3,0x4228,0xc618,0x0000,0x5aeb,
  0xa514,0x0000,0x6b6d,0x73ae,0x0000,0x6b4d,0x39e7,0x0000,0x4a49,0x18c3,0x0000,0x0000,0x0000,0x0000,0x0000,0x0000,
  0x0000,0x0000,0x0000,0x0000,0x0000,0x0000,0x0000,0x0000,0x0000,0x0000,0x0000,0x0000,0x0000,0x0000,0x0000,0x0000,
  0x0000,0x0000,0x0000,0x0000,0x0000,0x0000,0x0000,0x0000,0x0000,0x0000,0x0000,0x0000,0x0000,0x0000,0x0000,0x0000,
  0x0000,0x0000,0x0000,0x0000,0x0000,0x0000,0x0000,0x0000,0x0000,0x0000,0x0000,0x0000,0x0000,0x0000,0x0000,0x0000,
  0x0000,0x0000,0x0000,0x0000,0x0000,0x0000,0x0000,0x0000,0x0000,0x0000,0x0000,0x0000,0x0000,0x0000,0x0000,0x0000,
  0x0000,0x0000,0x0000,0x0000,0x0000,0x0000,0x0000,0x0000,0x2965,0x2104,0x0000,0x4208,0x18e3,0x0020,0x8410,0x2124,
  0x1082,0xa514,0x2104,0x2945,0xbdd7,0x10a2,0x4228,0xad75,0x0000,0x6b6d,0xad55,0x0000,0x7bcf,0x7bcf,0x0000,0x8c51,
  0x632c,0x0000,0x8430,0x2965,0x0020,0x9492,0x18c3,0x18c3,0x9cd3,0x1082,0x2945,0x94b2,0x0841,0x4208,0x8430,0x0000,
  0x52aa,0x8c51,0x0000,0x8410,0x738e,0x0000,0x8c71,0x4208,0x0020,0xad55,0x3186,0x0861,0xad75,0x2124,0x18c3,0xad75,
  0x10a2,0x2965,0xa514,0x0020,0x4228,0x7bcf,0x0000,0x6b6d,0x738e,0x0000,0x8430,0x630c,0x0000,0x94b2,0x52aa,0x0841,
  0xbdd7,0x4208,0x2104,0xce79,0x2945,0x31a6,0xdedb,0x18c3,0x4228,0xc638,0x0000,0x6b6d,0xa534,0x0000,0x7bef,0x7bef,
  0x0000,0x6b6d,0x39e7,0x0000,0x528a,0x18e3,0x0000,0x0861,0x0000,0x0000,0x0000,0x0000,0x0000,0x0000,0x0000,0x0000,
  0x0000,0x0000,0x0000,0x0000,0x0000,0x0000,0x0000,0x0000,0x0000,0x0000,0x0000,0x0000,0x0000,0x0000,0x0000,0x0000,
  0x0000,0x0000,0x0000,0x0000,0x0000,0x0000,0x0000,0x0000,0x0000,0x0000,0x0000,0x0000,0x0000,0x0000,0x0000,0x0000,
  0x0000,0x0000,0x0000,0x0000,0x0000,0x0000,0x0000,0x0000,0x0000,0x0000,0x0000,0x0000,0x0000,0x0000,0x0000,0x0000,
  0x0000,0x0000,0x0000,0x0000,0x0000,0x0000,0x0000,0x0000,0x0000,0x0000,0x0000,0x0000,0x0000,0x0000,0x0000,0x0000,
  0x0000,0x0000,0x0000,0x0000,0x4228,0x31a6,0x0000,0x4228,0x2124,0x0841,0x8c71,0x2945,0x1082,0xa514,0x2104,0x2945,
  0xbdd7,0x10a2,0x4228,0xad75,0x0000,0x6b4d,0xa534,0x0000,0x73ae,0x73ae,0x0000,0x8430,0x5aeb,0x0000,0x8410,0x2124,
  0x0000,0x8410,0x18e3,0x1082,0x8c71,0x1082,0x2124,0x8c71,0x0841,0x4208,0x8430,0x0000,0x52aa,0x8410,0x0000,0x8430,
  0x738e,0x0000,0x9492,0x4208,0x0020,0xad75,0x3186,0x0861,0xad55,0x2104,0x18c3,0xad75,0x10a2,0x2965,0x9492,0x0000,
  0x39e7,0x7bcf,0x0000,0x630c,0x6b4d,0x0000,0x7bef,0x5acb,0x0000,0x9492,0x4a69,0x0020,0xad55,0x39c7,0x18e3,0xce59,
  0x2945,0x39c7,0xd6ba,0x18c3,0x4a49,0xbdf7,0x0000,0x73ae,0xa514,0x0000,0x8430,0x8430,0x0000,0x73ae,0x4208,0x0000,
  0x630c,0x2124,0x0000,0x31a6,0x0841,0x0000,0x0000,0x0000,0x0000,0x0000,0x0000,0x0000,0x0000,0x0000,0x0000,0x0000,
  0x0000,0x0000,0x0000,0x0000,0x0000,0x0000,0x0000,0x0000,0x0000,0x0000,0x0000,0x0000,0x0000,0x0000,0x0000,0x0000,
  0x0000,0x0000,0x0000,0x0000,0x0000,0x0000,0x0000,0x0000,0x0000,0x0000,0x0000,0x0000,0x0000,0x0000,0x0000,0x0000,
  0x0000,0x0000,0x0000,0x0000,0x0000,0x0000,0x0000,0x0000,0x0000,0x0000,0x0000,0x0000,0x0000,0x0000,0x0000,0x0000,
  0x0000,0x0000,0x0000,0x0000,0x0000,0x0000,0x0000,0x0000,0x0000,0x0000,0x0000,0x0000,0x0000,0x0000,0x0000,0x0000,
  0x4228,0x31a6,0x0000,0x52aa,0x2965,0x0841,0x9492,0x2945,0x1082,0xa534,0x2104,0x2965,0xbdf7,0x10a2,0x4228,0xad75,
  0x0000,0x632c,0x9cd3,0x0000,0x6b6d,0x738e,0x0000,0x8410,0x52aa,0x0000,0x7bef,0x2124,0x0000,0x8410,0x18e3,0x1082,
  0x8410,0x1082,0x2124,0x8c51,0x0841,0x4208,0x8410,0x0000,0x528a,0x7bcf,0x0000,0x8c51,0x73ae,0x0000,0x9492,0x4208,
  0x0020,0xad75,0x3186,0x1082,0xa534,0x18e3,0x18c3,0xa534,0x1082,0x2965,0x8430,0x0000,0x31a6,0x738e,0x0000,0x528a,
  0x5aeb,0x0000,0x738e,0x528a,0x0000,0x8430,0x39e7,0x0000,0x9cd3,0x2965,0x18c3,0xc618,0x2104,0x39c7,0xd69a,0x18c3,
  0x4a69,0xbdd7,0x0000,0x7bcf,0xa514,0x0000,0x8c71,0x8c71,0x0000,0x8c51,0x52aa,0x0000,0x6b4d,0x2945,0x0000,0x4228,
  0x0861,0x0000,0x0000,0x0000,0x0000,0x0000,0x0000,0x0000,0x0000,0x0000,0x0000,0x0000,0x0000,0x0000,0x0000,0x0000,
  0x0000,0x0000,0x0000,0x0000,0x0000,0x0000,0x0000,0x0000,0x0000,0x0000,0x0000,0x0000,0x0000,0x0000,0x0000,0x0000,
  0x0000,0x0000,0x0000,0x0000,0x0000,0x0000,0x0000,0x0000,0x0000,0x0000,0x0000,0x0000,0x0000,0x0000,0x0000,0x0000,
  0x0000,0x0000,0x0000,0x0000,0x0000,0x0000,0x0000,0x0000,0x0000,0x0000,0x0000,0x0000,0x0000,0x0000,0x0000,0x0000,
  0x0000,0x0000,0x0000,0x0000,0x0000,0x0000,0x0000,0x0000,0x0000,0x0000,0x0000,0x0000,0x4208,0x3186,0x0000,0x630c,
  0x31a6,0x0841,0x94b2,0x2965,0x0861,0xa534,0x2104,0x2965,0xbdf7,0x10a2,0x4228,0xad75,0x0000,0x5aeb,0x8c51,0x0000,
  0x6b4d,0x6b6d,0x0000,0x7bef,0x4a69,0x0000,0x7bef,0x2124,0x0000,0x8410,0x18e3,0x0841,0x7bef,0x1082,0x2124,0x8430,
  0x0020,0x4208,0x7bef,0x0000,0x528a,0x738e,0x0000,0x8c71,0x73ae,0x0000,0x94b2,0x4208,0x0020,0xb5b6,0x3186,0x1082,
  0xa534,0x18e3,0x18e3,0xa514,0x0861,0x2945,0x8410,0x0000,0x3186,0x6b6d,0x0000,0x39e7,0x52aa,0x0000,0x630c,0x4228,
  0x0000,0x7bcf,0x2124,0x0020,0x8c51,0x18c3,0x10a2,0xb596,0x10a2,0x3186,0xc638,0x1082,0x4a49,0xad75,0x0000,0x7bef,
  0xa514,0x0000,0x94b2,0x8c71,0x0000,0x94b2,0x5aeb,0x0000,0x6b4d,0x2965,0x0000,0x528a,0x10a2,0x0000,0x1082,0x0000,
  0x0000,0x0000,0x0000,0x0000,0x0000,0x0000,0x0000,0x0000,0x0000,0x0000,0x0000,0x0000,0x0000,0x0000,0x0000,0x0000,
  0x0000,0x0000,0x0000,0x0000,0x0000,0x0000,0x0000,0x0000,0x0000,0x0000,0x0000,0x0000,0x0000,0x0000,0x0000,0x0000,
  0x0000,0x0000,0x0000,0x0000,0x0000,0x0000,0x0000,0x0000,0x0000,0x0000,0x0000,0x0000,0x0000,0x0000,0x0000,0x0000,
  0x0000,0x0000,0x0000,0x0000,0x0000,0x0000,0x0000,0x0000,0x0000,0x0000,0x0000,0x0000,0x0000,0x0000,0x0000,0x0000,
  0x0000,0x0000,0x0000,0x0000,0x0000,0x0000,0x0000,0x0000,0x4208,0x3186,0x0000,0x6b6d,0x39c7,0x0841,0x9cd3,0x3186,
  0x0861,0xad55,0x2104,0x3186,0xc618,0x10a2,0x4228,0xad55,0x0000,0x5acb,0x8430,0x0000,0x6b4d,0x632c,0x0000,0x7bef,
  0x4a49,0x0000,0x7bef,0x2124,0x0000,0x8410,0x18e3,0x0841,0x7bef,0x1082,0x2124,0x8431,0x0020,0x4208,0x7bef,0x0000,
  0x528a,0x6b6d,0x0000,0x9492,0x73ae,0x0000,0x94b2,0x4228,0x0020,0xb5b6,0x3186,0x1082,0xa534,0x18e3,0x18e3,0x9cf3,
  0x0861,0x2124,0x8410,0x0000,0x2965,0x6b4d,0x0000,0x31a6,0x528a,0x0000,0x52aa,0x39e7,0x0000,0x6b4d,0x2104,0x0841,
  0x7bef,0x18c3,0x0861,0x94b2,0x0861,0x2965,0xbdd7,0x0841,0x4a49,0xa534,0x0000,0x73ae,0xa514,0x0000,0x94b2,0x9492,
  0x0000,0x9cd3,0x632c,0x0000,0x6b6d,0x3186,0x0000,0x5aeb,0x18c3,0x0020,0x4a69,0x0841,0x0000,0x0000,0x0000,0x0000,
  0x0000,0x0000,0x0000,0x0000,0x0000,0x0000,0x0000,0x0000,0x0000,0x0000,0x0000,0x0000,0x0000,0x0000,0x0000,0x0000,
  0x0000,0x0000,0x0000,0x0000,0x0000,0x0000,0x0000,0x0000,0x0000,0x0000,0x0000,0x0000,0x0000,0x0000,0x0000,0x0000,
  0x0000,0x0000,0x0000,0x0000,0x0000,0x0000,0x0000,0x0000,0x0000,0x0000,0x0000,0x0000,0x0000,0x0000,0x0000,0x0000,
  0x0000,0x0000,0x0000,0x0000,0x0000,0x0000,0x0000,0x0000,0x0000,0x0000,0x0000,0x0000,0x0000,0x0000,0x0000,0x0000,
  0x0000,0x18e3,0x2104,0x0000,0x39e7,0x2965,0x0000,0x7bcf,0x39c7,0x0841,0x9cf3,0x31a6,0x0861,0xad55,0x2104,0x3186,
  0xc618,0x10a2,0x4228,0xa514,0x0000,0x52aa,0x8410,0x0000,0x6b4d,0x630c,0x0000,0x7bef,0x4228,0x0000,0x7bef,0x2124,
  0x0000,0x8430,0x18e3,0x1082,0x8430,0x1082,0x2945,0x8c51,0x0020,0x4208,0x7bcf,0x0000,0x52aa,0x7bef,0x0000,0x94b2,
  0x7bcf,0x0000,0x9cd3,0x4a69,0x0020,0xb5b6,0x3186,0x1082,0xa534,0x18e3,0x18e3,0x9cf3,0x0861,0x2124,0x8410,0x0000,
  0x2965,0x632c,0x0000,0x31a6,0x4a69,0x0000,0x4a69,0x31a6,0x0000,0x630c,0x2104,0x0841,0x73ae,0x18e3,0x0841,0x8430,
  0x0861,0x2945,0xa534,0x0020,0x4228,0x9cf3,0x0000,0x6b4d,0xa514,0x0000,0x94b2,0x9492,0x0000,0x9cf3,0x632c,0x0000,
  0x7bcf,0x3186,0x0000,0x632c,0x18e3,0x0841,0x6b4d,0x0861,0x0000,0x0000,0x0000,0x0000,0x0000,0x0000,0x0000,0x0000,
  0x0000,0x0000,0x0000,0x0000,0x0000,0x0000,0x0000,0x0000,0x0000,0x0000,0x0000,0x0000,0x0000,0x0000,0x0000,0x0000,
  0x0000,0x0000,0x0000,0x0000,0x0000,0x0000,0x0000,0x0000,0x0000,0x0000,0x0000,0x0000,0x0000,0x0000,0x0000,0x0000,
  0x0000,0x0000,0x0000,0x0000,0x0000,0x0000,0x0000,0x0000,0x0000,0x0000,0x0000,0x0000,0x0000,0x0000,0x0000,0x0000,
  0x0000,0x0000,0x0000,0x0000,0x0000,0x0000,0x0000,0x0000,0x0000,0x0000,0x0000,0x0000,0x0000,0x39e7,0x4228,0x0000,
  0x39e7,0x2965,0x0000,0x7bef,0x39e7,0x0841,0x9cf3,0x31a6,0x0861,0xad55,0x2104,0x31a6,0xc618,0x10a2,0x4228,0x9cf3,
  0x0000,0x52aa,0x7bef,0x0000,0x6b4d,0x630c,0x0000,0x8410,0x4a69,0x0000,0x8430,0x2965,0x0841,0x9cf3,0x18e3,0x18c3,
  0x9cd3,0x1082,0x3186,0x8c51,0x0000,0x4208,0x8410,0x0000,0x5acb,0x8c51,0x0000,0x9cf3,0x7bcf,0x0000,0x9cf3,0x528a,
  0x0020,0xbdd7,0x3186,0x0861,0xa534,0x18e3,0x18e3,0x9cf3,0x0861,0x2124,0x8410,0x0000,0x2965,0x6b4d,0x0000,0x31a6,
  0x528a,0x0000,0x4a69,0x31a6,0x0000,0x630c,0x2104,0x0841,0x738e,0x18c3,0x0841,0x8430,0x1082,0x2104,0x9cd3,0x0020,
  0x4208,0x9cd3,0x0000,0x5acb,0x9cd3,0x0000,0x94b2,0x8c71,0x0000,0xa514,0x632c,0x0000,0x8430,0x31a6,0x0000,0x738e,
  0x18e3,0x0861,0x73ae,0x0861,0x0000,0x0000,0x0000,0x0000,0x0000,0x0000,0x0000,0x0000,0x0000,0x0000,0x0000,0x0000,
  0x0000,0x0000,0x0000,0x0000,0x0000,0x0000,0x0000,0x0000,0x0000,0x0000,0x0000,0x0000,0x0000,0x0000,0x0000,0x0000,
  0x0000,0x0000,0x0000,0x0000,0x0000,0x0000,0x0000,0x0000,0x0000,0x0000,0x0000,0x0000,0x0000,0x0000,0x0000,0x0000,
  0x0000,0x0000,0x0000,0x0000,0x0000,0x0000,0x0000,0x0000,0x0000,0x0000,0x0000,0x0000,0x0000,0x0000,0x0000,0x0000,
  0x0000,0x0000,0x0000,0x0000,0x0000,0x0000,0x0000,0x0000,0x0000,0x4208,0x4a69,0x0000,0x39e7,0x2965,0x0000,0x8410,
  0x4208,0x0841,0x9cf3,0x31a6,0x0861,0xa534,0x18e3,0x31a6,0xc618,0x10a2,0x4208,0x9cd3,0x0000,0x5acb,0x8410,0x0000,
  0x6b4d,0x6b4d,0x0000,0x8430,0x5acb,0x0000,0x9cf3,0x4228,0x10a2,0xbdf7,0x2965,0x2124,0xb5b6,0x1082,0x31a6,0x9cf3,
  0x0020,0x4208,0x94b2,0x0000,0x632c,0x9492,0x0000,0x9cf3,0x7bcf,0x0000,0xa514,0x5acb,0x0020,0xbdd7,0x2965,0x0861,
  0xad55,0x18e3,0x18e3,0x9cf3,0x0861,0x2124,0x8410,0x0000,0x39c7,0x738e,0x0000,0x4228,0x5acb,0x0000,0x5aeb,0x4208,
  0x0000,0x6b4d,0x2104,0x0020,0x7bcf,0x18e3,0x0841,0x8430,0x1082,0x18e3,0x8c71,0x0020,0x4208,0x94b2,0x0000,0x5acb,
  0x8c71,0x0000,0x9492,0x8c51,0x0000,0xa514,0x632c,0x0000,0x8c71,0x3186,0x0020,0x7bef,0x2104,0x1082,0x73ae,0x0841,
  0x0000,0x0000,0x0000,0x0000,0x0000,0x0000,0x0000,0x0000,0x0000,0x0000,0x0000,0x0000,0x0000,0x0000,0x0000,0x0000,
  0x0000,0x0000,0x0000,0x0000,0x0000,0x0000,0x0000,0x0000,0x0000,0x0000,0x0000,0x0000,0x0000,0x0000,0x0000,0x0000,
  0x0000,0x0000,0x0000,0x0000,0x0000,0x0000,0x0000,0x0000,0x0000,0x0000,0x0000,0x0000,0x0000,0x0000,0x0000,0x0000,
  0x0000,0x0000,0x0000,0x0000,0x0000,0x0000,0x0000,0x0000,0x0000,0x0000,0x0000,0x0000,0x0000,0x0000,0x0000,0x0000,
  0x0000,0x0000,0x0000,0x0000,0x0000,0x4a49,0x52aa,0x0000,0x4208,0x3186,0x0000,0x8410,0x4208,0x0841,0x9cf3,0x31a6,
  0x0861,0xa514,0x18e3,0x3186,0xbdf7,0x1082,0x4208,0x9492,0x0000,0x5acb,0x8430,0x0000,0x738e,0x738e,0x0000,0x9492,
  0x630c,0x0020,0xbdf7,0x528a,0x18c3,0xce79,0x39c7,0x2945,0xd69a,0x2124,0x39e7,0xb5b6,0x0020,0x528a,0xa534,0x0000,
  0x7bcf,0x9cd3,0x0000,0xa514,0x7bef,0x0000,0xa534,0x5aeb,0x0020,0xbdf7,0x31a6,0x0861,0xad75,0x2104,0x18c3,0xa534,
  0x0861,0x2965,0x94b2,0x0000,0x4a49,0x7bcf,0x0000,0x630c,0x6b4d,0x0000,0x73ae,0x52aa,0x0000,0x8430,0x31a6,0x0020,
  0x8410,0x18c3,0x0841,0x8c51,0x1082,0x18e3,0x8430,0x0020,0x39e7,0x8c71,0x0000,0x52aa,0x8410,0x0000,0x8c51,0x8430,
  0x0000,0xa514,0x632c,0x0000,0x9492,0x3186,0x0841,0x8c71,0x18e3,0x1082,0x73ae,0x0841,0x0000,0x0000,0x0000,0x0000,
  0x0000,0x0000,0x0000,0x0000,0x0000,0x0000,0x0000,0x0000,0x0000,0x0000,0x0000,0x0000,0x0000,0x0000,0x0000,0x0000,
  0x0000,0x0000,0x0000,0x0000,0x0000,0x0000,0x0000,0x0000,0x0000,0x0000,0x0000,0x0000,0x0000,0x0000,0x0000,0x0000,
  0x0000,0x0000,0x0000,0x0000,0x0000,0x0000,0x0000,0x0000,0x0000,0x0000,0x0000,0x0000,0x0000,0x0000,0x0000,0x0000,
  0x0000,0x0000,0x0000,0x0000,0x0000,0x0000,0x0000,0x0000,0x0000,0x0000,0x0000,0x0000,0x0000,0x0000,0x0000,0x0000,
  0x0000,0x4a69,0x5aeb,0x0000,0x4a49,0x39c7,0x0000,0x8410,0x4208,0x0841,0x9cf3,0x31a6,0x0861,0xa514,0x18c3,0x3186,
  0xb596,0x0841,0x4228,0x9492,0x0000,0x5aeb,0x8c51,0x0000,0x7bcf,0x7bcf,0x0000,0xb596,0x6b6d,0x0861,0xd6ba,0x5aeb,
  0x18c3,0xdefb,0x4228,0x39c7,0xe73c,0x31a6,0x5acb,0xdefb,0x18e3,0x6b6d,0xb596,0x0000,0x9492,0xa514,0x0000,0xa534,
  0x8430,0x0000,0xad55,0x5aeb,0x0000,0xc618,0x39e7,0x0861,0xb596,0x2104,0x10a2,0xad75,0x1082,0x39e7,0xad75,0x0020,
  0x52aa,0x8c51,0x0000,0x73ae,0x73ae,0x0000,0x8c71,0x630c,0x0000,0xa514,0x4a49,0x0020,0x9cd3,0x2945,0x1082,0x94b2,
  0x0861,0x2104,0x8c71,0x0020,0x39e7,0x8c51,0x0000,0x52aa,0x7bef,0x0000,0x7bef,0x7bef,0x0000,0xa514,0x5aeb,0x0000,
  0x9492,0x3186,0x0861,0x94b2,0x18e3,0x10a2,0x73ae,0x0861,0x0000,0x0000,0x0000,0x0000,0x0000,0x0000,0x0000,0x0000,
  0x0000,0x0000,0x0000,0x0000,0x0000,0x0000,0x0000,0x0000,0x0000,0x0000,0x0000,0x0000,0x0000,0x0000,0x0000,0x0000,
  0x0000,0x0000,0x0000,0x0000,0x0000,0x0000,0x0000,0x0000,0x0000,0x0000,0x0000,0x0000,0x0000,0x0000,0x0000,0x0000,
  0x0000,0x0000,0x0000,0x0000,0x0000,0x0000,0x0000,0x0000,0x0000,0x0000,0x0000,0x0000,0x0000,0x0000,0x0000,0x0000,
  0x0000,0x0000,0x0000,0x0000,0x0000,0x0000,0x0000,0x0000,0x0000,0x0000,0x0000,0x0000,0x0000,0x52aa,0x630c,0x0000,
  0x630c,0x4208,0x0000,0x8410,0x4208,0x0841,0x9cf3,0x31a6,0x0861,0x9cf3,0x10a2,0x2965,0xa534,0x0020,0x4228,0x9492,
  0x0000,0x630c,0x9492,0x0000,0x8410,0x9492,0x0020,0xce59,0x9492,0x10a2,0xe71c,0x7bcf,0x2945,0xf79e,0x528a,0x4a69,
  0xf7be,0x39c7,0x6b6d,0xef7d,0x2945,0x7bcf,0xbdf7,0x0000,0x9cf3,0xad55,0x0000,0xa534,0x8c71,0x0000,0xad75,0x630c,
  0x0000,0xc618,0x4208,0x0861,0xb5b6,0x2104,0x18e3,0xbdd7,0x10a2,0x4228,0xbdd7,0x0841,0x630c,0xa534,0x0000,0x8430,
  0x9492,0x0020,0xb596,0x738e,0x0841,0xce59,0x52aa,0x1082,0xc638,0x39e7,0x18e3,0xad75,0x1082,0x2945,0xa514,0x0020,
  0x39e7,0x8c51,0x0000,0x52aa,0x73ae,0x0000,0x6b6d,0x7bcf,0x0000,0x9cf3,0x52aa,0x0000,0x94b2,0x3186,0x1082,0x94b2,
  0x2104,0x1082,0x73ae,0x0861,0x0000,0x0000,0x0000,0x0000,0x0000,0x0000,0x0000,0x0000,0x0000,0x0000,0x0000,0x0000,
  0x0000,0x0000,0x0000,0x0000,0x0000,0x0000,0x0000,0x0000,0x0000,0x0000,0x0000,0x0000,0x0000,0x0000,0x0000,0x0000,
  0x0000,0x0000,0x0000,0x0000,0x0000,0x0000,0x0000,0x0000,0x0000,0x0000,0x0000,0x0000,0x0000,0x0000,0x0000,0x0000,
  0x0000,0x0000,0x0000,0x0000,0x0000,0x0000,0x0000,0x0000,0x0000,0x0000,0x0000,0x0000,0x0000,0x0000,0x0000,0x0000,
  0x0000,0x0000,0x0000,0x0000,0x0000,0x0000,0x0000,0x0000,0x0000,0x630c,0x6b6d,0x0000,0x94b2,0x4228,0x0000,0x8410,
  0x4208,0x0841,0x9cd3,0x3186,0x1082,0x9cd3,0x10a2,0x2945,0x9cd3,0x0000,0x4208,0x94b2,0x0000,0x6b4d,0xa534,0x0000,
  0x9cf3,0xad75,0x0841,0xd6ba,0xa534,0x2104,0xef7d,0x8c71,0x4208,0xffff,0x738e,0x5acb,0xffff,0x4228,0x6b4d,0xf79e,
  0x2965,0x8410,0xce79,0x0861,0x9cf3,0xb596,0x0000,0xad55,0x94b2,0x0020,0xb596,0x632c,0x0000,0xc638,0x4a49,0x0841,
  0xbdd7,0x2104,0x2945,0xc638,0x10a2,0x528a,0xc638,0x0861,0x6b6d,0xbdd7,0x0841,0x9cf3,0xad75,0x1082,0xce59,0x9492,
  0x18c3,0xdedb,0x6b4d,0x18e3,0xdefb,0x4228,0x2104,0xc638,0x18e3,0x3186,0xb5b6,0x0020,0x4208,0x9492,0x0000,0x52aa,
  0x73ae,0x0000,0x632c,0x738e,0x0000,0x94b2,0x4228,0x0000,0x94b2,0x3186,0x0861,0x94b2,0x2104,0x1082,0x7bef,0x0861,
  0x0000,0x0000,0x0000,0x0000,0x0000,0x0000,0x0000,0x0000,0x0000,0x0000,0x0000,0x0000,0x0000,0x0000,0x0000,0x0000,
  0x0000,0x0000,0x0000,0x0000,0x0000,0x0000,0x0000,0x0000,0x0000,0x0000,0x0000,0x0000,0x0000,0x0000,0x0000,0x0000,
  0x0000,0x0000,0x0000,0x0000,0x0000,0x0000,0x0000,0x0000,0x0000,0x0000,0x0000,0x0000,0x0000,0x0000,0x0000,0x0000,
  0x0000,0x0000,0x0000,0x0000,0x0000,0x0000,0x0000,0x0000,0x0000,0x0000,0x0000,0x0000,0x0000,0x0000,0x0000,0x0000,
  0x0000,0x0000,0x0000,0x0000,0x0000,0x52aa,0x8410,0x0000,0xad55,0x4a49,0x0000,0x8410,0x4208,0x0841,0x94b2,0x2965,
  0x1082,0x94b2,0x1082,0x18e3,0x8c71,0x0000,0x4208,0xa514,0x0000,0x6b4d,0xad55,0x0000,0xb596,0xbdf7,0x0841,0xdedb,
  0xad55,0x2945,0xf7be,0x9492,0x4a49,0xffff,0x7bcf,0x630c,0xffff,0x5acb,0x6b4d,0xf79e,0x2965,0x8430,0xdedb,0x1082,
  0xad55,0xbdf7,0x0020,0xad75,0x94b2,0x0000,0xb5b6,0x6b6d,0x0020,0xce79,0x4a49,0x0841,0xc618,0x2104,0x31a6,0xd69a,
  0x18c3,0x52aa,0xd69a,0x0861,0x738e,0xc638,0x1082,0xb596,0xbdd7,0x10a2,0xce79,0xa514,0x18c3,0xe71c,0x8430,0x18e3,
  0xef5d,0x4228,0x2124,0xd6ba,0x2945,0x31a6,0xce59,0x1082,0x4208,0x9cf3,0x0000,0x52aa,0x73ae,0x0000,0x632c,0x6b4d,
  0x0000,0x9492,0x39e7,0x0000,0x94b2,0x3186,0x0861,0x9492,0x18e3,0x1082,0x9492,0x10a2,0x0000,0x0000,0x0000,0x0000,
  0x0000,0x0000,0x0000,0x0000,0x0000,0x0000,0x0000,0x0000,0x0000,0x0000,0x0000,0x0000,0x0000,0x0000,0x0000,0x0000,
  0x0000,0x0000,0x0000,0x0000,0x0000,0x0000,0x0000,0x0000,0x0000,0x0000,0x0000,0x0000,0x0000,0x0000,0x0000,0x0000,
  0x0000,0x0000,0x0000,0x0000,0x0000,0x0000,0x0000,0x0000,0x0000,0x0000,0x0000,0x0000,0x0000,0x0000,0x0000,0x0000,
  0x0000,0x0000,0x0000,0x0000,0x0000,0x0000,0x0000,0x0000,0x0000,0x0000,0x0000,0x0000,0x0000,0x0000,0x0000,0x0000,
  0x0000,0x528a,0x8c51,0x0020,0xb596,0x52aa,0x0000,0x7bcf,0x39e7,0x0841,0x9492,0x2124,0x1082,0x94b2,0x1082,0x18e3,
  0x8c51,0x0000,0x4208,0xa514,0x0000,0x6b6d,0xb596,0x0841,0xbdf7,0xc638,0x1082,0xdefb,0xb596,0x3186,0xffdf,0x9cd3,
  0x528a,0xffff,0x7bef,0x632c,0xffff,0x5aeb,0x6b4d,0xf79e,0x2965,0x8430,0xdefb,0x18c3,0xb596,0xce59,0x0841,0xb596,
  0x9cd3,0x0000,0xb5b6,0x738e,0x0841,0xd69a,0x4a49,0x0841,0xc638,0x2104,0x39c7,0xd6ba,0x10a2,0x5aeb,0xdedb,0x0861,
  0x8430,0xd69a,0x1082,0xbdd7,0xc618,0x10a2,0xd69a,0xad75,0x18c3,0xef5d,0x9492,0x2945,0xf79e,0x528a,0x2124,0xe71c,
  0x3186,0x39c7,0xd69a,0x10a2,0x4a49,0xa534,0x0000,0x52aa,0x73ae,0x0000,0x632c,0x5aeb,0x0000,0x8c51,0x39e7,0x0000,
  0x9492,0x3186,0x0861,0x9492,0x18e3,0x10a2,0xa534,0x18e3,0x0000,0x0000,0x0000,0x0000,0x0000,0x0000,0x0000,0x0000,
  0x0000,0x0000,0x0000,0x0000,0x0000,0x0000,0x0000,0x0000,0x0000,0x0000,0x0000,0x0000,0x0000,0x0000,0x0000,0x0000,
  0x0000,0x0000,0x0000,0x0000,0x0000,0x0000,0x0000,0x0000,0x0000,0x0000,0x0000,0x0000,0x0000,0x0000,0x0000,0x0000,
  0x0000,0x0000,0x0000,0x0000,0x0000,0x0000,0x0000,0x0000,0x0000,0x0000,0x0000,0x0000,0x0000,0x0000,0x0000,0x0000,
  0x0000,0x0000,0x0000,0x0000,0x0000,0x0000,0x0000,0x0000,0x0000,0x0000,0x0000,0x0000,0x0000,0x630c,0x9492,0x0000,
  0xb596,0x738e,0x0000,0x738e,0x39e7,0x0841,0x8c71,0x2124,0x1082,0x9492,0x1082,0x18e3,0x8410,0x0000,0x31a6,0x8c71,
  0x0000,0x6b4d,0xb5b6,0x0841,0xbdf7,0xc618,0x1082,0xdedb,0xbdf7,0x39c7,0xffff,0x9cf3,0x528a,0xffff,0x8410,0x630c,
  0xffff,0x5acb,0x6b4d,0xf79e,0x2965,0x8430,0xe71c,0x18e3,0xb5b6,0xce79,0x0861,0xb596,0xad55,0x0000,0xbdf7,0x7bcf,
  0x0861,0xdedb,0x4a69,0x1082,0xd69a,0x2124,0x4208,0xe71c,0x18c3,0x5aeb,0xe71c,0x10a2,0x9492,0xdefb,0x18e3,0xbdd7,
  0xd6ba,0x18e3,0xd6ba,0xb5b6,0x2124,0xf79e,0x9492,0x31a6,0xffdf,0x630c,0x3186,0xef7d,0x3186,0x31a6,0xdedb,0x10a2,
  0x4a69,0xad75,0x0000,0x52aa,0x73ae,0x0000,0x632c,0x528a,0x0000,0x73ae,0x39e7,0x0000,0x8c71,0x3186,0x0861,0x94b2,
  0x18e3,0x18c3,0xb5b6,0x18e3,0x0000,0x0000,0x0000,0x0000,0x0000,0x0000,0x0000,0x0000,0x0000,0x0000,0x0000,0x0000,
  0x0000,0x0000,0x0000,0x0000,0x0000,0x0000,0x0000,0x0000,0x0000,0x0000,0x0000,0x0000,0x0000,0x0000,0x0000,0x0000,
  0x0000,0x0000,0x0000,0x0000,0x0000,0x0000,0x0000,0x0000,0x0000,0x0000,0x0000,0x0000,0x0000,0x0000,0x0000,0x0000,
  0x0000,0x0000,0x0000,0x0000,0x0000,0x0000,0x0000,0x0000,0x0000,0x0000,0x0000,0x0000,0x0000,0x0000,0x0000,0x0000,
  0x0000,0x0000,0x0000,0x0000,0x0000,0x0000,0x0000,0x0000,0x0000,0x73ae,0x9cf3,0x0000,0xad55,0x8c51,0x0000,0x6b4d,
  0x39c7,0x0841,0x8c71,0x2104,0x1082,0x9492,0x1082,0x18c3,0x73ae,0x0020,0x2104,0x7bcf,0x0000,0x5acb,0xad75,0x0000,
  0x9cf3,0xb5b6,0x0861,0xd69a,0xce79,0x4208,0xffff,0x9cf3,0x5acb,0xffff,0x8430,0x630c,0xffff,0x4208,0x6b4d,0xf79e,
  0x2965,0x8430,0xe71c,0x18e3,0xb5b6,0xd6ba,0x10a2,0xbdf7,0xb5b6,0x0020,0xc638,0x7bef,0x1082,0xdefb,0x5acb,0x18e3,
  0xe71c,0x31a6,0x4208,0xef7d,0x2124,0x630c,0xef7d,0x2104,0x9cd3,0xef5d,0x2945,0xbdd7,0xdedb,0x2104,0xd6bb,0xc618,
  0x31a6,0xf7be,0x9cf3,0x4228,0xffff,0x73ae,0x528a,0xffdf,0x3186,0x4208,0xe71c,0x18c3,0x4a69,0xad55,0x0000,0x528a,
  0x738e,0x0000,0x630c,0x4a49,0x0000,0x6b6d,0x39e7,0x0000,0x8c51,0x3186,0x0861,0x94b2,0x18e3,0x18e3,0xce79,0x2124,
  0x0861,0x10a2,0x0000,0x0000,0x0000,0x0000,0x0000,0x0000,0x0000,0x0000,0x0000,0x0000,0x0000,0x0000,0x0000,0x0000,
  0x0000,0x0000,0x0000,0x0000,0x0000,0x0000,0x0000,0x0000,0x0000,0x0000,0x0000,0x0000,0x0000,0x0000,0x0000,0x0000,
  0x0000,0x0000,0x0000,0x0000,0x0000,0x0000,0x0000,0x0000,0x0000,0x0000,0x0000,0x0000,0x0000,0x0000,0x0000,0x0000,
  0x0000,0x0000,0x0000,0x0000,0x0000,0x0000,0x0000,0x0000,0x0000,0x0000,0x0000,0x0000,0x0000,0x0000,0x0000,0x0000,
  0x0000,0x0000,0x0000,0x0000,0x0000,0x8c51,0xa534,0x0000,0xa514,0x8c71,0x0000,0x630c,0x31a6,0x0841,0x7bcf,0x10a2,
  0x0861,0x7bcf,0x0861,0x10a2,0x632c,0x0020,0x2104,0x73ae,0x0000,0x5acb,0xa514,0x0000,0x8430,0xa514,0x0841,0xce59,
  0xbdd7,0x4208,0xffff,0x9492,0x528a,0xffff,0x8410,0x52aa,0xffdf,0x39c7,0x6b6d,0xef7d,0x2965,0x8430,0xe71c,0x18e3,
  0xb5b6,0xdedb,0x18e3,0xc638,0xbdf7,0x1082,0xd69a,0x8410,0x10a2,0xe73c,0x6b4d,0x2124,0xef5d,0x39e7,0x4a49,0xf79e,
  0x2965,0x738e,0xf7be,0x2965,0x9cd3,0xef7d,0x2965,0xbdf7,0xdedb,0x2945,0xdefb,0xc638,0x4228,0xffff,0xb5b6,0x5acb,
  0xffff,0x8410,0x630c,0xffff,0x4208,0x52aa,0xe73c,0x18e3,0x4228,0xa514,0x0000,0x4228,0x6b4d,0x0000,0x5acb,0x4208,
  0x0000,0x6b6d,0x39e7,0x0000,0x8430,0x2965,0x0861,0x9492,0x18e3,0x39c7,0xe71c,0x2965,0x2104,0x4208,0x0000,0x0000,
  0x0000,0x0000,0x0000,0x0000,0x0000,0x0000,0x0000,0x0000,0x0000,0x0000,0x0000,0x0000,0x0000,0x0000,0x0000,0x0000,
  0x0000,0x0000,0x0000,0x0000,0x0000,0x0000,0x0000,0x0000,0x0000,0x0000,0x0000,0x0000,0x0000,0x0000,0x0000,0x0000,
  0x0000,0x0000,0x0000,0x0000,0x0000,0x0000,0x0000,0x0000,0x0000,0x0000,0x0000,0x0000,0x0000,0x0000,0x0000,0x0000,
  0x0000,0x0000,0x0000,0x0000,0x0000,0x0000,0x0000,0x0000,0x0000,0x0000,0x0000,0x0000,0x0000,0x0000,0x0000,0x0000,
  0x0000,0x94b2,0xad55,0x0020,0xa514,0x8430,0x0000,0x5aeb,0x3186,0x0020,0x630c,0x0861,0x0841,0x4a69,0x0841,0x1082,
  0x52aa,0x0020,0x3186,0x94b2,0x0000,0x6b4d,0xb5b6,0x0020,0xb596,0xb5b6,0x1082,0xd69a,0x8c71,0x3186,0xffdf,0x7bef,
  0x4228,0xffff,0x5acb,0x4a69,0xf7be,0x39c7,0x6b6d,0xf79e,0x2965,0x8430,0xe71c,0x18e3,0xb5b6,0xdedb,0x2104,0xce79,
  0xc618,0x2104,0xdefb,0x8430,0x18c3,0xef7d,0x6b6d,0x2945,0xef7d,0x4208,0x4a49,0xf7be,0x39c7,0x7bef,0xffdf,0x31a6,
  0x9cf3,0xef5d,0x2965,0xbdf7,0xdefb,0x3186,0xe73c,0xce59,0x528a,0xffff,0xbdf7,0x632c,0xffff,0x9492,0x632c,0xffff,
  0x4a69,0x632c,0xef7d,0x2104,0x4208,0x9cf3,0x0000,0x4208,0x5aeb,0x0000,0x4208,0x39c7,0x0000,0x630c,0x39c7,0x0000,
  0x7bef,0x2965,0x0020,0x8410,0x18e3,0x4228,0xef5d,0x3186,0x2124,0x528a,0x0000,0x0000,0x0000,0x0000,0x0000,0x0000,
  0x0000,0x0000,0x0000,0x0000,0x0000,0x0000,0x0000,0x0000,0x0000,0x0000,0x0000,0x0000,0x0000,0x0000,0x0000,0x0000,
  0x0000,0x0000,0x0000,0x0000,0x0000,0x0000,0x0000,0x0000,0x0000,0x0000,0x0000,0x0000,0x0000,0x0000,0x0000,0x0000,
  0x0000,0x0000,0x0000,0x0000,0x0000,0x0000,0x0000,0x0000,0x0000,0x0000,0x0000,0x0000,0x0000,0x0000,0x0000,0x0000,
  0x0000,0x0000,0x0000,0x0000,0x0000,0x0000,0x0000,0x0000,0x0000,0x0000,0x0000,0x0000,0x0000,0x9cd3,0xad75,0x0020,
  0x9cd3,0x73ae,0x0000,0x5acb,0x2945,0x0000,0x4a69,0x0861,0x0000,0x10a2,0x0000,0x18c3,0x8430,0x0020,0x5acb,0xd6ba,
  0x10a2,0xa514,0xef5d,0x3186,0xe71c,0xef5d,0x31a6,0xef7d,0x632c,0x18c3,0xef7d,0x9cd3,0x4228,0xf7be,0x4208,0x528a,
  0xffdf,0x39e7,0x6b6d,0xf79e,0x2965,0x8430,0xe73c,0x2104,0xb5b6,0xdefb,0x2124,0xce7a,0xc638,0x2124,0xe73c,0x8c51,
  0x18e3,0xef7d,0x6b6d,0x3186,0xf79e,0x4228,0x4a49,0xffdf,0x4208,0x8430,0xffdf,0x31a6,0x9cf3,0xef5d,0x2945,0xbdf7,
  0xdefb,0x31a6,0xef5d,0xce79,0x52aa,0xffff,0xbdf7,0x5aeb,0xffff,0x9cf3,0x6b4d,0xffff,0x6b4d,0x8410,0xffff,0x39e7,
  0x73ae,0xc618,0x0000,0x52aa,0x738e,0x0000,0x39c7,0x31a6,0x0000,0x528a,0x3186,0x0000,0x738e,0x2945,0x0000,0x7bcf,
  0x18c3,0x528a,0xef7d,0x3186,0x2124,0x528a,0x0000,0x0000,0x0000,0x0000,0x0000,0x0000,0x0000,0x0000,0x0000,0x0000,
  0x0000,0x0000,0x0000,0x0000,0x0000,0x0000,0x0000,0x0000,0x0000,0x0000,0x0000,0x0000,0x0000,0x0000,0x0000,0x0000,
  0x0000,0x0000,0x0000,0x0000,0x0000,0x0000,0x0000,0x0000,0x0000,0x0000,0x0000,0x0000,0x0000,0x0000,0x0000,0x0000,
  0x0000,0x0000,0x0000,0x0000,0x0000,0x0000,0x0000,0x0000,0x0000,0x0000,0x0000,0x0000,0x0000,0x0000,0x0000,0x0000,
  0x0000,0x0000,0x0000,0x0000,0x0000,0x0000,0x0000,0x0000,0x0000,0x9cd3,0xad75,0x0020,0x9492,0x5acb,0x0000,0x4a69,
  0x2124,0x0000,0x2945,0x0020,0x0841,0x4a69,0x0020,0x4228,0xe73c,0x39e7,0xa534,0xffff,0x5aeb,0xce79,0xef7d,0x31a6,
  0xce59,0xad75,0x0861,0xa534,0x632c,0x0841,0xd69a,0x8430,0x4228,0xf7be,0x4208,0x5acb,0xffff,0x52aa,0x738e,0xffdf,
  0x2945,0x9492,0xef5d,0x2124,0xb5b6,0xdefb,0x2124,0xd69a,0xc638,0x2124,0xe73c,0x9cd3,0x2124,0xf79e,0x6b6d,0x31a6,
  0xf7be,0x4a49,0x4a49,0xffff,0x4228,0x8430,0xffdf,0x39c7,0xa514,0xef5d,0x2965,0xc618,0xdedb,0x31a6,0xef5d,0xce79,
  0x4a69,0xffff,0xb596,0x4a49,0xffff,0x7bcf,0x630c,0xffff,0x6b4d,0x9cd3,0xffff,0x7bcf,0xbdf7,0xffdf,0x31a6,0x9cf3,
  0xb596,0x0000,0x5acb,0x4208,0x0000,0x2124,0x10a2,0x0000,0x5aeb,0x2124,0x0020,0x7bef,0x18c3,0x528a,0xef7d,0x2965,
  0x2104,0x4228,0x0000,0x0000,0x0000,0x0000,0x0000,0x0000,0x0000,0x0000,0x0000,0x0000,0x0000,0x0000,0x0000,0x0000,
  0x0000,0x0000,0x0000,0x0000,0x0000,0x0000,0x0000,0x0000,0x0000,0x0000,0x0000,0x0000,0x0000,0x0000,0x0000,0x0000,
  0x0000,0x0000,0x0000,0x0000,0x0000,0x0000,0x0000,0x0000,0x0000,0x0000,0x0000,0x0000,0x0000,0x0000,0x0000,0x0000,
  0x0000,0x0000,0x0000,0x0000,0x0000,0x0000,0x0000,0x0000,0x0000,0x0000,0x0000,0x0000,0x0000,0x0000,0x0000,0x0000,
  0x0000,0x0000,0x0000,0x0000,0x0000,0x94b2,0xad55,0x0020,0x8c71,0x528a,0x0000,0x39c7,0x18e4,0x0000,0x0841,0x0000,
  0x18c3,0xc638,0x4a69,0x8c71,0xffdf,0x5aeb,0x8c51,0xce59,0x2104,0x738e,0x94b2,0x0000,0x73ae,0x73ae,0x0000,0x8430,
  0x632c,0x0000,0x9cf3,0x528a,0x2104,0xdedb,0x39e7,0x630c,0xffff,0x630c,0x738e,0xffff,0x31a6,0x94b2,0xef7d,0x2945,
  0xbdd7,0xdedb,0x2945,0xd6ba,0xc618,0x2124,0xe73c,0x9cf3,0x2124,0xf7be,0x6b6d,0x31a6,0xffdf,0x4a69,0x4228,0xffff,
  0x4a49,0x8c51,0xffdf,0x39c7,0xa534,0xef7d,0x2965,0xc618,0xdedb,0x3186,0xe73c,0xc638,0x31a6,0xffdf,0x9cd3,0x2945,
  0xef5d,0x4228,0x2965,0xe71c,0x31a6,0x4208,0xe71c,0x2945,0x6b6d,0xe73c,0x4228,0xce59,0xf7be,0x31a6,0xbdd7,0x73ae,
  0x0000,0x2104,0x10a2,0x0000,0x39e7,0x10a2,0x0861,0x8c51,0x18c3,0x528a,0xef5d,0x2965,0x1082,0x2104,0x0000,0x0000,
  0x0000,0x0000,0x0000,0x0000,0x0000,0x0000,0x0000,0x0000,0x0000,0x0000,0x0000,0x0000,0x0000,0x0000,0x0000,0x0000,
  0x0000,0x0000,0x0000,0x0000,0x0000,0x0000,0x0000,0x0000,0x0000,0x0000,0x0000,0x0000,0x0000,0x0000,0x0000,0x0000,
  0x0000,0x0000,0x0000,0x0000,0x0000,0x0000,0x0000,0x0000,0x0000,0x0000,0x0000,0x0000,0x0000,0x0000,0x0000,0x0000,
  0x0000,0x0000,0x0000,0x0000,0x0000,0x0000,0x0000,0x0000,0x0000,0x0000,0x0000,0x0000,0x0000,0x0000,0x0000,0x0000,
  0x0000,0x73ae,0xad55,0x0020,0x9492,0x4208,0x0000,0x2104,0x1082,0x0000,0x630c,0x2945,0x630c,0xffdf,0x630c,0x3186,
  0x9cd3,0x0000,0x39c7,0x8c71,0x0000,0x528a,0x8430,0x0000,0x738e,0x73ae,0x0000,0x8410,0x5aeb,0x0000,0x8c51,0x39e7,
  0x0020,0xad55,0x3186,0x528a,0xffff,0x632c,0x73ae,0xffff,0x4208,0x9cd2,0xef7d,0x2965,0xbdf7,0xdedb,0x2945,0xdedb,
  0xbdf7,0x2124,0xe73c,0x8410,0x2945,0xf7be,0x6b6d,0x39c7,0xffdf,0x4a69,0x528a,0xffff,0x4a49,0x8c71,0xffdf,0x39c7,
  0xa534,0xef7d,0x2965,0xc618,0xdedb,0x2104,0xdefb,0xb5b6,0x18c3,0xe71c,0x7bef,0x10a2,0xc618,0x31a6,0x18e3,0xce59,
  0x2124,0x31a6,0xce79,0x1082,0x4208,0xa534,0x0000,0x630c,0xb596,0x3186,0xdefb,0xdedb,0x2124,0x9492,0x39c7,0x0000,
  0x0861,0x0020,0x0841,0x8410,0x18c3,0x4a69,0xe71c,0x2124,0x0000,0x0000,0x0000,0x0000,0x0000,0x0000,0x0000,0x0000,
  0x0000,0x0000,0x0000,0x0000,0x0000,0x0000,0x0000,0x0000,0x0000,0x0000,0x0000,0x0000,0x0000,0x0000,0x0000,0x0000,
  0x0000,0x0000,0x0000,0x0000,0x0000,0x0000,0x0000,0x0000,0x0000,0x0000,0x0000,0x0000,0x0000,0x0000,0x0000,0x0000,
  0x0000,0x0000,0x0000,0x0000,0x0000,0x0000,0x0000,0x0000,0x0000,0x0000,0x0000,0x0000,0x0000,0x0000,0x0000,0x0000,
  0x0000,0x0000,0x0000,0x0000,0x0000,0x0000,0x0000,0x0000,0x0000,0x0000,0x0000,0x0000,0x0000,0x4a49,0x9cf3,0x0020,
  0x9492,0x31a6,0x0000,0x0020,0x0000,0x1082,0xd69a,0xa514,0x39e7,0x9cf3,0x10a2,0x18c3,0x8430,0x0000,0x31a6,0x8c51,
  0x0000,0x52aa,0x8410,0x0000,0x6b6d,0x6b6d,0x0000,0x8410,0x52aa,0x0000,0x8430,0x3186,0x0000,0x8c71,0x18e3,0x2965,
  0xf79e,0x4a69,0x73ae,0xffff,0x4208,0x94b2,0xef7d,0x2965,0xce59,0xd6ba,0x2965,0xdefc,0xbdd7,0x2124,0xe71c,0x7bcf,
  0x2965,0xffdf,0x6b6d,0x31a6,0xffdf,0x528a,0x5acb,0xffff,0x4a49,0x9492,0xffff,0x39c7,0xa534,0xef7d,0x3186,0xc638,
  0xce79,0x18c3,0xd69a,0xa534,0x0861,0xbdf7,0x528a,0x0020,0xad75,0x31a6,0x18e3,0xbdf7,0x2104,0x31a6,0xc638,0x1082,
  0x4208,0xa514,0x0000,0x52aa,0x8430,0x0000,0x738e,0x7bcf,0x2965,0xe71c,0x8c71,0x0000,0x2965,0x0861,0x0000,0x630c,
  0x18c3,0x4228,0xdedb,0x18c3,0x0841,0x0841,0x0000,0x0000,0x0000,0x0000,0x0000,0x0000,0x0000,0x0000,0x0000,0x0000,
  0x0000,0x0000,0x0000,0x0000,0x0000,0x0000,0x0000,0x0000,0x0000,0x0000,0x0000,0x0000,0x0000,0x0000,0x0000,0x0000,
  0x0000,0x0000,0x0000,0x0000,0x0000,0x0000,0x0000,0x0000,0x0000,0x0000,0x0000,0x0000,0x0000,0x0000,0x0000,0x0000,
  0x0000,0x0000,0x0000,0x0000,0x0000,0x0000,0x0000,0x0000,0x0000,0x0000,0x0000,0x0000,0x0000,0x0000,0x0000,0x0000,
  0x0000,0x0000,0x0000,0x0000,0x0000,0x0000,0x0000,0x0000,0x0000,0x2124,0x8410,0x0841,0x4a69,0x2965,0x0000,0x4228,
  0x2945,0x528a,0xef5d,0x4a69,0x0020,0x7bcf,0x1082,0x18e3,0x8410,0x0000,0x2965,0x8410,0x0000,0x528a,0x8410,0x0000,
  0x6b4d,0x632c,0x0000,0x7bef,0x4a69,0x0000,0x8410,0x2104,0x0000,0x8430,0x18c3,0x2124,0xc618,0x18e3,0x738e,0xffff,
  0x39c7,0x8c71,0xef7d,0x3186,0xce79,0xdefb,0x3186,0xe71c,0xc638,0x2124,0xe73c,0x8c51,0x2965,0xffff,0x738e,0x31a6,
  0xffdf,0x4a69,0x5acb,0xffff,0x4a49,0x8c71,0xffff,0x4208,0xad55,0xef7d,0x3186,0xce59,0xc618,0x1082,0xc618,0x7bef,
  0x0000,0x94b2,0x4a49,0x0000,0x9cd3,0x2965,0x18c3,0xb596,0x10a2,0x3186,0xbdf7,0x0861,0x4208,0x9cf3,0x0000,0x52aa,
  0x8430,0x0000,0x632c,0x4a49,0x0000,0x6b6d,0x7bef,0x2965,0xbdd7,0x2966,0x0000,0x4228,0x1082,0x3186,0xce59,0x10a2,
  0x2124,0x18e3,0x0000,0x0000,0x0000,0x0000,0x0000,0x0000,0x0000,0x0000,0x0000,0x0000,0x0000,0x0000,0x0000,0x0000,
  0x0000,0x0000,0x0000,0x0000,0x0000,0x0000,0x0000,0x0000,0x0000,0x0000,0x0000,0x0000,0x0000,0x0000,0x0000,0x0000,
  0x0000,0x0000,0x0000,0x0000,0x0000,0x0000,0x0000,0x0000,0x0000,0x0000,0x0000,0x0000,0x0000,0x0000,0x0000,0x0000,
  0x0000,0x0000,0x0000,0x0000,0x0000,0x0000,0x0000,0x0000,0x0000,0x0000,0x0000,0x0000,0x0000,0x0000,0x0000,0x0000,
  0x0000,0x0000,0x0000,0x0000,0x0000,0x1082,0x5aeb,0x0020,0x39c7,0x2965,0x0000,0x94b2,0x9cf3,0x2965,0x6b6d,0x0841,
  0x0861,0x738e,0x0841,0x18e3,0x8410,0x0020,0x2104,0x7bcf,0x0000,0x4a49,0x7bcf,0x0000,0x632c,0x630c,0x0000,0x7bef,
  0x4228,0x0000,0x7bef,0x2104,0x0020,0x8410,0x18e3,0x18c3,0x94b2,0x0861,0x528a,0xf79e,0x2965,0x8c51,0xef7d,0x2965,
  0xc638,0xe71c,0x31a6,0xe71c,0xd69a,0x2965,0xef5d,0x8410,0x2965,0xffdf,0x6b6d,0x3186,0xf7be,0x4228,0x5acb,0xffff,
  0x4a49,0x8c71,0xffff,0x4208,0xa534,0xef7d,0x3186,0xce59,0xbdd7,0x0841,0x94b2,0x5aeb,0x0000,0x8c71,0x4228,0x0000,
  0x8c71,0x2104,0x10a2,0xa514,0x0861,0x2966,0xad75,0x0020,0x4208,0x9cd3,0x0000,0x52aa,0x7bef,0x0000,0x632c,0x4a69,
  0x0000,0x5aeb,0x2965,0x31a6,0xffdf,0x7bef,0x0000,0x4a49,0x0861,0x18e3,0xb5b6,0x18c3,0x0861,0x0841,0x0000,0x0000,
  0x0000,0x0000,0x0000,0x0000,0x0000,0x0000,0x0000,0x0000,0x0000,0x0000,0x0000,0x0000,0x0000,0x0000,0x0000,0x0000,
  0x0000,0x0000,0x0000,0x0000,0x0000,0x0000,0x0000,0x0000,0x0000,0x0000,0x0000,0x0000,0x0000,0x0000,0x0000,0x0000,
  0x0000,0x0000,0x0000,0x0000,0x0000,0x0000,0x0000,0x0000,0x0000,0x0000,0x0000,0x0000,0x0000,0x0000,0x0000,0x0000,
  0x0000,0x0000,0x0000,0x0000,0x0000,0x0000,0x0000,0x0000,0x0000,0x0000,0x0000,0x0000,0x0000,0x0000,0x0000,0x0000,
  0x0000,0x0020,0x10a2,0x0000,0x4a49,0x39e7,0x1082,0xd6ba,0x94b2,0x0020,0x4a49,0x0861,0x0861,0x6b4d,0x0841,0x18c3,
  0x7bcf,0x0020,0x2124,0x73ae,0x0000,0x39e7,0x738e,0x0000,0x5aeb,0x5aeb,0x0000,0x7bcf,0x4208,0x0000,0x7bcf,0x2124,
  0x0020,0x7bcf,0x18e3,0x0841,0x7bcf,0x1082,0x3186,0xce79,0x2104,0x8430,0xef5d,0x2945,0xbdd7,0xdefb,0x3186,0xe71c,
  0xd69a,0x2965,0xe73c,0x73ae,0x18c3,0xef5d,0x630c,0x2124,0xef5d,0x4228,0x5aeb,0xffff,0x4228,0x8c51,0xffff,0x4228,
  0xa514,0xef7d,0x2965,0xc618,0xad75,0x0020,0x7bcf,0x528a,0x0000,0x8c51,0x39c7,0x0020,0x8430,0x18c3,0x10a2,0x9cd3,
  0x0861,0x2965,0xa514,0x0000,0x4208,0x9492,0x0000,0x52aa,0x73ae,0x0000,0x632c,0x4a49,0x0000,0x5aeb,0x31a6,0x0000,
  0xa514,0xb5b7,0x18e3,0x94b2,0x10a2,0x1082,0xa514,0x18e3,0x0000,0x0000,0x0000,0x0000,0x0000,0x0000,0x0000,0x0000,
  0x0000,0x0000,0x0000,0x0000,0x0000,0x0000,0x0000,0x0000,0x0000,0x0000,0x0000,0x0000,0x0000,0x0000,0x0000,0x0000,
  0x0000,0x0000,0x0000,0x0000,0x0000,0x0000,0x0000,0x0000,0x0000,0x0000,0x0000,0x0000,0x0000,0x0000,0x0000,0x0000,
  0x0000,0x0000,0x0000,0x0000,0x0000,0x0000,0x0000,0x0000,0x0000,0x0000,0x0000,0x0000,0x0000,0x0000,0x0000,0x0000,
  0x0000,0x0000,0x0000,0x0000,0x0000,0x0000,0x0000,0x0000,0x0000,0x0000,0x0000,0x0000,0x0000,0x0000,0x0000,0x0000,
  0x632c,0x5aeb,0x39e7,0xdedb,0x3186,0x0000,0x4a49,0x0861,0x0861,0x6b4d,0x0861,0x18c3,0x73ae,0x0020,0x2124,0x73ae,
  0x0000,0x3186,0x6b4d,0x0000,0x52aa,0x5acb,0x0000,0x738e,0x39e7,0x0000,0x738e,0x2124,0x0020,0x73ae,0x18e3,0x0841,
  0x6b6d,0x0862,0x2104,0x9cd3,0x0841,0x7bef,0xe71c,0x18e3,0xad75,0xdedb,0x2124,0xdedb,0xc638,0x10a2,0xb596,0x4228,
  0x0020,0xbdd7,0x39c7,0x0861,0xd6ba,0x4208,0x5aeb,0xffff,0x39e7,0x8430,0xffff,0x39e7,0xa514,0xef5d,0x2124,0xad75,
  0x9cf3,0x0000,0x6b4d,0x4a49,0x0000,0x7bef,0x3186,0x0020,0x8410,0x10a2,0x1082,0x9492,0x1082,0x2124,0x9cf3,0x0020,
  0x4208,0x8c71,0x0000,0x52aa,0x6b6d,0x0000,0x632c,0x4a49,0x0000,0x5aeb,0x31a6,0x0000,0x6b4d,0x5aeb,0x52aa,0xe73c,
  0x2124,0x0861,0x73ae,0x1082,0x0000,0x0000,0x0000,0x0000,0x0000,0x0000,0x0000,0x0000,0x0000,0x0000,0x0000,0x0000,
  0x0000,0x0000,0x0000,0x0000,0x0000,0x0000,0x0000,0x0000,0x0000,0x0000,0x0000,0x0000,0x0000,0x0000,0x0000,0x0000,
  0x0000,0x0000,0x0000,0x0000,0x0000,0x0000,0x0000,0x0000,0x0000,0x0000,0x0000,0x0000,0x0000,0x0000,0x0000,0x0000,
  0x0000,0x0000,0x0000,0x0000,0x0000,0x0000,0x0000,0x0000,0x0000,0x0000,0x0000,0x0000,0x0000,0x0000,0x0000,0x0000,
  0x0000,0x0000,0x0000,0x0000,0x0000,0x0000,0x0000,0x0000,0x0000,0x0000,0x0000,0x0000,0x9492,0xbdf7,0x2124,0x52aa,
  0x2104,0x0000,0x4228,0x0861,0x0861,0x632c,0x0861,0x18c3,0x738e,0x0020,0x2124,0x738e,0x0000,0x2945,0x632c,0x0000,
  0x4a69,0x528a,0x0000,0x632c,0x2965,0x0000,0x6b4d,0x2124,0x0020,0x6b6d,0x18c3,0x0841,0x5aeb,0x0861,0x10a2,0x7bcf,
  0x0020,0x738e,0xd69a,0x1082,0x9cf3,0xc638,0x0861,0xbdd7,0x9cf3,0x0000,0x7bef,0x39e7,0x0000,0x8410,0x2965,0x0841,
  0xad75,0x2124,0x528a,0xffdf,0x3186,0x8410,0xffdf,0x31a6,0xa514,0xe71c,0x1082,0x8410,0x7bef,0x0000,0x630c,0x4208,
  0x0000,0x738e,0x2965,0x0020,0x7bcf,0x18c3,0x0841,0x8410,0x1082,0x18e3,0x94b2,0x0020,0x39c7,0x8410,0x0000,0x528a,
  0x6b4d,0x0000,0x5aeb,0x4228,0x0000,0x5acb,0x31a6,0x0000,0x52aa,0x18c3,0x5aeb,0xffff,0x4a69,0x18c3,0x8410,0x0841,
  0x0000,0x0000,0x0000,0x0000,0x0000,0x0000,0x0000,0x0000,0x0000,0x0000,0x0000,0x0000,0x0000,0x0000,0x0000,0x0000,
  0x0000,0x0000,0x0000,0x0000,0x0000,0x0000,0x0000,0x0000,0x0000,0x0000,0x0000,0x0000,0x0000,0x0000,0x0000,0x0000,
  0x0000,0x0000,0x0000,0x0000,0x0000,0x0000,0x0000,0x0000,0x0000,0x0000,0x0000,0x0000,0x0000,0x0000,0x0000,0x0000,
  0x0000,0x0000,0x0000,0x0000,0x0000,0x0000,0x0000,0x0000,0x0000,0x0000,0x0000,0x0000,0x0000,0x0000,0x0000,0x0000,
  0x0000,0x0000,0x0000,0x0000,0x0000,0x1082,0x18e3,0x0020,0xb596,0xdedb,0x1082,0x39c7,0x18e4,0x0000,0x39e7,0x0861,
  0x0861,0x632c,0x0861,0x18c3,0x6b6d,0x0020,0x2104,0x6b4d,0x0000,0x2124,0x630c,0x0000,0x4a49,0x4a49,0x0000,0x5acb,
  0x2945,0x0000,0x632c,0x2124,0x0020,0x632c,0x18c3,0x0841,0x52aa,0x0861,0x0861,0x5acb,0x0000,0x5aeb,0xbdf7,0x0020,
  0x9cd3,0xb596,0x0000,0x9cd3,0x73ae,0x0000,0x6b6d,0x39e7,0x0000,0x52aa,0x2104,0x0841,0x9cf3,0x2104,0x39e7,0xef5d,
  0x2124,0x738e,0xf79e,0x2945,0x9cd3,0xd69a,0x0020,0x5acb,0x6b4d,0x0000,0x5acb,0x39e7,0x0000,0x6b4d,0x2104,0x0841,
  0x73ae,0x18c3,0x0841,0x7bef,0x1082,0x1082,0x8430,0x0020,0x2965,0x7bcf,0x0000,0x4a49,0x5aeb,0x0000,0x5acb,0x4208,
  0x0000,0x52aa,0x3186,0x0000,0x528a,0x18e3,0x1082,0xd69a,0x8c71,0x31a6,0xbdf7,0x1082,0x18e3,0x39c7,0x0000,0x0000,
  0x0000,0x0000,0x0000,0x0000,0x0000,0x0000,0x0000,0x0000,0x0000,0x0000,0x0000,0x0000,0x0000,0x0000,0x0000,0x0000,
  0x0000,0x0000,0x0000,0x0000,0x0000,0x0000,0x0000,0x0000,0x0000,0x0000,0x0000,0x0000,0x0000,0x0000,0x0000,0x0000,
  0x0000,0x0000,0x0000,0x0000,0x0000,0x0000,0x0000,0x0000,0x0000,0x0000,0x0000,0x0000,0x0000,0x0000,0x0000,0x0000,
  0x0000,0x0000,0x0000,0x0000,0x0000,0x0000,0x0000,0x0000,0x0000,0x0000,0x0000,0x0000,0x0000,0x0000,0x0000,0x0000,
  0x0000,0x39e7,0x4a69,0x10a2,0xdefb,0xa514,0x0000,0x31a6,0x18e3,0x0000,0x39c7,0x0861,0x0861,0x630c,0x0861,0x10a2,
  0x6b4d,0x0020,0x2104,0x630c,0x0000,0x2124,0x52aa,0x0000,0x4208,0x4208,0x0000,0x52aa,0x2945,0x0000,0x5aeb,0x2104,
  0x0020,0x630c,0x10a2,0x0841,0x528a,0x0841,0x0861,0x4228,0x0000,0x4228,0xad75,0x0000,0x8c71,0xa534,0x0000,0x73ae,
  0x528a,0x0000,0x630c,0x39e7,0x0000,0x4228,0x10a2,0x1082,0xa514,0x2104,0x18e3,0xce59,0x18c3,0x630c,0xe73c,0x10a2,
  0x8430,0xce59,0x0020,0x39c7,0x52aa,0x0000,0x4a69,0x31a6,0x0000,0x630c,0x2104,0x0020,0x6b6d,0x18c3,0x0861,0x7bcf,
  0x1082,0x0861,0x7bcf,0x0020,0x2124,0x6b6d,0x0000,0x4208,0x528a,0x0000,0x52aa,0x4208,0x0000,0x52aa,0x3186,0x0000,
  0x4a49,0x18e3,0x0000,0x73ae,0x738e,0x6b4d,0xe71c,0x18c3,0x2945,0x6b6d,0x0000,0x0000,0x0000,0x0000,0x0000,0x0000,
  0x0000,0x0000,0x0000,0x0000,0x0000,0x0000,0x0000,0x0000,0x0000,0x0000,0x0000,0x0000,0x0000,0x0000,0x0000,0x0000,
  0x0000,0x0000,0x0000,0x0000,0x0000,0x0000,0x0000,0x0000,0x0000,0x0000,0x0000,0x0000,0x0000,0x0000,0x0000,0x0000,
  0x0000,0x0000,0x0000,0x0000,0x0000,0x0000,0x0000,0x0000,0x0000,0x0000,0x0000,0x0000,0x0000,0x0000,0x0000,0x0000,
  0x0000,0x0000,0x0000,0x0000,0x0000,0x0000,0x0000,0x0000,0x0000,0x0000,0x0000,0x0000,0x0000,0x52aa,0x7bcf,0x18e3,
  0xef5d,0x632c,0x0000,0x3186,0x18c3,0x0000,0x39c7,0x1082,0x0861,0x5acb,0x0861,0x10a2,0x632c,0x0020,0x18e3,0x5aeb,
  0x0000,0x2124,0x4a49,0x0000,0x31a6,0x39c7,0x0000,0x4a49,0x2945,0x0000,0x52aa,0x2104,0x0020,0x5acb,0x10a2,0x0841,
  0x4a49,0x0841,0x0861,0x39e7,0x0000,0x4208,0x9cf3,0x0000,0x8430,0xa514,0x0000,0x738e,0x528a,0x0000,0x630c,0x39e7,
  0x0000,0x39e7,0x1082,0x1082,0xa514,0x2104,0x18c3,0xb5b6,0x18c3,0x5acb,0xd6ba,0x0841,0x73ae,0xbdd7,0x0020,0x31a6,
  0x4a49,0x0000,0x4208,0x2945,0x0000,0x5acb,0x18e3,0x0020,0x6b4d,0x18c3,0x0861,0x738e,0x1082,0x1082,0x738e,0x0020,
  0x18e3,0x5aeb,0x0000,0x39e7,0x4228,0x0000,0x4a69,0x4208,0x0000,0x52aa,0x3186,0x0000,0x4208,0x18c3,0x0000,0x4a69,
  0x10a2,0x94b2,0xffdf,0x31a6,0x2124,0x73ae,0x0000,0x0000,0x0000,0x0000,0x0000,0x0000,0x0000,0x0000,0x0000,0x0000,
  0x0000,0x0000,0x0000,0x0000,0x0000,0x0000,0x0000,0x0000,0x0000,0x0000,0x0000,0x0000,0x0000,0x0000,0x0000,0x0000,
  0x0000,0x0000,0x0000,0x0000,0x0000,0x0000,0x0000,0x0000,0x0000,0x0000,0x0000,0x0000,0x0000,0x0000,0x0000,0x0000,
  0x0000,0x0000,0x0000,0x0000,0x0000,0x0000,0x0000,0x0000,0x0000,0x0000,0x0000,0x0000,0x0000,0x0000,0x0000,0x0000,
  0x0000,0x0000,0x0000,0x0000,0x0000,0x0000,0x0000,0x0000,0x0000,0x7bef,0xad55,0x2945,0xef7d,0x528a,0x0000,0x2945,
  0x10a2,0x0000,0x31a6,0x0861,0x0841,0x52aa,0x0861,0x1082,0x5aeb,0x0020,0x18e3,0x52aa,0x0000,0x2124,0x4208,0x0000,
  0x2945,0x3186,0x0000,0x4208,0x2124,0x0000,0x4a49,0x18e3,0x0020,0x52aa,0x1082,0x0841,0x4228,0x0841,0x0861,0x39c7,
  0x0000,0x31a6,0x8430,0x0000,0x738e,0x94b2,0x0000,0x6b6d,0x528a,0x0000,0x630c,0x39c7,0x0000,0x39c7,0x1082,0x0861,
  0x94b2,0x18c3,0x18c3,0xad75,0x10a2,0x528a,0xce79,0x0861,0x738e,0x9cd3,0x0000,0x3186,0x4208,0x0000,0x39c7,0x2124,
  0x0000,0x528a,0x18e3,0x0020,0x632c,0x18c3,0x0841,0x6b4d,0x0861,0x1082,0x632c,0x0020,0x10a2,0x4a69,0x0000,0x31a6,
  0x4208,0x0000,0x4a49,0x39e7,0x0000,0x528a,0x3186,0x0000,0x39c7,0x10a2,0x0000,0x4a69,0x10a2,0x9cd3,0xffff,0x4228,
  0x2104,0x7bef,0x0020,0x0000,0x0000,0x0000,0x0000,0x0000,0x0000,0x0000,0x0000,0x0000,0x0000,0x0000,0x0000,0x0000,
  0x0000,0x0000,0x0000,0x0000,0x0000,0x0000,0x0000,0x0000,0x0000,0x0000,0x0000,0x0000,0x0000,0x0000,0x0000,0x0000,
  0x0000,0x0000,0x0000,0x0000,0x0000,0x0000,0x0000,0x0000,0x0000,0x0000,0x0000,0x0000,0x0000,0x0000,0x0000,0x0000,
  0x0000,0x0000,0x0000,0x0000,0x0000,0x0000,0x0000,0x0000,0x0000,0x0000,0x0000,0x0000,0x0000,0x0000,0x0000,0x0000,
  0x0000,0x0000,0x0000,0x0000,0x0000,0x8c71,0xd6ba,0x4208,0xffdf,0x6b4d,0x0000,0x2124,0x10a2,0x0000,0x3186,0x0861,
  0x0841,0x4a69,0x0841,0x1082,0x528a,0x0020,0x18e3,0x4a69,0x0000,0x2104,0x39e7,0x0000,0x2104,0x2965,0x0000,0x39c7,
  0x2104,0x0000,0x39e7,0x10a2,0x0020,0x528a,0x1082,0x0841,0x4208,0x0020,0x0861,0x39c7,0x0000,0x18e3,0x632c,0x0000,
  0x5aeb,0x8430,0x0000,0x630c,0x528a,0x0000,0x52aa,0x31a6,0x0000,0x31a6,0x0861,0x0841,0x7bef,0x1082,0x18e3,0xa534,
  0x1082,0x4208,0xbdf7,0x0841,0x630c,0x7bcf,0x0000,0x3186,0x39e7,0x0000,0x2965,0x2124,0x0000,0x4a49,0x18e3,0x0020,
  0x5aeb,0x18c3,0x0841,0x630c,0x0861,0x1082,0x5acb,0x0000,0x1082,0x4208,0x0000,0x2945,0x39c7,0x0000,0x39e7,0x39c7,
  0x0000,0x4a49,0x2965,0x0000,0x3186,0x10a2,0x0000,0x4a69,0x1082,0x73ae,0xffff,0x4a49,0x18e3,0x7bcf,0x0020,0x0000,
  0x0000,0x0000,0x0000,0x0000,0x0000,0x0000,0x0000,0x0000,0x0000,0x0000,0x0000,0x0000,0x0000,0x0000,0x0000,0x0000,
  0x0000,0x0000,0x0000,0x0000,0x0000,0x0000,0x0000,0x0000,0x0000,0x0000,0x0000,0x0000,0x0000,0x0000,0x0000,0x0000,
  0x0000,0x0000,0x0000,0x0000,0x0000,0x0000,0x0000,0x0000,0x0000,0x0000,0x0000,0x0000,0x0000,0x0000,0x0000,0x0000,
  0x0000,0x0000,0x0000,0x0000,0x0000,0x0000,0x0000,0x0000,0x0000,0x0000,0x0000,0x0000,0x0000,0x0000,0x0000,0x0000,
  0x0000,0x9492,0xe71c,0x2945,0xce79,0x632c,0x0000,0x2124,0x10a2,0x0000,0x2945,0x0841,0x0020,0x4208,0x0841,0x1082,
  0x4a49,0x0020,0x18c3,0x4208,0x0000,0x18e3,0x31a6,0x0000,0x2104,0x2945,0x0000,0x2965,0x18e3,0x0000,0x3186,0x1082,
  0x0020,0x4228,0x0861,0x0841,0x4208,0x0020,0x0861,0x31a6,0x0000,0x1082,0x4208,0x0000,0x52aa,0x738e,0x0000,0x5acb,
  0x4a69,0x0000,0x4a49,0x2945,0x0000,0x10a2,0x0020,0x0841,0x630c,0x0841,0x18e3,0x9cd3,0x0841,0x3186,0xad55,0x0020,
  0x4208,0x630c,0x0000,0x2965,0x31a6,0x0000,0x2945,0x2104,0x0000,0x4208,0x18c3,0x0020,0x5acb,0x18c3,0x0841,0x52aa,
  0x0861,0x1082,0x4a69,0x0000,0x1082,0x39c7,0x0000,0x2104,0x3186,0x0000,0x31a6,0x31a6,0x0000,0x39e7,0x2945,0x0000,
  0x2945,0x0861,0x0000,0x4a69,0x0861,0x52aa,0xffdf,0x4208,0x5aeb,0x9492,0x0000,0x0000,0x0000,0x0000,0x0000,0x0000,
  0x0000,0x0000,0x0000,0x0000,0x0000,0x0000,0x0000,0x0000,0x0000,0x0000,0x0000,0x0000,0x0000,0x0000,0x0000,0x0000,
  0x0000,0x0000,0x0000,0x0000,0x0000,0x0000,0x0000,0x0000,0x0000,0x0000,0x0000,0x0000,0x0000,0x0000,0x0000,0x0000,
  0x0000,0x0000,0x0000,0x0000,0x0000,0x0000,0x0000,0x0000,0x0000,0x0000,0x0000,0x0000,0x0000,0x0000,0x0000,0x0000,
  0x0000,0x0000,0x0000,0x0000,0x0000,0x0000,0x0000,0x0000,0x0000,0x0000,0x0000,0x0000,0x0000,0x9cf3,0xdefb,0x10a2,
  0x8410,0x4a69,0x0000,0x2124,0x10a2,0x0000,0x2945,0x0841,0x0020,0x31a6,0x0020,0x0841,0x39c7,0x0000,0x1082,0x3186,
  0x0000,0x10a2,0x2124,0x0000,0x10a2,0x18c3,0x0000,0x18e3,0x10a2,0x0000,0x2104,0x0861,0x0020,0x3186,0x0841,0x0020,
  0x39c7,0x0020,0x0841,0x3186,0x0000,0x0861,0x2124,0x0000,0x52aa,0x5aeb,0x0000,0x528a,0x4228,0x0000,0x2945,0x10a2,
  0x0000,0x0000,0x0000,0x0000,0x4208,0x0020,0x18e3,0x8410,0x0000,0x2945,0x9492,0x0000,0x2945,0x4a49,0x0000,0x2124,
  0x3186,0x0000,0x2124,0x18e3,0x0000,0x31a6,0x10a2,0x0000,0x4a69,0x10a2,0x0841,0x4a49,0x0841,0x0861,0x39e7,0x0000,
  0x1082,0x2965,0x0000,0x10a2,0x2124,0x0000,0x2124,0x2124,0x0000,0x31a6,0x2124,0x0000,0x2104,0x0861,0x0000,0x4a69,
  0x1082,0x4a49,0xef7d,0x31a6,0x8c71,0xa514,0x0000,0x0000,0x0000,0x0000,0x0000,0x0000,0x0000,0x0000,0x0000,0x0000,
  0x0000,0x0000,0x0000,0x0000,0x0000,0x0000,0x0000,0x0000,0x0000,0x0000,0x0000,0x0000,0x0000,0x0000,0x0000,0x0000,
  0x0000,0x0000,0x0000,0x0000,0x0000,0x0000,0x0000,0x0000,0x0000,0x0000,0x0000,0x0000,0x0000,0x0000,0x0000,0x0000,
  0x0000,0x0000,0x0000,0x0000,0x0000,0x0000,0x0000,0x0000,0x0000,0x0000,0x0000,0x0000,0x0000,0x0000,0x0000,0x0000,
  0x0000,0x0000,0x0000,0x0000,0x0000,0x0000,0x0000,0x0000,0x0000,0xad75,0xd6ba,0x18c3,0x9cf3,0x4a49,0x0000,0x2945,
  0x10a2,0x0000,0x2124,0x0841,0x0000,0x2124,0x0020,0x0841,0x2945,0x0000,0x0841,0x18c3,0x0000,0x0861,0x1082,0x0000,
  0x0841,0x0841,0x0000,0x0861,0x0841,0x0000,0x1082,0x0020,0x0000,0x10a2,0x0020,0x0020,0x2124,0x0020,0x0841,0x2104,
  0x0000,0x0020,0x0861,0x0000,0x528a,0x5acb,0x0000,0x4228,0x39e7,0x0000,0x0000,0x0000,0x0000,0x0000,0x0000,0x0000,
  0x10a2,0x0000,0x18c3,0x6b4d,0x0000,0x2945,0x7bef,0x0000,0x18e3,0x31a6,0x0000,0x2104,0x2124,0x0000,0x2104,0x18c3,
  0x0000,0x2945,0x1082,0x0000,0x39c7,0x1082,0x0020,0x39e7,0x0841,0x0020,0x2124,0x0000,0x0841,0x18e3,0x0000,0x0861,
  0x10a2,0x0000,0x0861,0x1082,0x0000,0x2965,0x2104,0x0000,0x18c3,0x0841,0x0000,0x630c,0x18c3,0x31a6,0xf79e,0x528a,
  0x8430,0xad55,0x0000,0x0000,0x0000,0x0000,0x0000,0x0000,0x0000,0x0000,0x0000,0x0000,0x0000,0x0000,0x0000,0x0000,
  0x0000,0x0000,0x0000,0x0000,0x0000,0x0000,0x0000,0x0000,0x0000,0x0000,0x0000,0x0000,0x0000,0x0000,0x0000,0x0000,
  0x0000,0x0000,0x0000,0x0000,0x0000,0x0000,0x0000,0x0000,0x0000,0x0000,0x0000,0x0000,0x0000,0x0000,0x0000,0x0000,
  0x0000,0x0000,0x0000,0x0000,0x0000,0x0000,0x0000,0x0000,0x0000,0x0000,0x0000,0x0000,0x0000,0x0000,0x0000,0x0000,
  0x0000,0x0000,0x0000,0x0000,0x0020,0xbdd7,0xce59,0x18e3,0xce79,0x528a,0x0000,0x2965,0x10a2,0x0000,0x2104,0x0020,
  0x0000,0x18c3,0x0020,0x0020,0x10a2,0x0000,0x0000,0x0841,0x0000,0x0000,0x0020,0x0000,0x0000,0x0000,0x0000,0x0000,
  0x0000,0x0000,0x0020,0x0000,0x0000,0x0000,0x0000,0x0000,0x0841,0x0000,0x0000,0x0841,0x0000,0x0000,0x0000,0x0000,
  0x4a69,0x52aa,0x0000,0x2965,0x2124,0x0000,0x0000,0x0000,0x0000,0x0000,0x0000,0x0000,0x0000,0x0000,0x0861,0x528a,
  0x0020,0x2945,0x73ae,0x0000,0x1082,0x18e3,0x0000,0x18c3,0x18e3,0x0000,0x18c3,0x1082,0x0000,0x18c3,0x0841,0x0000,
  0x2945,0x0841,0x0020,0x2965,0x0020,0x0000,0x0841,0x0000,0x0020,0x0841,0x0000,0x0020,0x0020,0x0000,0x0000,0x0020,
  0x0000,0x2104,0x18c3,0x0000,0x10a2,0x0841,0x0000,0x738e,0x2104,0x2104,0xef5d,0x52aa,0x8410,0xc618,0x0861,0x0000,
  0x0000,0x0000,0x0000,0x0000,0x0000,0x0000,0x0000,0x0000,0x0000,0x0000,0x0000,0x0000,0x0000,0x0000,0x0000,0x0000,
  0x0000,0x0000,0x0000,0x0000,0x0000,0x0000,0x0000,0x0000,0x0000,0x0000,0x0000,0x0000,0x0000,0x0000,0x0000,0x0000,
  0x0000,0x0000,0x0000,0x0000,0x0000,0x0000,0x0000,0x0000,0x0000,0x0000,0x0000,0x0000,0x0000,0x0000,0x0000,0x0000,
  0x0000,0x0000,0x0000,0x0000,0x0000,0x0000,0x0000,0x0000,0x0000,0x0000,0x0000,0x0000,0x0000,0x0000,0x0000,0x0000,
  0x0841,0xbdf7,0xc618,0x18c3,0xd69a,0x52aa,0x0000,0x39e7,0x18c3,0x0000,0x18e3,0x0020,0x0000,0x0841,0x0000,0x0000,
  0x0020,0x0000,0x0000,0x0000,0x0000,0x0000,0x0000,0x0000,0x0000,0x0000,0x0000,0x0000,0x0000,0x0000,0x0000,0x0000,
  0x0000,0x0000,0x0000,0x0000,0x0000,0x0000,0x0000,0x0000,0x0000,0x0000,0x0000,0x0000,0x4208,0x4a69,0x0000,0x0841,
  0x0841,0x0000,0x0000,0x0000,0x0000,0x0000,0x0000,0x0000,0x0000,0x0000,0x0020,0x39c7,0x0000,0x2124,0x6b6d,0x0000,
  0x0841,0x1082,0x0000,0x0861,0x1082,0x0000,0x0861,0x0841,0x0000,0x0861,0x0020,0x0000,0x0861,0x0000,0x0000,0x18c3,
  0x0020,0x0000,0x0000,0x0000,0x0000,0x0000,0x0000,0x0000,0x0000,0x0000,0x0000,0x0000,0x0000,0x18c3,0x1082,0x0000,
  0x1082,0x0020,0x0000,0x630c,0x1082,0x18c3,0xe71c,0x4a49,0x7bef,0xd69a,0x1082,0x0000,0x0000,0x0000,0x0000,0x0000,
  0x0000,0x0000,0x0000,0x0000,0x0000,0x0000,0x0000,0x0000,0x0000,0x0000,0x0000,0x0000,0x0000,0x0000,0x0000,0x0000,
  0x0000,0x0000,0x0000,0x0000,0x0000,0x0000,0x0000,0x0000,0x0000,0x0000,0x0000,0x0000,0x0000,0x0000,0x0000,0x0000,
  0x0000,0x0000,0x0000,0x0000,0x0000,0x0000,0x0000,0x0000,0x0000,0x0000,0x0000,0x0000,0x0000,0x0000,0x0000,0x0000,
  0x0000,0x0000,0x0000,0x0000,0x0000,0x0000,0x0000,0x0000,0x0000,0x0000,0x0000,0x0000,0x0841,0xc618,0xb596,0x10a2,
  0xd6ba,0x632c,0x0000,0x4a49,0x18e3,0x0000,0x18c3,0x0020,0x0000,0x0000,0x0000,0x0000,0x0000,0x0000,0x0000,0x0000,
  0x0000,0x0000,0x0000,0x0000,0x0000,0x0000,0x0000,0x0000,0x0000,0x0000,0x0000,0x0000,0x0000,0x0000,0x0000,0x0000,
  0x0000,0x0000,0x0000,0x0000,0x0000,0x0000,0x0000,0x0000,0x39c7,0x4228,0x0000,0x0000,0x0000,0x0000,0x0000,0x0000,
  0x0000,0x0000,0x0000,0x0000,0x0000,0x0000,0x0000,0x0861,0x0000,0x2124,0x6b4d,0x0000,0x0020,0x0020,0x0000,0x0020,
  0x0020,0x0000,0x0000,0x0000,0x0000,0x0000,0x0000,0x0000,0x0000,0x0000,0x0000,0x0841,0x0000,0x0000,0x0000,0x0000,
  0x0000,0x0000,0x0000,0x0000,0x0000,0x0000,0x0000,0x0000,0x0000,0x0861,0x0841,0x0000,0x1082,0x0020,0x0000,0x52aa,
  0x10a2,0x18e3,0xdefb,0x4228,0x73ae,0xdedb,0x1082,0x0000,0x0000,0x0000,0x0000,0x0000,0x0000,0x0000,0x0000,0x0000,
  0x0000,0x0000,0x0000,0x0000,0x0000,0x0000,0x0000,0x0000,0x0000,0x0000,0x0000,0x0000,0x0000,0x0000,0x0000,0x0000,
  0x0000,0x0000,0x0000,0x0000,0x0000,0x0000,0x0000,0x0000,0x0000,0x0000,0x0000,0x0000,0x0000,0x0000,0x0000,0x0000,
  0x0000,0x0000,0x0000,0x0000,0x0000,0x0000,0x0000,0x0000,0x0000,0x0000,0x0000,0x0000,0x0000,0x0000,0x0000,0x0000,
  0x0000,0x0000,0x0000,0x0000,0x0000,0x0000,0x0000,0x0000,0x0841,0xc638,0xad75,0x10a2,0xd69a,0x738e,0x0000,0x528a,
  0x18e3,0x0000,0x10a2,0x0020,0x0000,0x0000,0x0000,0x0000,0x0000,0x0000,0x0000,0x0000,0x0000,0x0000,0x0000,0x0000,
  0x0000,0x0000,0x0000,0x0000,0x0000,0x0000,0x0000,0x0000,0x0000,0x0000,0x0000,0x0000,0x0000,0x0000,0x0000,0x0000,
  0x0000,0x0000,0x0000,0x0000,0x2124,0x31a6,0x0000,0x0000,0x0000,0x0000,0x0000,0x0000,0x0000,0x0000,0x0000,0x0000,
  0x0000,0x0000,0x0000,0x0000,0x0000,0x2104,0x632c,0x0020,0x0000,0x0000,0x0000,0x0000,0x0000,0x0000,0x0000,0x0000,
  0x0000,0x0000,0x0000,0x0000,0x0000,0x0000,0x0000,0x0000,0x0000,0x0000,0x0000,0x0000,0x0000,0x0000,0x0000,0x0000,
  0x0000,0x0000,0x0000,0x0000,0x0000,0x0020,0x0000,0x0000,0x0861,0x0020,0x0020,0x632c,0x18e3,0x18e3,0xdefb,0x4228,
  0x632c,0xe73c,0x18c3,0x0000,0x0000,0x0000,0x0000,0x0000,0x0000,0x0000,0x0000,0x0000,0x0000,0x0000,0x0000,0x0000,
  0x0000,0x0000,0x0000,0x0000,0x0000,0x0000,0x0000,0x0000,0x0000,0x0000,0x0000,0x0000,0x0000,0x0000,0x0000,0x0000,
  0x0000,0x0000,0x0000,0x0000,0x0000,0x0000,0x0000,0x0000,0x0000,0x0000,0x0000,0x0000,0x0000,0x0000,0x0000,0x0000,
  0x0000,0x0000,0x0000,0x0000,0x0000,0x0000,0x0000,0x0000,0x0000,0x0000,0x0000,0x0000,0x0000,0x0000,0x0000,0x0000,
  0x0000,0x0000,0x0000,0x0000,0x0841,0xc638,0xad55,0x10a2,0xd69a,0x738e,0x0000,0x52aa,0x2104,0x0000,0x10a2,0x0020,
  0x0000,0x0000,0x0000,0x0000,0x0000,0x0000,0x0000,0x0000,0x0000,0x0000,0x0000,0x0000,0x0000,0x0000,0x0000,0x0000,
  0x0000,0x0000,0x0000,0x0000,0x0000,0x0000,0x0000,0x0000,0x0000,0x0000,0x0000,0x0000,0x0000,0x0000,0x0000,0x0000,
  0x18e3,0x2945,0x0000,0x0000,0x0000,0x0841,0x632c,0x52aa,0x2124,0x8410,0x52aa,0x0841,0x0861,0x0000,0x0000,0x0000,
  0x0000,0x2104,0x632c,0x0020,0x0000,0x0000,0x0000,0x0000,0x0000,0x0000,0x0000,0x0000,0x0000,0x0000,0x0000,0x0000,
  0x0000,0x0000,0x0000,0x0000,0x0000,0x0000,0x0000,0x0000,0x0000,0x0000,0x0000,0x0000,0x0000,0x0000,0x0000,0x0000,
  0x0000,0x0000,0x0000,0x0000,0x0841,0x0000,0x0020,0x5aeb,0x18c3,0x18c3,0xdefb,0x4208,0x630c,0xef5d,0x2104,0x0861,
  0x10a2,0x0000,0x0000,0x0000,0x0000,0x0000,0x0000,0x0000,0x0000,0x0000,0x0000,0x0000,0x0000,0x0000,0x0000,0x0000,
  0x0000,0x0000,0x0000,0x0000,0x0000,0x0000,0x0000,0x0000,0x0000,0x0000,0x0000,0x0000,0x0000,0x0000,0x0000,0x0000,
  0x0000,0x0000,0x0000,0x0000,0x0000,0x0000,0x0000,0x0000,0x0000,0x0000,0x0000,0x0000,0x0000,0x0000,0x0000,0x0000,
  0x0000,0x0000,0x0000,0x0000,0x0000,0x0000,0x0000,0x0000,0x0000,0x0000,0x0000,0x0000,0x0000,0x0000,0x0841,0x2965,
  0x0861,0xc618,0xad55,0x1082,0xc638,0x73ae,0x0000,0x52aa,0x2124,0x0000,0x1082,0x0000,0x0000,0x0020,0x0000,0x0000,
  0x0000,0x0000,0x0000,0x0000,0x0000,0x0000,0x0000,0x0000,0x0000,0x0000,0x0000,0x0000,0x0000,0x0000,0x0000,0x0000,
  0x0000,0x0000,0x0000,0x0000,0x0000,0x0000,0x0000,0x0000,0x0000,0x0000,0x0000,0x0000,0x18e3,0x2945,0x0000,0x31a6,
  0x5aeb,0x31a6,0xdedb,0xce7a,0x7bcf,0xffff,0xbdd7,0x5aeb,0xad75,0x3186,0x18c3,0x3186,0x0000,0x2104,0x632c,0x0020,
  0x0000,0x0000,0x0000,0x0000,0x0000,0x0000,0x0000,0x0000,0x0000,0x0000,0x0000,0x0000,0x0000,0x0000,0x0000,0x0000,
  0x0000,0x0000,0x0000,0x0000,0x0000,0x0000,0x0000,0x0000,0x0000,0x0000,0x0000,0x0000,0x0000,0x0000,0x0000,0x0000,
  0x0020,0x0000,0x0020,0x528a,0x1082,0x18e3,0xdefb,0x39e7,0x632c,0xef5d,0x18e3,0x2124,0x4a49,0x0000,0x0000,0x0000,
  0x0000,0x0000,0x0000,0x0000,0x0000,0x0000,0x0000,0x0000,0x0000,0x0000,0x0000,0x0000,0x0000,0x0000,0x0000,0x0000,
  0x0000,0x0000,0x0000,0x0000,0x0000,0x0000,0x0000,0x0000,0x0000,0x0000,0x0000,0x0000,0x0000,0x0000,0x0000,0x0000,
  0x0000,0x0000,0x0000,0x0000,0x0000,0x0000,0x0000,0x0000,0x0000,0x0000,0x0000,0x0000,0x0000,0x0000,0x0000,0x0000,
  0x0000,0x0000,0x0000,0x0000,0x0000,0x0000,0x0000,0x0000,0x0000,0x0000,0x1082,0x6b4d,0x1082,0xc618,0xa534,0x0000,
  0xad75,0x73ae,0x0000,0x52aa,0x2124,0x0000,0x0861,0x0000,0x0000,0x3186,0x0841,0x0000,0x0000,0x0000,0x0000,0x0000,
  0x0000,0x0000,0x0000,0x0000,0x0000,0x0000,0x0000,0x0000,0x0000,0x0000,0x0000,0x0000,0x0000,0x0000,0x0000,0x0000,
  0x0000,0x0000,0x0000,0x0000,0x0000,0x0000,0x0000,0x0000,0x2124,0x2965,0x1082,0xa514,0x9cd3,0x1082,0x73ae,0x528a,
  0x4a49,0xdefb,0x3186,0x0861,0x4a49,0x528a,0xa514,0xce79,0x1082,0x2104,0x632c,0x0020,0x0000,0x0000,0x0000,0x0000,
  0x0000,0x0000,0x0000,0x0000,0x0000,0x0000,0x0000,0x0000,0x0000,0x0000,0x0000,0x0000,0x0000,0x0000,0x0000,0x0000,
  0x0000,0x0000,0x0000,0x0000,0x0000,0x0000,0x0000,0x0000,0x0000,0x0000,0x0000,0x0000,0x0000,0x0000,0x0020,0x4a49,
  0x0861,0x2945,0xe71c,0x39c7,0x630c,0xe73c,0x2104,0x2124,0x52aa,0x0000,0x0000,0x0000,0x0000,0x0000,0x0000,0x0000,
  0x0000,0x0000,0x0000,0x0000,0x0000,0x0000,0x0000,0x0000,0x0000,0x0000,0x0000,0x0000,0x0000,0x0000,0x0000,0x0000,
  0x0000,0x0000,0x0000,0x0000,0x0000,0x0000,0x0000,0x0000,0x0000,0x0000,0x0000,0x0000,0x0000,0x0000,0x0000,0x0000,
  0x0000,0x0000,0x0000,0x0000,0x0000,0x0000,0x0000,0x0000,0x0000,0x0000,0x0000,0x0000,0x0000,0x0000,0x0000,0x0000,
  0x0000,0x0000,0x0000,0x0000,0x0000,0x0000,0x1082,0x6b4d,0x1082,0xbdf7,0xa514,0x0000,0xa514,0x738e,0x0000,0x52aa,
  0x2124,0x0000,0x0020,0x0000,0x0000,0x4228,0x0861,0x0000,0x0000,0x0000,0x0000,0x0000,0x0000,0x0000,0x0000,0x0000,
  0x0000,0x0000,0x0000,0x0000,0x0000,0x0000,0x0000,0x0000,0x0000,0x0000,0x0000,0x0000,0x0000,0x0000,0x0000,0x0000,
  0x0000,0x0000,0x0000,0x0000,0x31a6,0x9492,0x39c7,0x3186,0x0000,0x0000,0x6b6d,0x8c71,0x2945,0x5acb,0x0000,0x0000,
  0x0000,0x0000,0x31a6,0xf7be,0x6b6d,0x2104,0x6b4d,0x0020,0x0000,0x0000,0x0000,0x0000,0x0000,0x0000,0x0000,0x0000,
  0x0000,0x0000,0x0000,0x0000,0x0000,0x0000,0x0000,0x0000,0x0000,0x0000,0x0000,0x0000,0x0000,0x0000,0x0000,0x0000,
  0x0000,0x0000,0x0000,0x0000,0x0000,0x0000,0x0000,0x0000,0x0000,0x0000,0x0020,0x528a,0x1082,0x2965,0xdefb,0x31a6,
  0x5aeb,0xef5d,0x2945,0x2124,0x6b4d,0x0000,0x0000,0x0000,0x0000,0x0000,0x0000,0x0000,0x0000,0x0000,0x0000,0x0000,
  0x0000,0x0000,0x0000,0x0000,0x0000,0x0000,0x0000,0x0000,0x0000,0x0000,0x0000,0x0000,0x0000,0x0000,0x0000,0x0000,
  0x0000,0x0000,0x0000,0x0000,0x0000,0x0000,0x0000,0x0000,0x0000,0x0000,0x0000,0x0000,0x0000,0x0000,0x0000,0x0000,
  0x0000,0x0000,0x0000,0x0000,0x0000,0x0000,0x0000,0x0000,0x0000,0x0000,0x0000,0x0000,0x0000,0x0000,0x0000,0x0000,
  0x0000,0x0000,0x0841,0x528a,0x1082,0xbdf7,0x9cd3,0x0000,0x9cf3,0x738e,0x0000,0x52aa,0x2124,0x0000,0x0020,0x0000,
  0x0000,0x4228,0x0861,0x0000,0x0000,0x0000,0x0000,0x0000,0x0000,0x0000,0x0000,0x0000,0x0000,0x0000,0x0000,0x0000,
  0x0000,0x0000,0x0000,0x0000,0x0000,0x0000,0x0000,0x0000,0x0000,0x0000,0x0000,0x0000,0x0000,0x0000,0x0000,0x0000,
  0x52aa,0xe71c,0x2124,0x0000,0x0000,0x0000,0x8410,0xad75,0x0841,0x0020,0x0000,0x0000,0x0000,0x0000,0x0000,0x8c51,
  0x8c71,0x2104,0x6b4d,0x0020,0x0000,0x0000,0x0000,0x0000,0x0000,0x0000,0x0000,0x0000,0x0000,0x0000,0x0000,0x0000,
  0x0000,0x0000,0x0000,0x0000,0x0000,0x0000,0x0000,0x0000,0x0000,0x0000,0x0000,0x0000,0x0000,0x0000,0x0000,0x0000,
  0x0000,0x18c3,0x0861,0x0000,0x0000,0x0000,0x0020,0x5acb,0x10a2,0x2965,0xdefb,0x3186,0x5acb,0xef7d,0x3186,0x2945,
  0x8430,0x0020,0x0000,0x0000,0x0000,0x0000,0x0000,0x0000,0x0000,0x0000,0x0000,0x0000,0x0000,0x0000,0x0000,0x0000,
  0x0000,0x0000,0x0000,0x0000,0x0000,0x0000,0x0000,0x0000,0x0000,0x0000,0x0000,0x0000,0x0000,0x0000,0x0000,0x0000,
  0x0000,0x0000,0x0000,0x0000,0x0000,0x0000,0x0000,0x0000,0x0000,0x0000,0x0000,0x0000,0x0000,0x0000,0x0000,0x0000,
  0x0000,0x0000,0x0000,0x0000,0x0000,0x0000,0x0000,0x0000,0x0000,0x0000,0x0000,0x0000,0x0000,0x0000,0x0000,0x10a2,
  0x0841,0xbdd7,0x94b2,0x0000,0x9cf3,0x738e,0x0000,0x4a69,0x2104,0x0000,0x0000,0x0000,0x0000,0x39c7,0x0841,0x0000,
  0x0000,0x0000,0x0000,0x0000,0x0000,0x0000,0x0000,0x0000,0x0000,0x0000,0x0000,0x0000,0x0000,0x0000,0x0000,0x0000,
  0x0000,0x0000,0x0000,0x0000,0x0000,0x0000,0x0000,0x0000,0x0000,0x0861,0x18e3,0x0020,0xad55,0x8c71,0x0000,0x0000,
  0x0000,0x0020,0xad55,0xa534,0x0000,0x0000,0x0000,0x0000,0x0000,0x0000,0x0000,0x0020,0x10a2,0x528a,0x738e,0x0000,
  0x0000,0x0020,0x0000,0x0000,0x0000,0x0000,0x0000,0x0000,0x0000,0x0000,0x0000,0x0000,0x0000,0x0000,0x0000,0x0000,
  0x0000,0x0000,0x0000,0x0000,0x0000,0x0000,0x0000,0x0000,0x0000,0x0000,0x0000,0x0000,0x0000,0x4208,0x2124,0x0000,
  0x0000,0x0000,0x0000,0x630c,0x18c3,0x2124,0xd6ba,0x2965,0x52aa,0xf79e,0x3186,0x4208,0x9cd3,0x0020,0x0000,0x0000,
  0x0000,0x0000,0x0000,0x0000,0x0000,0x0000,0x0000,0x0000,0x0000,0x0000,0x0000,0x0000,0x0000,0x0000,0x0000,0x0000,
  0x0000,0x0000,0x0000,0x0000,0x0000,0x0000,0x0000,0x0000,0x0000,0x0000,0x0000,0x0000,0x0000,0x0000,0x0000,0x0000,
  0x0000,0x0000,0x0000,0x0000,0x0000,0x0000,0x0000,0x0000,0x0000,0x0000,0x0000,0x0000,0x0000,0x0000,0x0000,0x0000,
  0x0000,0x0000,0x0000,0x0000,0x0000,0x0000,0x0000,0x0000,0x0000,0x0000,0x0000,0x0841,0x0020,0xb596,0x94b2,0x0000,
  0x9cf3,0x6b6d,0x0000,0x4228,0x2104,0x0000,0x0000,0x0000,0x0000,0x10a2,0x0020,0x0000,0x0000,0x0000,0x0000,0x0000,
  0x0000,0x0000,0x0000,0x0000,0x0000,0x0000,0x0000,0x0000,0x0000,0x0000,0x0000,0x0000,0x0000,0x0000,0x0000,0x0000,
  0x0000,0x0000,0x0000,0x0000,0x0000,0x18e3,0x39e7,0x2104,0xce79,0x39e8,0x0000,0x0000,0x0000,0x0000,0xbdf7,0xc638,
  0x0841,0x0000,0x0000,0x0000,0x0000,0x0000,0x0000,0x0000,0x0841,0xbdf7,0x94b2,0x0000,0x18e3,0x3186,0x0000,0x0000,
  0x0000,0x0000,0x0000,0x0000,0x0000,0x0000,0x0000,0x0000,0x0000,0x0000,0x0000,0x0000,0x0000,0x0000,0x0000,0x0000,
  0x0000,0x0000,0x0000,0x0000,0x0000,0x0000,0x0000,0x0000,0x0000,0x4208,0x2945,0x0000,0x0000,0x0000,0x0000,0x632c,
  0x18e3,0x18e3,0xce79,0x2124,0x528a,0xf79e,0x3186,0x6b6d,0xa514,0x0000,0x0000,0x0000,0x0000,0x0000,0x0000,0x0000,
  0x0000,0x0000,0x0000,0x0000,0x0000,0x0000,0x0000,0x0000,0x0000,0x0000,0x0000,0x0000,0x0000,0x0000,0x0000,0x0000,
  0x0000,0x0000,0x0000,0x0000,0x0000,0x0000,0x0000,0x0000,0x0000,0x0000,0x0000,0x0000,0x0000,0x0000,0x0000,0x0000,
  0x0000,0x0000,0x0000,0x0000,0x0000,0x0000,0x0000,0x0000,0x0000,0x0000,0x0000,0x0000,0x0000,0x0000,0x0000,0x0000,
  0x0000,0x0000,0x0000,0x0000,0x0000,0x0000,0x0000,0x1082,0x0020,0xa534,0x9492,0x0000,0x9cd3,0x5acb,0x0000,0x4208,
  0x2104,0x0000,0x0000,0x0000,0x0000,0x0000,0x0000,0x0000,0x0000,0x0000,0x0000,0x0000,0x0000,0x0000,0x0000,0x0000,
  0x0000,0x0000,0x0000,0x0000,0x0000,0x0000,0x0000,0x0000,0x0000,0x0000,0x0000,0x0000,0x0000,0x0000,0x0000,0x0000,
  0x0000,0x18e3,0x39e7,0x0861,0x2945,0x0020,0x0000,0x0000,0x0000,0x0000,0xbdf7,0xb5b6,0x0020,0x0000,0x0000,0x0000,
  0x0000,0x0000,0x0000,0x0000,0x0000,0x8c71,0xc638,0x0841,0x2965,0x52aa,0x0000,0x0000,0x0000,0x0000,0x0000,0x0000,
  0x0000,0x0000,0x0000,0x0000,0x0000,0x0000,0x0000,0x0000,0x0000,0x0000,0x0000,0x0000,0x0000,0x0000,0x0000,0x0000,
  0x0000,0x0000,0x0000,0x0000,0x0000,0x2104,0x10a2,0x0000,0x0000,0x0000,0x0000,0x632c,0x18e3,0x18e3,0xc638,0x18c3,
  0x528a,0xef7d,0x3186,0x7bef,0x94b2,0x0000,0x0000,0x0000,0x0000,0x0000,0x0000,0x0000,0x0000,0x0000,0x0000,0x0000,
  0x0000,0x0000,0x0000,0x0000,0x0000,0x0000,0x0000,0x0000,0x0000,0x0000,0x0000,0x0000,0x0000,0x0000,0x0000,0x0000,
  0x0000,0x0000,0x0000,0x0000,0x0000,0x0000,0x0000,0x0000,0x0000,0x0000,0x0000,0x0000,0x0000,0x0000,0x0000,0x0000,
  0x0000,0x0000,0x0000,0x0000,0x0000,0x0000,0x0000,0x0000,0x0000,0x0000,0x0000,0x0000,0x0000,0x0000,0x0000,0x0000,
  0x0000,0x0000,0x0000,0x0020,0x0000,0x9cd3,0x9492,0x0000,0x8c71,0x52aa,0x0000,0x39c7,0x18e3,0x0000,0x0000,0x0000,
  0x0000,0x0000,0x0000,0x0000,0x0000,0x0000,0x0000,0x0000,0x0000,0x0000,0x0000,0x0000,0x0000,0x0000,0x0000,0x0000,
  0x0000,0x0000,0x0000,0x0000,0x0000,0x0000,0x0000,0x0000,0x0000,0x0000,0x0020,0x18e3,0x0000,0x18c3,0xad55,0x4208,
  0x0000,0x0000,0x0000,0x0000,0x0000,0x0020,0x9cf3,0x52aa,0x0000,0x0000,0x0000,0x0000,0x0000,0x0000,0x0000,0x0000,
  0x0000,0x31a6,0xdefb,0x3186,0x3186,0x632c,0x0000,0x1082,0x10a2,0x0000,0x0000,0x0000,0x0000,0x0000,0x0000,0x0000,
  0x0000,0x0000,0x0000,0x0000,0x0000,0x0000,0x0000,0x0000,0x0000,0x0000,0x0000,0x0000,0x0000,0x0000,0x0000,0x0000,
  0x0000,0x0000,0x0000,0x0000,0x0000,0x0000,0x0020,0x5aeb,0x18c3,0x18e3,0xbdd7,0x10a2,0x528a,0xef5d,0x2945,0x73ae,
  0x8410,0x0000,0x0000,0x0000,0x0000,0x0000,0x0000,0x0000,0x0000,0x0000,0x0000,0x0000,0x0000,0x0000,0x0000,0x0000,
  0x0000,0x0000,0x0000,0x0000,0x0000,0x0000,0x0000,0x0000,0x0000,0x0000,0x0000,0x0000,0x0000,0x0000,0x0000,0x0000,
  0x0000,0x0000,0x0000,0x0000,0x0000,0x0000,0x0000,0x0000,0x0000,0x0000,0x0000,0x0000,0x0000,0x0000,0x0000,0x0000,
  0x0000,0x0000,0x0000,0x0000,0x0000,0x0000,0x0000,0x0000,0x0000,0x0000,0x0000,0x0000,0x0000,0x0000,0x0000,0x0000,
  0x0000,0x9cd3,0x8c51,0x0000,0x8430,0x52aa,0x0000,0x3186,0x18c3,0x0000,0x0000,0x0000,0x0000,0x0000,0x0000,0x0000,
  0x0000,0x0000,0x0000,0x0000,0x0000,0x0000,0x0000,0x0000,0x0000,0x0000,0x0000,0x0000,0x0000,0x0000,0x0000,0x0000,
  0x0000,0x0000,0x0000,0x0000,0x0000,0x0000,0x1082,0x528a,0x0000,0x2965,0xdefb,0x3186,0x0000,0x0000,0x0000,0x0000,
  0x0000,0x0020,0x8c51,0x39c7,0x0000,0x0000,0x0000,0x0000,0x0000,0x0000,0x0000,0x0000,0x0000,0x0000,0x4228,0x18e3,
  0x4228,0x73ae,0x0000,0x2124,0x2945,0x0000,0x0000,0x0000,0x0000,0x0000,0x0000,0x0000,0x0000,0x0000,0x0000,0x0000,
  0x0000,0x0000,0x0000,0x0000,0x0000,0x0000,0x0000,0x0000,0x0000,0x0000,0x0000,0x0000,0x0000,0x0000,0x0000,0x0000,
  0x0000,0x0000,0x0020,0x4a49,0x0861,0x18e3,0xb5b6,0x18c3,0x4a69,0xe71c,0x2104,0x632c,0x7bcf,0x0000,0x0000,0x0000,
  0x0000,0x0000,0x0000,0x0000,0x0000,0x0000,0x0000,0x0000,0x0000,0x0000,0x0000,0x0000,0x0000,0x0000,0x0000,0x0000,
  0x0000,0x0000,0x0000,0x0000,0x0000,0x0000,0x0000,0x0000,0x0000,0x0000,0x0000,0x0000,0x0000,0x0000,0x0000,0x0000,
  0x0000,0x0000,0x0000,0x0000,0x0000,0x0000,0x0000,0x0000,0x0000,0x0000,0x0000,0x0000,0x0000,0x0000,0x0000,0x0000,
  0x0000,0x0000,0x0000,0x0000,0x0000,0x0000,0x0000,0x0000,0x0000,0x0000,0x0000,0x0000,0x0000,0x9cd3,0x8430,0x0000,
  0x7bcf,0x4a69,0x0000,0x2104,0x1082,0x0000,0x0000,0x0000,0x0000,0x0000,0x0000,0x0000,0x0000,0x0000,0x0000,0x0000,
  0x0000,0x0000,0x0000,0x0000,0x0000,0x0000,0x0000,0x0000,0x0000,0x0000,0x0000,0x0000,0x0000,0x0000,0x0000,0x0020,
  0x3186,0x0020,0x18c3,0x738e,0x0000,0x4a69,0xb5b6,0x0861,0x0000,0x0000,0x0000,0x0000,0x0000,0x0000,0x9492,0x4228,
  0x0000,0x0000,0x0000,0x0000,0x0000,0x0000,0x0000,0x0000,0x0000,0x0000,0x0000,0x0000,0x7bef,0x8410,0x0000,0x528a,
  0x52aa,0x0000,0x0861,0x0020,0x0000,0x0000,0x0000,0x0000,0x0000,0x0000,0x0000,0x0000,0x0000,0x0000,0x0000,0x0000,
  0x0000,0x0000,0x0000,0x0000,0x0000,0x0000,0x0000,0x0000,0x0000,0x0000,0x0000,0x0000,0x0000,0x0000,0x0000,0x2124,
  0x0020,0x18e3,0xad75,0x18c3,0x4a49,0xdedb,0x18e3,0x5aeb,0x73ae,0x0000,0x0000,0x0000,0x0000,0x0000,0x0000,0x0000,
  0x0000,0x0000,0x0000,0x0000,0x0000,0x0000,0x0000,0x0000,0x0000,0x0000,0x0000,0x0000,0x0000,0x0000,0x0000,0x0000,
  0x0000,0x0000,0x0000,0x0000,0x0000,0x0000,0x0000,0x0000,0x0000,0x0000,0x0000,0x0000,0x0000,0x0000,0x0000,0x0000,
  0x0000,0x0000,0x0000,0x0000,0x0000,0x0000,0x0000,0x0000,0x0000,0x0000,0x0000,0x0000,0x0000,0x0000,0x0000,0x0000,
  0x0000,0x0000,0x0000,0x0000,0x0000,0x0000,0x0000,0x0000,0x0000,0x94b2,0x8410,0x0000,0x738e,0x4a69,0x0000,0x0841,
  0x0020,0x0000,0x0000,0x0000,0x0000,0x0000,0x0000,0x0000,0x0000,0x0000,0x0000,0x0000,0x0000,0x0000,0x0000,0x0000,
  0x0000,0x0000,0x0000,0x0000,0x0000,0x0000,0x0000,0x0000,0x0000,0x0000,0x0000,0x0841,0x8410,0x1082,0x2124,0x8430,
  0x0020,0x7bcf,0x7bef,0x0000,0x0000,0x0000,0x0000,0x0000,0x0000,0x0000,0x8410,0x4228,0x0000,0x0000,0x0000,0x0000,
  0x18e3,0x0000,0x0020,0x0861,0x0000,0x0000,0x0000,0x0861,0xce59,0x8430,0x0000,0x7bcf,0x8410,0x0000,0x528a,0x2965,
  0x0000,0x0000,0x0000,0x0000,0x0000,0x0000,0x0000,0x0000,0x0000,0x0000,0x0000,0x0000,0x0000,0x0000,0x0000,0x0000,
  0x0000,0x0000,0x0000,0x0000,0x0000,0x0000,0x0000,0x0000,0x0000,0x0000,0x0000,0x0000,0x0000,0x18e3,0xa534,0x10a2,
  0x4228,0xd6ba,0x10a2,0x5aeb,0x6b6d,0x0000,0x0000,0x0000,0x0000,0x0000,0x0000,0x0000,0x0000,0x0000,0x0000,0x0000,
  0x0000,0x0000,0x0000,0x0000,0x0000,0x0000,0x0000,0x0000,0x0000,0x0000,0x0000,0x0000,0x0000,0x0000,0x0000,0x0000,
  0x0000,0x0000,0x0000,0x0000,0x0000,0x0000,0x0000,0x0000,0x0000,0x0000,0x0000,0x0000,0x0000,0x0000,0x0000,0x0000,
  0x0000,0x0000,0x0000,0x0000,0x0000,0x0000,0x0000,0x0000,0x0000,0x0000,0x0000,0x0000,0x0000,0x0000,0x0000,0x0000,
  0x0000,0x0000,0x0000,0x0000,0x0000,0x9492,0x7bef,0x0000,0x6b4d,0x4a49,0x0000,0x0000,0x0000,0x0000,0x0000,0x0000,
  0x0000,0x0000,0x0000,0x0000,0x0000,0x0000,0x0000,0x0000,0x0000,0x0000,0x0000,0x0000,0x0000,0x0000,0x0000,0x0000,
  0x0000,0x0000,0x0000,0x0000,0x0000,0x39e7,0x0861,0x18c3,0xa514,0x1082,0x2965,0x8c51,0x0020,0x94b2,0x630c,0x0000,
  0x0000,0x0000,0x0000,0x0000,0x0000,0x0000,0x630c,0x4208,0x0000,0x0000,0x0000,0x0000,0x18e3,0x0000,0x1082,0x4a69,
  0x0020,0x0000,0x0000,0x0000,0x9492,0xa514,0x0000,0x5acb,0x73ae,0x0000,0x73ae,0x528a,0x0000,0x1082,0x0020,0x0000,
  0x0000,0x0000,0x0000,0x0000,0x0000,0x0000,0x0000,0x0000,0x0000,0x0000,0x0000,0x0000,0x0000,0x0000,0x0000,0x0000,
  0x0000,0x0000,0x0000,0x0000,0x0000,0x0000,0x0000,0x0000,0x0000,0x18e3,0x9cd3,0x1082,0x4208,0xd69a,0x10a2,0x632c,
  0x6b4d,0x0000,0x0000,0x0000,0x0000,0x0000,0x0000,0x0000,0x0000,0x0000,0x0000,0x0000,0x0000,0x0000,0x0000,0x0000,
  0x0000,0x0000,0x0000,0x0000,0x0000,0x0000,0x0000,0x0000,0x0000,0x0000,0x0000,0x0000,0x0000,0x0000,0x0000,0x0000,
  0x0000,0x0000,0x0000,0x0000,0x0000,0x0000,0x0000,0x0000,0x0000,0x0000,0x0000,0x0000,0x0000,0x0000,0x0000,0x0000,
  0x0000,0x0000,0x0000,0x0000,0x0000,0x0000,0x0000,0x0000,0x0000,0x0000,0x0000,0x0000,0x0000,0x0000,0x0000,0x0000,
  0x0000,0x8c71,0x7bcf,0x0000,0x5aeb,0x4228,0x0000,0x0000,0x0000,0x0000,0x0000,0x0000,0x0000,0x0000,0x0000,0x0000,
  0x0000,0x0000,0x0000,0x0000,0x0000,0x0000,0x0000,0x0000,0x0000,0x0000,0x0000,0x0000,0x0000,0x0000,0x0841,0x0000,
  0x0861,0xa514,0x18c3,0x18e3,0xad75,0x1082,0x3186,0x8c71,0x10a2,0x8c51,0x2124,0x0000,0x0000,0x0000,0x0000,0x0000,
  0x0000,0x0000,0x5aeb,0x4208,0x0000,0x0000,0x0000,0x0000,0x0020,0x0000,0x10a2,0x630c,0x0020,0x0000,0x0000,0x0000,
  0x4a49,0xad55,0x0020,0x39e7,0x4a49,0x0000,0x8410,0x630c,0x0000,0x7bcf,0x31a6,0x0000,0x0000,0x0000,0x0000,0x0000,
  0x0000,0x0000,0x0000,0x0000,0x0000,0x0000,0x0000,0x0000,0x0000,0x0000,0x0000,0x0000,0x0000,0x0000,0x0000,0x0000,
  0x0000,0x0000,0x0000,0x0000,0x0000,0x18e3,0x8c72,0x0861,0x39e7,0xce79,0x1082,0x6b4d,0x6b4d,0x0000,0x0000,0x0000,
  0x0000,0x0000,0x0000,0x0000,0x0000,0x0000,0x0000,0x0000,0x0000,0x0000,0x0000,0x0000,0x0000,0x0000,0x0000,0x0000,
  0x0000,0x0000,0x0000,0x0000,0x0000,0x0000,0x0000,0x0000,0x0000,0x0000,0x0000,0x0000,0x0000,0x0000,0x0000,0x0000,
  0x0000,0x0000,0x0000,0x0000,0x0000,0x0000,0x0000,0x0000,0x0000,0x0000,0x0000,0x0000,0x0000,0x0000,0x0000,0x0000,
  0x0000,0x0000,0x0000,0x0000,0x0000,0x0000,0x0000,0x0000,0x0000,0x0000,0x0000,0x0000,0x0000,0x8c71,0x73ae,0x0000,
  0x5acb,0x4228,0x0000,0x0000,0x0000,0x0000,0x0000,0x0000,0x0000,0x0000,0x0000,0x0000,0x0000,0x0000,0x0000,0x0000,
  0x0000,0x0000,0x0000,0x0000,0x0000,0x0000,0x0000,0x0000,0x0000,0x0000,0x5acb,0x2124,0x18c3,0xbdd7,0x18e3,0x2104,
  0xad55,0x0861,0x31a6,0x9492,0x18e3,0x632c,0x0861,0x0000,0x0000,0x0000,0x0000,0x0000,0x0000,0x0000,0x630c,0x4228,
  0x0000,0x0000,0x0000,0x0000,0x0000,0x0000,0x1082,0x528a,0x0020,0x0000,0x0000,0x0000,0x2945,0xad75,0x0841,0x528a,
  0x5acb,0x0000,0x8c71,0x632c,0x0020,0xbdd7,0x5acb,0x0841,0x6b4d,0x1082,0x0000,0x0000,0x0000,0x0000,0x0000,0x0000,
  0x0000,0x0000,0x0000,0x0000,0x0000,0x0000,0x0000,0x0000,0x0000,0x0000,0x0000,0x0000,0x0000,0x0000,0x0000,0x0000,
  0x0000,0x18c3,0x8c51,0x0861,0x39c7,0xce59,0x0861,0x6b4d,0x738e,0x0000,0x0000,0x0000,0x0000,0x0000,0x0000,0x0000,
  0x0000,0x0000,0x0000,0x0000,0x0000,0x0000,0x0000,0x0000,0x0000,0x0000,0x0000,0x0000,0x0000,0x0000,0x0000,0x0000,
  0x0000,0x0000,0x0000,0x0000,0x0000,0x0000,0x0000,0x0000,0x0000,0x0000,0x0000,0x0000,0x0000,0x0000,0x0000,0x0000,
  0x0000,0x0000,0x0000,0x0000,0x0000,0x0000,0x0000,0x0000,0x0000,0x0000,0x0000,0x0000,0x0000,0x0000,0x0000,0x0000,
  0x0000,0x0000,0x0000,0x0000,0x0000,0x0000,0x0000,0x0000,0x0000,0x8c71,0x738e,0x0000,0x6b6d,0x4228,0x0000,0x0000,
  0x0000,0x0000,0x0000,0x0000,0x0000,0x0000,0x0000,0x0000,0x0000,0x0000,0x0000,0x0000,0x0000,0x0000,0x0000,0x0000,
  0x0000,0x0000,0x0000,0x31a6,0x2104,0x0000,0x8c71,0x4a49,0x18e3,0xce59,0x2945,0x2104,0xbdd7,0x18c3,0x31a6,0x94b2,
  0x18e3,0x39e7,0x0000,0x0000,0x0000,0x0000,0x0000,0x0000,0x0000,0x0000,0x632c,0x4208,0x0000,0x0000,0x0000,0x0000,
  0x0000,0x0000,0x0020,0x10a2,0x0000,0x0000,0x0000,0x0000,0x1082,0x9492,0x2124,0x6b4d,0x738e,0x0000,0x94b2,0x73ae,
  0x0861,0xce59,0x5acb,0x18e3,0xbdd7,0x10a2,0x0841,0x5acb,0x0841,0x0000,0x0000,0x0000,0x0000,0x0000,0x0000,0x0000,
  0x0000,0x0000,0x0000,0x0000,0x0000,0x0000,0x0000,0x0000,0x0000,0x0000,0x0000,0x0000,0x0000,0x18c3,0x9492,0x1082,
  0x39c7,0xc638,0x0841,0x6b4d,0x73ae,0x0000,0x0000,0x0000,0x0000,0x0000,0x0000,0x0000,0x0000,0x0000,0x0000,0x0000,
  0x0000,0x0000,0x0000,0x0000,0x0000,0x0000,0x0000,0x0000,0x0000,0x0000,0x0000,0x0000,0x0000,0x0000,0x0000,0x0000,
  0x0000,0x0000,0x0000,0x0000,0x0000,0x0000,0x0000,0x0000,0x0000,0x0000,0x0000,0x0000,0x0000,0x0000,0x0000,0x0000,
  0x0000,0x0000,0x0000,0x0000,0x0000,0x0000,0x0000,0x0000,0x0000,0x0000,0x0000,0x0000,0x0000,0x0000,0x0000,0x0000,
  0x0000,0x0000,0x0020,0x528a,0x0020,0x8c51,0x738e,0x0000,0x8430,0x4a69,0x0000,0x18c3,0x0861,0x0000,0x0000,0x0000,
  0x0000,0x0000,0x0000,0x0000,0x0000,0x0000,0x0000,0x0000,0x0000,0x0020,0x0861,0x0000,0x39c7,0x31a6,0x0000,0x8430,
  0x5aeb,0x0000,0xad55,0x5acb,0x18c3,0xd69a,0x3186,0x2104,0xce59,0x2945,0x31a6,0x9cf3,0x18c2,0x18e3,0x0000,0x0000,
  0x0000,0x0000,0x0000,0x0000,0x0000,0x0000,0x5aeb,0x31a6,0x0000,0x0000,0x0000,0x0000,0x0000,0x0000,0x0000,0x0000,
  0x0000,0x0000,0x0000,0x0000,0x0000,0x3186,0x39c7,0x738e,0x8c51,0x0000,0xad75,0x8c51,0x1082,0xce59,0x5acb,0x18e3,
  0xce79,0x2124,0x2124,0xd69a,0x2124,0x0841,0x3186,0x0020,0x0000,0x0000,0x0000,0x0000,0x0000,0x0000,0x0000,0x0000,
  0x0000,0x0000,0x0000,0x0000,0x0000,0x0000,0x0000,0x0000,0x0000,0x18c3,0x9cf3,0x10a2,0x39c7,0xc638,0x0841,0x630c,
  0x6b6d,0x0000,0x0000,0x0000,0x0000,0x0000,0x0000,0x0000,0x0000,0x0000,0x0000,0x0000,0x0000,0x0000,0x0000,0x0000,
  0x0000,0x0000,0x0000,0x0000,0x0000,0x0000,0x0000,0x0000,0x0000,0x0000,0x0000,0x0000,0x0000,0x0000,0x0000,0x0000,
  0x0000,0x0000,0x0000,0x0000,0x0000,0x0000,0x0000,0x0000,0x0000,0x0000,0x0000,0x0000,0x0000,0x0000,0x0000,0x0000,
  0x0000,0x0000,0x0000,0x0000,0x0000,0x0000,0x0000,0x0000,0x0000,0x0000,0x0000,0x0000,0x0000,0x0000,0x18e3,0x94b2,
  0x0020,0x8c51,0x738e,0x0000,0x9cd3,0x632c,0x0000,0x632c,0x31a6,0x0000,0x0020,0x0000,0x0000,0x0020,0x0000,0x0000,
  0x0020,0x0000,0x18c3,0x4a49,0x0000,0x4a49,0x8410,0x0000,0xa514,0x7bef,0x0000,0xbdd7,0x6b6d,0x0841,0xce79,0x630c,
  0x18c3,0xe71c,0x4208,0x2945,0xdefb,0x31a6,0x31a6,0xa534,0x0841,0x0000,0x0000,0x0000,0x0000,0x0000,0x0000,0x0000,
  0x0000,0x0000,0x39e7,0x18e3,0x0000,0x0000,0x0000,0x0000,0x0000,0x0000,0x0000,0x0000,0x0000,0x0000,0x0000,0x0000,
  0x0000,0x0841,0x1082,0x7bef,0x94b2,0x0841,0xc618,0x94b2,0x10a2,0xd69a,0x630c,0x2104,0xe71c,0x39e7,0x4208,0xf79e,
  0x3186,0x3186,0xd69a,0x18c3,0x39e7,0x52aa,0x0000,0x0000,0x0000,0x0000,0x0000,0x0000,0x0000,0x0000,0x0000,0x0000,
  0x0000,0x0000,0x0000,0x31a6,0x0841,0x18e3,0xb596,0x10a2,0x39c7,0xc618,0x0861,0x5aeb,0x5aeb,0x0000,0x0000,0x0000,
  0x0000,0x0000,0x0000,0x0000,0x0000,0x0000,0x0000,0x0000,0x0000,0x0000,0x0000,0x0000,0x0000,0x0000,0x0000,0x0000,
  0x0000,0x0000,0x0000,0x0000,0x0000,0x0000,0x0000,0x0000,0x0000,0x0000,0x0000,0x0000,0x0000,0x0000,0x0000,0x0000,
  0x0000,0x0000,0x0000,0x0000,0x0000,0x0000,0x0000,0x0000,0x0000,0x0000,0x0000,0x0000,0x0000,0x0000,0x0000,0x0000,
  0x0000,0x0000,0x0000,0x0000,0x0000,0x0000,0x0000,0x0000,0x0000,0x0000,0x39c7,0xb596,0x0020,0x8c51,0x738e,0x0000,
  0xa514,0x8c51,0x0841,0xbdf7,0x6b6d,0x0020,0x8c51,0x39c7,0x18e3,0x9cd3,0x2104,0x2965,0xa534,0x10a2,0x6b4d,0xdedb,
  0x1082,0x8c51,0xd69a,0x1082,0xd69a,0xa514,0x0861,0xd69a,0x738e,0x1082,0xe71c,0x738e,0x2965,0xf79e,0x4228,0x31a6,
  0xef5d,0x39c7,0x31a6,0xad55,0x0861,0x0000,0x0000,0x0000,0x0000,0x0000,0x0000,0x0000,0x0000,0x0000,0x0861,0x0841,
  0x0000,0x0000,0x0000,0x0000,0x0000,0x0000,0x0000,0x0000,0x0000,0x0000,0x0000,0x0000,0x0000,0x0000,0x0000,0x8410,
  0x9cd3,0x1082,0xce59,0x9cd3,0x18c3,0xdefb,0x7bef,0x39e7,0xffdf,0x52aa,0x5aeb,0xffff,0x4a69,0x5aeb,0xffff,0x4a49,
  0x7bef,0xdefb,0x1082,0x5acb,0x6b4d,0x0000,0x18e3,0x10a2,0x0000,0x0020,0x0000,0x0000,0x3186,0x10a2,0x1082,0xa514,
  0x2124,0x3186,0xd69a,0x18c3,0x39c7,0xc618,0x0861,0x5aeb,0x630c,0x0000,0x0000,0x0000,0x0000,0x0000,0x0000,0x0000,
  0x0000,0x0000,0x0000,0x0000,0x0000,0x0000,0x0000,0x0000,0x0000,0x0000,0x0000,0x0000,0x0000,0x0000,0x0000,0x0000,
  0x0000,0x0000,0x0000,0x0000,0x0000,0x0000,0x0000,0x0000,0x0000,0x0000,0x0000,0x0000,0x0000,0x0000,0x0000,0x0000,
  0x0000,0x0000,0x0000,0x0000,0x0000,0x0000,0x0000,0x0000,0x0000,0x0000,0x0000,0x0000,0x0000,0x0000,0x0000,0x0000,
  0x0000,0x0000,0x0000,0x0000,0x0000,0x0000,0x4a69,0xbdd7,0x0000,0x8c51,0x738e,0x0000,0xa534,0x9492,0x2104,0xef5d,
  0xad55,0x39c7,0xffdf,0x94b2,0x630c,0xffff,0x6b4d,0x7bef,0xffff,0x4a49,0x9cd3,0xf7be,0x2965,0xad55,0xef7d,0x31a6,
  0xe73c,0xce59,0x2104,0xef5d,0x94b2,0x2945,0xf7be,0x8410,0x39e7,0xffdf,0x4a69,0x4228,0xf79e,0x39c7,0x31a6,0xad55,
  0x0861,0x0020,0x0861,0x0000,0x0000,0x0000,0x0000,0x0000,0x0000,0x0000,0x0000,0x0000,0x0000,0x0000,0x0000,0x0000,
  0x0000,0x0000,0x0000,0x0000,0x0000,0x0000,0x0000,0x0000,0x0000,0x0000,0x0000,0x8410,0x9cd3,0x1082,0xce79,0xa514,
  0x18c3,0xe71c,0x8c71,0x528a,0xffff,0x738e,0x632c,0xffff,0x6b4d,0x73ae,0xffff,0x632c,0x9cd3,0xffff,0x39c7,0xce59,
  0xef5d,0x2124,0xb5b6,0xad55,0x18c3,0x9492,0x632c,0x2104,0xd6ba,0x738e,0x39e7,0xf7be,0x5acb,0x4a69,0xef5d,0x2945,
  0x39c7,0xc618,0x1082,0x630c,0x7bef,0x0000,0x0000,0x0000,0x0000,0x0000,0x0000,0x0000,0x0000,0x0000,0x0000,0x0000,
  0x0000,0x0000,0x0000,0x0000,0x0000,0x0000,0x0000,0x0000,0x0000,0x0000,0x0000,0x0000,0x0000,0x0000,0x0000,0x0000,
  0x0000,0x0000,0x0000,0x0000,0x0000,0x0000,0x0000,0x0000,0x0000,0x0000,0x0000,0x0000,0x0000,0x0000,0x0000,0x0000,
  0x0000,0x0000,0x0000,0x0000,0x0000,0x0000,0x0000,0x0000,0x0000,0x0000,0x0000,0x0000,0x0000,0x0000,0x0000,0x0000,
  0x0000,0x0000,0x6b6d,0xbdf7,0x0020,0x9492,0x73ae,0x0000,0xad75,0x9cf3,0x2124,0xf79e,0xc638,0x632c,0xffff,0xce79,
  0xa514,0xffff,0xa514,0xad75,0xffff,0x73ae,0xbdf7,0xffff,0x4228,0xc618,0xf7be,0x4a69,0xef7d,0xe71c,0x4208,0xffdf,
  0xbdd7,0x39c7,0xffff,0x8c71,0x4a49,0xffff,0x5aeb,0x4a49,0xf7be,0x39c7,0x31a6,0xad75,0x0841,0x0020,0x0861,0x0000,
  0x0000,0x0000,0x0000,0x0000,0x0000,0x0000,0x0000,0x0000,0x0000,0x0000,0x0000,0x0000,0x0000,0x0000,0x0000,0x0000,
  0x0000,0x0000,0x0000,0x0000,0x0020,0x0020,0x0000,0x8410,0x9cd3,0x1082,0xce79,0xad55,0x18c3,0xe73c,0x9492,0x52aa,
  0xffff,0x7bef,0x738e,0xffff,0x7bcf,0x8430,0xffff,0x73ae,0xb596,0xffff,0x528a,0xdedb,0xffdf,0x738e,0xf79e,0xf79e,
  0x7bef,0xffff,0xdedb,0x8430,0xffff,0xb5b6,0x7bef,0xffff,0x7bcf,0x528a,0xef7d,0x2945,0x4208,0xc638,0x0861,0x630c,
  0xb596,0x0020,0x0000,0x0000,0x0000,0x0000,0x0000,0x0000,0x0000,0x0000,0x0000,0x0000,0x0000,0x0000,0x0000,0x0000,
  0x0000,0x0000,0x0000,0x0000,0x0000,0x0000,0x0000,0x0000,0x0000,0x0000,0x0000,0x0000,0x0000,0x0000,0x0000,0x0000,
  0x0000,0x0000,0x0000,0x0000,0x0000,0x0000,0x0000,0x0000,0x0000,0x0000,0x0000,0x0000,0x0000,0x0000,0x0000,0x0000,
  0x0000,0x0000,0x0000,0x0000,0x0000,0x0000,0x0000,0x0000,0x0000,0x0000,0x0000,0x0000,0x0000,0x0000,0x7bcf,0xbdf7,
  0x0020,0x9492,0x7bcf,0x0020,0xc638,0xb596,0x39c7,0xffdf,0xd69a,0x7bcf,0xffff,0xdedb,0xbdf7,0xffff,0xad75,0xbdf7,
  0xffff,0x9cf3,0xd69a,0xffff,0x6b6d,0xd6ba,0xf7be,0x4a69,0xef7d,0xef5d,0x4a69,0xffff,0xce79,0x39c7,0xffdf,0x9492,
  0x4a69,0xffff,0x6b4d,0x4a49,0xf79e,0x31a6,0x31a6,0xad75,0x0841,0x0000,0x0000,0x0000,0x0000,0x0000,0x0000,0x0000,
  0x0000,0x0000,0x0000,0x0000,0x0000,0x0000,0x0000,0x0000,0x0000,0x0000,0x0000,0x0000,0x0000,0x0000,0x0000,0x0000,
  0x0000,0x0020,0x0000,0x8c71,0x9cf3,0x1082,0xc638,0xad55,0x2104,0xef7d,0x94b2,0x52aa,0xffff,0x8410,0x7bef,0xffff,
  0x8c72,0x94b2,0xffff,0x738e,0xa514,0xffff,0x4a69,0xdedb,0xffff,0x8430,0xf7be,0xf79e,0x94b2,0xffff,0xe73c,0xa514,
  0xffff,0xc638,0x94b2,0xffff,0x8410,0x528a,0xef5d,0x2945,0x4228,0xc638,0x0861,0x5aeb,0xc618,0x0841,0x0000,0x0000,
  0x0000,0x0000,0x0000,0x0000,0x0000,0x0000,0x0000,0x0000,0x0000,0x0000,0x0000,0x0000,0x0000,0x0000,0x0000,0x0000,
  0x0000,0x0000,0x0000,0x0000,0x0000,0x0000,0x0000,0x0000,0x0000,0x0000,0x0000,0x0000,0x0000,0x0000,0x0000,0x0000,
  0x0000,0x0000,0x0000,0x0000,0x0000,0x0000,0x0000,0x0000,0x0000,0x0000,0x0000,0x0000,0x0000,0x0000,0x0000,0x0000,
  0x0000,0x0000,0x0000,0x0000,0x0000,0x0000,0x0000,0x0000,0x0000,0x0000,0x8410,0xbdf7,0x0020,0x8c71,0x7bcf,0x0861,
  0xd69a,0xc618,0x4208,0xffdf,0xdedb,0x8410,0xffff,0xd69a,0xad55,0xffff,0x7bcf,0x9492,0xffff,0x8410,0xc618,0xffff,
  0x6b6d,0xd6ba,0xf7be,0x4a69,0xef7d,0xdefb,0x2104,0xce79,0x738e,0x18c3,0xe73c,0x8c71,0x4a69,0xffff,0x5aeb,0x4208,
  0xef7d,0x3186,0x31a6,0xb596,0x0841,0x0000,0x0000,0x0000,0x0000,0x0000,0x0000,0x0000,0x0000,0x0000,0x0000,0x0000,
  0x0000,0x0000,0x0000,0x0000,0x0000,0x0000,0x0000,0x0000,0x0000,0x0000,0x0000,0x0000,0x0000,0x0000,0x0000,0xa514,
  0xa534,0x0861,0xbdf7,0xad55,0x2945,0xf79e,0x9cd3,0x5acb,0xffff,0x8410,0x528a,0xdefb,0x4228,0x8410,0xffff,0x630c,
  0x9492,0xffff,0x630c,0xe71c,0xffdf,0x528a,0xe71c,0xd6ba,0x4a69,0xf7be,0xdefb,0x9492,0xffff,0xc638,0x94b2,0xffff,
  0x7bef,0x528a,0xef5d,0x2124,0x39c7,0xbdd7,0x0861,0x5aeb,0xbdf7,0x0841,0x0000,0x0000,0x0000,0x0000,0x0000,0x0000,
  0x0000,0x0000,0x0000,0x0000,0x0000,0x0000,0x0000,0x0000,0x0000,0x0000,0x0000,0x0000,0x0000,0x0000,0x0000,0x0000,
  0x0000,0x0000,0x0000,0x0000,0x0000,0x0000,0x0000,0x0000,0x0000,0x0000,0x0000,0x0000,0x0000,0x0000,0x0000,0x0000,
  0x0000,0x0000,0x0000,0x0000,0x0000,0x0000,0x0000,0x0000,0x0000,0x0000,0x0000,0x0000,0x0000,0x0000,0x0000,0x0000,
  0x0000,0x0000,0x0000,0x0000,0x0000,0x0000,0x8410,0xbdf7,0x0020,0x8c51,0x7bef,0x0861,0xd69a,0xc618,0x39c7,0xffdf,
  0xce79,0x6b6d,0xffff,0xbdd7,0x5acb,0xffff,0x5aeb,0x6b4d,0xffff,0x528a,0xa514,0xffff,0x4a69,0xd6ba,0xffdf,0x4a49,
  0xef5d,0xb5b6,0x0000,0x632c,0x4a49,0x0861,0xd69a,0x8410,0x4228,0xffff,0x4a49,0x39c7,0xe73c,0x3186,0x31a6,0xbdd7,
  0x0861,0x0020,0x0841,0x0000,0x0000,0x0000,0x0000,0x0000,0x0000,0x0000,0x0000,0x0000,0x0000,0x0000,0x0000,0x0000,
  0x0000,0x0000,0x0000,0x0000,0x0000,0x0000,0x0000,0x0000,0x0841,0x0841,0x0000,0xad75,0xad55,0x0841,0xbdd7,0xa534,
  0x2945,0xf79e,0x9cd3,0x52aa,0xffff,0x7bcf,0x0841,0x632c,0x0020,0x7bcf,0xffff,0x5aeb,0x8c51,0xffff,0x738e,0xe73c,
  0xf7be,0x39c7,0xd69a,0xd69a,0x3186,0xef7d,0xc638,0x738e,0xffff,0xb596,0x8410,0xffff,0x73ae,0x4a69,0xe71c,0x18e3,
  0x2965,0xad75,0x0861,0x5acb,0xbdf7,0x0841,0x0000,0x0000,0x0000,0x0000,0x0000,0x0000,0x0000,0x0000,0x0000,0x0000,
  0x0000,0x0000,0x0000,0x0000,0x0000,0x0000,0x0000,0x0000,0x0000,0x0000,0x0000,0x0000,0x0000,0x0000,0x0000,0x0000,
  0x0000,0x0000,0x0000,0x0000,0x0000,0x0000,0x0000,0x0000,0x0000,0x0000,0x0000,0x0000,0x0000,0x0000,0x0000,0x0000,
  0x0000,0x0000,0x0000,0x0000,0x0000,0x0000,0x0000,0x0000,0x0000,0x0000,0x0000,0x0000,0x0000,0x0000,0x0000,0x0000,
  0x0000,0x0000,0x7bef,0xbdd7,0x0020,0x8c51,0x8410,0x0020,0xc638,0xad75,0x2124,0xef7d,0xbdd7,0x4a49,0xffff,0x94b2,
  0x4208,0xffff,0x630c,0x6b6d,0xffff,0x528a,0x94b2,0xffff,0x5aeb,0xd6ba,0xf7be,0x4208,0xe73c,0x7bcf,0x0000,0x6b6d,
  0x630c,0x0861,0xd69a,0x73ae,0x39c7,0xf7be,0x4228,0x2965,0xdefb,0x2965,0x31a6,0xbdf7,0x0861,0x2965,0x4a49,0x0000,
  0x0000,0x0000,0x0000,0x0000,0x0000,0x0000,0x0000,0x0000,0x0000,0x0000,0x0000,0x0000,0x0000,0x0000,0x0000,0x0000,
  0x0000,0x0000,0x0000,0x0000,0x2945,0x4a49,0x0020,0xb5b6,0xad55,0x0841,0xb5b6,0xa514,0x2945,0xf79e,0x9cd3,0x5acb,
  0xffff,0x630c,0x0841,0x630c,0x0841,0x738e,0xffff,0x5aeb,0x8430,0xffff,0x73ae,0xef5d,0xffdf,0x4a49,0xdefb,0xd69a,
  0x2965,0xef5d,0xb596,0x4a49,0xffff,0x9cf3,0x5aeb,0xffff,0x5aeb,0x4a69,0xdefb,0x18c3,0x2945,0xa514,0x0841,0x52aa,
  0xbdf7,0x0861,0x0000,0x0020,0x0000,0x0000,0x0000,0x0000,0x0000,0x0000,0x0000,0x0000,0x0000,0x0000,0x0000,0x0000,
  0x0000,0x0000,0x0000,0x0000,0x0000,0x0000,0x0000,0x0000,0x0000,0x0000,0x0000,0x0000,0x0000,0x0000,0x0000,0x0000,
  0x0000,0x0000,0x0000,0x0000,0x0000,0x0000,0x0000,0x0000,0x0000,0x0000,0x0000,0x0000,0x0000,0x0000,0x0000,0x0000,
  0x0000,0x0000,0x0000,0x0000,0x0000,0x0000,0x0000,0x0000,0x0000,0x0000,0x0000,0x0000,0x0000,0x0000,0x7bcf,0xb596,
  0x0020,0x8c51,0x8430,0x0000,0xb596,0x9cd3,0x18e3,0xe71c,0x9cd3,0x2945,0xf79e,0x73ae,0x52aa,0xffff,0x630c,0x73ae,
  0xffff,0x528a,0xa514,0xffff,0x632c,0xdedb,0xef5d,0x2945,0xdefb,0x8c71,0x0000,0x8430,0x6b6d,0x0861,0xd69a,0x73ae,
  0x31a6,0xf79e,0x4228,0x2124,0xd6ba,0x2945,0x3186,0xc618,0x1082,0x4228,0x8410,0x0000,0x0000,0x0000,0x0000,0x0000,
  0x0000,0x0000,0x0000,0x0000,0x0000,0x0000,0x0000,0x0000,0x0000,0x0000,0x0000,0x0000,0x0000,0x0000,0x0000,0x0000,
  0x3186,0x5acb,0x0841,0xbdd7,0xad55,0x0841,0xb596,0x9cf3,0x2124,0xf79e,0x9cd3,0x5acb,0xffff,0x4228,0x0841,0x8c71,
  0x1082,0x6b4d,0xffff,0x5aeb,0x8430,0xffff,0x73ae,0xef5d,0xffdf,0x52aa,0xe73c,0xd69a,0x2945,0xe73c,0xad75,0x39c7,
  0xf7be,0x73ae,0x39c7,0xf7be,0x52aa,0x4a69,0xdedb,0x10a2,0x2945,0x9cd3,0x0020,0x528a,0xbdf7,0x0841,0x31a6,0x4a49,
  0x0000,0x0000,0x0000,0x0000,0x0000,0x0000,0x0000,0x0000,0x0000,0x0000,0x0000,0x0000,0x0000,0x0000,0x0000,0x0000,
  0x0000,0x0000,0x0000,0x0000,0x0000,0x0000,0x0000,0x0000,0x0000,0x0000,0x0000,0x0000,0x0000,0x0000,0x0000,0x0000,
  0x0000,0x0000,0x0000,0x0000,0x0000,0x0000,0x0000,0x0000,0x0000,0x0000,0x0000,0x0000,0x0000,0x0000,0x0000,0x0000,
  0x0000,0x0000,0x0000,0x0000,0x0000,0x0000,0x0000,0x0000,0x0000,0x0000,0x6b6d,0xad55,0x0020,0x8c51,0x8c71,0x0000,
  0xb596,0x9492,0x18c3,0xdefb,0x8c51,0x18e3,0xe73c,0x8c71,0x52aa,0xffff,0x5aeb,0x6b6d,0xffff,0x528a,0xa534,0xffff,
  0x738e,0xdedb,0xd6ba,0x1082,0xd69a,0xbdd7,0x0841,0xad75,0x738e,0x0841,0xd69a,0x6b6d,0x2945,0xef7d,0x4228,0x2124,
  0xce79,0x2124,0x3186,0xc638,0x18c3,0x2124,0x5aeb,0x0000,0x0000,0x0020,0x0000,0x0000,0x0000,0x0000,0x0000,0x0000,
  0x0000,0x0000,0x0000,0x0000,0x0000,0x0000,0x0000,0x0000,0x0000,0x0000,0x0000,0x0000,0x1082,0x18e3,0x0841,0xbdf7,
  0xad55,0x0020,0xad75,0x9cd3,0x18e3,0xef5d,0x94b2,0x52aa,0xffff,0x4208,0x18e3,0xce79,0x2945,0x632c,0xffff,0x5aeb,
  0x8c51,0xffff,0x630c,0xdefb,0xffdf,0x528a,0xe71c,0xd69a,0x2945,0xe73c,0xad75,0x2945,0xe73c,0x630c,0x31a6,0xef7d,
  0x528a,0x528a,0xe71c,0x18e3,0x2965,0x94b2,0x0020,0x528a,0xbdd7,0x0841,0x6b4d,0x8c51,0x0000,0x0000,0x0000,0x0000,
  0x0000,0x0000,0x0000,0x0000,0x0000,0x0000,0x0000,0x0000,0x0000,0x0000,0x0000,0x0000,0x0000,0x0000,0x0000,0x0000,
  0x0000,0x0000,0x0000,0x0000,0x0000,0x0000,0x0000,0x0000,0x0000,0x0000,0x0000,0x0000,0x0000,0x0000,0x0000,0x0000,
  0x0000,0x0000,0x0000,0x0000,0x0000,0x0000,0x0000,0x0000,0x0000,0x0000,0x0000,0x0000,0x0000,0x0000,0x0000,0x0000,
  0x0000,0x0000,0x0000,0x0000,0x0000,0x0000,0x5aeb,0xa514,0x0000,0x8c51,0x8c71,0x0841,0xc638,0x94b2,0x18e3,0xe73c,
  0x8c51,0x0861,0xd69a,0x8c71,0x4a49,0xffff,0x5aeb,0x6b4d,0xffff,0x528a,0x9cd3,0xffff,0x528a,0xbdf7,0xce79,0x0861,
  0xce59,0xbdf7,0x10a2,0xd69a,0x73ae,0x0841,0xd69a,0x5aeb,0x18c3,0xe71c,0x4208,0x2104,0xc638,0x2104,0x3186,0xce59,
  0x2104,0x0020,0x0861,0x0000,0x2104,0x2124,0x0000,0x0000,0x0000,0x0000,0x0000,0x0000,0x0000,0x0000,0x0000,0x0000,
  0x0000,0x0000,0x0000,0x0000,0x0000,0x10a2,0x4a69,0x0020,0x0000,0x0000,0x0841,0xbdf7,0xad55,0x0020,0xad55,0x9cd3,
  0x10a2,0xe71c,0x9492,0x528a,0xffff,0x4a49,0x2965,0xf79e,0x4a69,0x5acb,0xffff,0x5aeb,0x9cd3,0xffff,0x4a49,0xd69a,
  0xffdf,0x4228,0xdedb,0xce79,0x2945,0xe73c,0xad75,0x18e3,0xdefb,0x5aeb,0x31a6,0xf79e,0x52aa,0x528a,0xef7d,0x2945,
  0x39e7,0xad75,0x0841,0x4a69,0xb596,0x0841,0x73ae,0x9cf3,0x0000,0x0000,0x0000,0x0000,0x0000,0x0000,0x0000,0x0000,
  0x0000,0x0000,0x0000,0x0000,0x0000,0x0000,0x0000,0x0000,0x0000,0x0000,0x0000,0x0000,0x0000,0x0000,0x0000,0x0000,
  0x0000,0x0000,0x0000,0x0000,0x0000,0x0000,0x0000,0x0000,0x0000,0x0000,0x0000,0x0000,0x0000,0x0000,0x0000,0x0000,
  0x0000,0x0000,0x0000,0x0000,0x0000,0x0000,0x0000,0x0000,0x0000,0x0000,0x0000,0x0000,0x0000,0x0000,0x0000,0x0000,
  0x0000,0x0000,0x4a49,0x9cd3,0x0000,0x8c71,0x94b2,0x10a2,0xd69a,0x9cf3,0x2104,0xef5d,0x8c51,0x1082,0xd69a,0x738e,
  0x39c7,0xffdf,0x5acb,0x632c,0xffff,0x4a69,0x94b2,0xffff,0x39e7,0xad55,0xce59,0x0861,0xc638,0xb596,0x0861,0xd69a,
  0x7bef,0x0841,0xce59,0x5acb,0x10a2,0xd69a,0x39e7,0x18e3,0xbdf7,0x2104,0x3186,0xce79,0x2124,0x0000,0x0000,0x0000,
  0x0861,0x0861,0x0000,0x0000,0x0000,0x0000,0x0000,0x0000,0x0000,0x0000,0x0000,0x0000,0x0000,0x0000,0x0000,0x0000,
  0x0000,0x2965,0x738e,0x0000,0x0000,0x0000,0x0841,0xbdf7,0xad55,0x0020,0xa534,0x94b2,0x18c3,0xe71c,0x8c71,0x4a69,
  0xffff,0x528a,0x4a69,0xffff,0x630c,0x52aa,0xffff,0x5acb,0x9cf3,0xffff,0x31a6,0xce59,0xef7d,0x2965,0xd69a,0xce59,
  0x2945,0xe73c,0xa514,0x18c3,0xdefb,0x5aeb,0x39c7,0xffdf,0x5aeb,0x4a69,0xf7be,0x39c7,0x5acb,0xc638,0x0841,0x4a49,
  0xad75,0x0020,0x738e,0xa514,0x0000,0x0000,0x0000,0x0000,0x0000,0x0000,0x0000,0x0000,0x0000,0x0000,0x0000,0x0000,
  0x0000,0x0000,0x0000,0x0000,0x0000,0x0000,0x0000,0x0000,0x0000,0x0000,0x0000,0x0000,0x0000,0x0000,0x0000,0x0000,
  0x0000,0x0000,0x0000,0x0000,0x0000,0x0000,0x0000,0x0000,0x0000,0x0000,0x0000,0x0000,0x0000,0x0000,0x0000,0x0000,
  0x0000,0x0000,0x0000,0x0000,0x0000,0x0000,0x0000,0x0000,0x0000,0x0000,0x0000,0x0000,0x0000,0x0000,0x4208,0x9492,
  0x0000,0x94b2,0xa514,0x18c3,0xdedb,0xbdd7,0x2945,0xef7d,0x9cf3,0x0861,0xce79,0x738e,0x39c7,0xf7be,0x5acb,0x6b4d,
  0xffff,0x4a49,0x9492,0xef7d,0x18e3,0x9cf3,0xce59,0x1082,0xc618,0xad75,0x0861,0xd69a,0x7bcf,0x0020,0xc618,0x5acb,
  0x10a2,0xce59,0x31a6,0x18c3,0xbdd7,0x2104,0x3186,0xd69a,0x2124,0x0000,0x0000,0x0000,0x18c3,0x18e3,0x0000,0x0000,
  0x0000,0x0000,0x0000,0x0000,0x0000,0x0000,0x0000,0x0000,0x0000,0x0000,0x0000,0x0000,0x0000,0x18c3,0x4208,0x0000,
  0x0000,0x0000,0x0841,0xbdf7,0xa534,0x0020,0xa514,0x8c51,0x10a2,0xdefb,0x8410,0x4228,0xffdf,0x4a69,0x528a,0xffff,
  0x5aeb,0x528a,0xffff,0x52aa,0x8c71,0xef7d,0x2104,0xbdf7,0xdefb,0x18c3,0xce59,0xc638,0x2945,0xef5d,0x8c51,0x0861,
  0xdedb,0x630c,0x39e7,0xffff,0x6b6d,0x528a,0xffff,0x4228,0x630c,0xd69a,0x0841,0x4a49,0xad55,0x0020,0x6b4d,0xa514,
  0x0000,0x0000,0x0000,0x0000,0x0000,0x0000,0x0000,0x0000,0x0000,0x0000,0x0000,0x0000,0x0000,0x0000,0x0000,0x0000,
  0x0000,0x0000,0x0000,0x0000,0x0000,0x0000,0x0000,0x0000,0x0000,0x0000,0x0000,0x0000,0x0000,0x0000,0x0000,0x0000,
  0x0000,0x0000,0x0000,0x0000,0x0000,0x0000,0x0000,0x0000,0x0000,0x0000,0x0000,0x0000,0x0000,0x0000,0x0000,0x0000,
  0x0000,0x0000,0x0000,0x0000,0x0000,0x0000,0x0000,0x0000,0x0000,0x0000,0x4208,0x8c71,0x0000,0xa514,0xad55,0x18c3,
  0xdefb,0xc638,0x2965,0xef5d,0xad75,0x2124,0xe73c,0x738e,0x39c7,0xf7be,0x5acb,0x632c,0xffff,0x4228,0x8c51,0xdefb,
  0x0861,0x8c51,0xce59,0x1082,0xbdf7,0xa514,0x0841,0xce59,0x6b6d,0x0000,0xbdd7,0x5acb,0x10a2,0xc618,0x2945,0x18c3,
  0xb5b6,0x2104,0x31a6,0xd6ba,0x2124,0x0000,0x0000,0x0000,0x18c3,0x18e3,0x0000,0x0000,0x0000,0x0000,0x0000,0x0000,
  0x0000,0x0000,0x0000,0x0000,0x0000,0x0000,0x0000,0x0000,0x0000,0x0000,0x0020,0x0000,0x0000,0x0000,0x0841,0xbdd7,
  0xa534,0x0000,0x9cf3,0x738e,0x1082,0xdedb,0x7bcf,0x39e7,0xf7be,0x4228,0x4a69,0xffff,0x5acb,0x4a49,0xffff,0x4a49,
  0x7bef,0xe71c,0x10a2,0xa534,0xd6ba,0x10a2,0xc638,0xc638,0x2945,0xef5d,0x7bcf,0x1082,0xe71c,0x738e,0x4208,0xffff,
  0x73ae,0x5aeb,0xffff,0x4228,0x6b6d,0xe73c,0x10a2,0x4a49,0xa534,0x0000,0x5acb,0xa534,0x0000,0x0000,0x0000,0x0000,
  0x0000,0x0000,0x0000,0x0000,0x0000,0x0000,0x0000,0x0000,0x0000,0x0000,0x0000,0x0000,0x0000,0x0000,0x0000,0x0000,
  0x0000,0x0000,0x0000,0x0000,0x0000,0x0000,0x0000,0x0000,0x0000,0x0000,0x0000,0x0000,0x0000,0x0000,0x0000,0x0000,
  0x0000,0x0000,0x0000,0x0000,0x0000,0x0000,0x0000,0x0000,0x0000,0x0000,0x0000,0x0000,0x0000,0x0000,0x0000,0x0000,
  0x0000,0x0000,0x0000,0x0000,0x0000,0x0000,0x4208,0x9cd3,0x0841,0xbdd7,0xad75,0x18c3,0xdefb,0xc638,0x2945,0xe73c,
  0xad75,0x2965,0xf79e,0x7bcf,0x31a6,0xf7be,0x5acb,0x6b4d,0xffff,0x4208,0x8410,0xd6ba,0x0861,0x6b6d,0xc638,0x0861,
  0xb596,0x9492,0x0000,0xbdd7,0x6b6d,0x0000,0xad55,0x52aa,0x10a2,0xad55,0x18e3,0x18c3,0xb5b6,0x2104,0x31a6,0xd6ba,
  0x2124,0x0000,0x0000,0x0000,0x0000,0x0000,0x0000,0x0000,0x0000,0x0000,0x0000,0x0000,0x0000,0x0000,0x0000,0x0000,
  0x0000,0x0000,0x0000,0x0000,0x0000,0x0000,0x0000,0x0000,0x0000,0x0000,0x0020,0xb596,0xa514,0x0000,0x9cd3,0x6b4d,
  0x0841,0xce79,0x7bcf,0x3186,0xf79e,0x39e7,0x4a49,0xffff,0x4a49,0x39e7,0xf7be,0x3186,0x5aeb,0xd6ba,0x0861,0x9cd3,
  0xd69a,0x10a2,0xc638,0xce59,0x2965,0xef7d,0x7bcf,0x2124,0xf79e,0x94b2,0x5acb,0xffff,0x738e,0x630c,0xffff,0x4228,
  0x738e,0xef5d,0x18c3,0x4a69,0xa514,0x0000,0x4228,0xb5b6,0x0020,0x0000,0x0000,0x0000,0x0000,0x0000,0x0000,0x0000,
  0x0000,0x0000,0x0000,0x0000,0x0000,0x0000,0x0000,0x0000,0x0000,0x0000,0x0000,0x0000,0x0000,0x0000,0x0000,0x0000,
  0x0000,0x0000,0x0000,0x0000,0x0000,0x0000,0x0000,0x0000,0x0000,0x0000,0x0000,0x0000,0x0000,0x0000,0x0000,0x0000,
  0x0000,0x0000,0x0000,0x0000,0x0000,0x0000,0x0000,0x0000,0x0000,0x0000,0x0000,0x0000,0x0000,0x0000,0x0000,0x0000,
  0x0000,0x0000,0x4208,0xa534,0x1082,0xc638,0xad75,0x18c3,0xdefc,0xbdd7,0x2124,0xe73c,0x9cf3,0x2945,0xf7be,0x8c51,
  0x39c7,0xffff,0x5acb,0x6b6d,0xffff,0x4208,0x7bef,0xd69a,0x0861,0x632c,0xb5b6,0x0020,0xa534,0x8410,0x0000,0xa534,
  0x632c,0x0000,0x9cd3,0x528a,0x0861,0x9cd3,0x18c3,0x10a2,0xb596,0x18e3,0x31a6,0xd6ba,0x2124,0x0000,0x0000,0x0000,
  0x0000,0x0000,0x0000,0x0000,0x0000,0x0000,0x0000,0x0000,0x0000,0x0000,0x0000,0x0000,0x0000,0x0000,0x0000,0x0000,
  0x0000,0x0000,0x0000,0x0000,0x0000,0x0000,0x0000,0xad55,0x9cf3,0x0000,0x8c71,0x632c,0x0841,0xc638,0x738e,0x2124,
  0xef5d,0x4208,0x39c7,0xf7be,0x31a6,0x3186,0xef5d,0x2124,0x4a49,0xbdd7,0x0000,0x8c71,0xd69a,0x10a2,0xce59,0xd69a,
  0x31a6,0xf79e,0x9492,0x3186,0xffdf,0xa514,0x6b4d,0xffff,0x738e,0x632c,0xffff,0x4228,0x630c,0xdefb,0x0861,0x528a,
  0xa514,0x0000,0x39c7,0xb5b6,0x1082,0x0000,0x0000,0x0000,0x0000,0x0000,0x0000,0x0000,0x0000,0x0000,0x0000,0x0000,
  0x0000,0x0000,0x0000,0x0000,0x0000,0x0000,0x0000,0x0000,0x0000,0x0000,0x0000,0x0000,0x0000,0x0000,0x0000,0x0000,
  0x0000,0x0000,0x0000,0x0000,0x0000,0x0000,0x0000,0x0000,0x0000,0x0000,0x0000,0x0000,0x0000,0x0000,0x0000,0x0000,
  0x0000,0x0000,0x0000,0x0000,0x0000,0x0000,0x0000,0x0000,0x0000,0x0000,0x0000,0x0000,0x0000,0x0000,0x39e7,0xad55,
  0x1082,0xc638,0xad55,0x18c3,0xdedb,0xad75,0x18e3,0xe73c,0x8c51,0x2945,0xf7be,0x94b2,0x5289,0xffff,0x5aeb,0x73ae,
  0xffff,0x4228,0x7bef,0xce79,0x0841,0x5acb,0x94b2,0x0000,0x94b2,0x7bef,0x0000,0x8c71,0x632c,0x0000,0x9492,0x4a69,
  0x0861,0x94b2,0x18c3,0x10a2,0xad75,0x18e3,0x31a6,0xd6ba,0x2124,0x0000,0x0000,0x0000,0x0000,0x0000,0x0000,0x0000,
  0x0000,0x0000,0x0000,0x0000,0x0000,0x0000,0x0000,0x0000,0x0000,0x0000,0x0000,0x0000,0x0000,0x0000,0x0000,0x0000,
  0x0861,0x18c3,0x0000,0xa514,0x9cd3,0x0000,0x8c71,0x632c,0x0000,0xb596,0x5aeb,0x18e3,0xe71c,0x39e7,0x2945,0xef7d,
  0x3186,0x3186,0xdedb,0x2104,0x4228,0xa534,0x0000,0x8c51,0xd6ba,0x18e3,0xd69a,0xd6ba,0x31a6,0xf79e,0xad55,0x39e7,
  0xffff,0xa514,0x630c,0xffff,0x73ae,0x6b6d,0xffff,0x4228,0x630c,0xd69a,0x0841,0x528a,0x9cf3,0x0000,0x4a69,0xb596,
  0x0861,0x0000,0x0000,0x0000,0x0000,0x0000,0x0000,0x0000,0x0000,0x0000,0x0000,0x0000,0x0000,0x0000,0x0000,0x0000,
  0x0000,0x0000,0x0000,0x0000,0x0000,0x0000,0x0000,0x0000,0x0000,0x0000,0x0000,0x0000,0x0000,0x0000,0x0000,0x0000,
  0x0000,0x0000,0x0000,0x0000,0x0000,0x0000,0x0000,0x0000,0x0000,0x0000,0x0000,0x0000,0x0000,0x0000,0x0000,0x0000,
  0x0000,0x0000,0x0000,0x0000,0x0000,0x0000,0x0000,0x0000,0x0000,0x0000,0x4208,0xad75,0x0841,0xb596,0xa534,0x10a2,
  0xd6ba,0xa514,0x18e3,0xef5d,0x8c51,0x2945,0xffdf,0xa514,0x630c,0xffff,0x630c,0x7bcf,0xffff,0x4a49,0x8410,0xce79,
  0x0861,0x528a,0x8410,0x0000,0x8410,0x7bcf,0x0000,0x8c51,0x632c,0x0000,0x8c71,0x4228,0x0861,0x9492,0x18c3,0x1082,
  0xad55,0x18e3,0x31a6,0xd69a,0x2104,0x0000,0x0000,0x0000,0x0000,0x0000,0x0000,0x0000,0x0000,0x0000,0x0000,0x0000,
  0x0000,0x0000,0x0000,0x0000,0x0000,0x0000,0x0000,0x0000,0x0000,0x0000,0x0000,0x0000,0x3186,0x6b6d,0x0000,0x94b2,
  0x9492,0x0000,0x8c71,0x632c,0x0000,0x9cf3,0x52aa,0x18e3,0xdedb,0x39c7,0x2945,0xe71c,0x3186,0x2124,0xc618,0x10a2,
  0x4208,0xa514,0x0000,0x8c51,0xe71c,0x2945,0xdedb,0xe71c,0x39e7,0xf79e,0xb5b6,0x4a69,0xffff,0xa514,0x5aeb,0xffff,
  0x8410,0x7bef,0xffff,0x5aeb,0x738e,0xd6ba,0x0861,0x5aeb,0xa514,0x0000,0x6b6d,0xffdf,0x4228,0x0000,0x0000,0x0000,
  0x0000,0x0000,0x0000,0x0000,0x0000,0x0000,0x0000,0x0000,0x0000,0x0000,0x0000,0x0000,0x0000,0x0000,0x0000,0x0000,
  0x0000,0x0000,0x0000,0x0000,0x0000,0x0000,0x0000,0x0000,0x0000,0x0000,0x0000,0x0000,0x0000,0x0000,0x0000,0x0000,
  0x0000,0x0000,0x0000,0x0000,0x0000,0x0000,0x0000,0x0000,0x0000,0x0000,0x0000,0x0000,0x0000,0x0000,0x0000,0x0000,
  0x0000,0x0000,0x0000,0x0000,0x0000,0x0000,0x6b4d,0xb5b6,0x0000,0x9cd3,0xa514,0x18c3,0xdedb,0xb5b6,0x2945,0xf79e,
  0x8c51,0x2945,0xffdf,0xa534,0x6b6d,0xffff,0x6b4d,0x7bef,0xffff,0x528a,0x8430,0xd6ba,0x1082,0x4a49,0x7bcf,0x0000,
  0x7bcf,0x73ae,0x0000,0x8c71,0x632c,0x0000,0x8c51,0x4208,0x0841,0x9492,0x18c3,0x1082,0xad55,0x18c3,0x31a6,0xce79,
  0x18e3,0x0000,0x0000,0x0000,0x0000,0x0000,0x0000,0x0000,0x0000,0x0000,0x0000,0x0000,0x0000,0x18c3,0x0841,0x0000,
  0x0000,0x0000,0x0000,0x0000,0x0000,0x0000,0x0000,0x0000,0x31a6,0x94b2,0x0000,0x8430,0x8c51,0x0000,0x8c72,0x632c,
  0x0000,0x9492,0x4a69,0x18e3,0xd69a,0x3186,0x2945,0xdedb,0x31a6,0x1082,0xa514,0x0841,0x4208,0xa514,0x0000,0x9cd3,
  0xf79e,0x39e7,0xe71c,0xef5d,0x4228,0xf7be,0xbdf7,0x5aeb,0xffff,0xad75,0x7bcf,0xffff,0x8c71,0x8c51,0xffff,0x7bef,
  0x94b2,0xf79e,0x2124,0x6b6e,0xce59,0x0020,0x94b2,0xffff,0x5acb,0x0000,0x0000,0x0000,0x0000,0x0000,0x0000,0x0000,
  0x0000,0x0000,0x0000,0x0000,0x0000,0x0000,0x0000,0x0000,0x0000,0x0000,0x0000,0x0000,0x0000,0x0000,0x0000,0x0000,
  0x0000,0x0000,0x0000,0x0000,0x0000,0x0000,0x0000,0x0000,0x0000,0x0000,0x0000,0x0000,0x0000,0x0000,0x0000,0x0000,
  0x0000,0x0000,0x0000,0x0000,0x0000,0x0000,0x0000,0x0000,0x0000,0x0000,0x0000,0x0000,0x0000,0x0000,0x0000,0x0000,
  0x0000,0x0000,0x8410,0xce79,0x0841,0xad55,0xb596,0x2124,0xef5d,0xce79,0x4a69,0xffff,0xa534,0x4a49,0xffff,0xad75,
  0x73ae,0xffff,0x7bef,0x8410,0xffff,0x5acb,0x94b2,0xdedb,0x1082,0x4a69,0x738e,0x0000,0x73ae,0x6b6d,0x0000,0x8c51,
  0x632c,0x0000,0x8430,0x3186,0x0020,0x8410,0x18c3,0x1082,0xa514,0x1082,0x31a6,0xc638,0x10a2,0x2945,0x4208,0x0000,
  0x0000,0x0000,0x0000,0x0000,0x0000,0x0000,0x1082,0x0861,0x0000,0x738e,0x2965,0x0000,0x1082,0x0000,0x0000,0x0000,
  0x0000,0x0000,0x0000,0x0000,0x528a,0xad75,0x0020,0x8410,0x7bef,0x0000,0x8c72,0x632c,0x0000,0x8c51,0x39e7,0x18e3,
  0xc618,0x2945,0x2945,0xd6ba,0x3186,0x1082,0xad55,0x1082,0x4228,0xad75,0x0000,0xad75,0xffff,0x4a69,0xe73c,0xef5d,
  0x52aa,0xffdf,0xc618,0x632c,0xffff,0xc618,0x9492,0xffff,0xa514,0x9cf3,0xffff,0x94b2,0xb5b6,0xffff,0x4228,0x9cd3,
  0xffdf,0x7bef,0xe73c,0xdedb,0x18c3,0x0000,0x0000,0x0000,0x0000,0x0000,0x0000,0x0000,0x0000,0x0000,0x0000,0x0000,
  0x0000,0x0000,0x0000,0x0000,0x0000,0x0000,0x0000,0x0000,0x0000,0x0000,0x0000,0x0000,0x0000,0x0000,0x0000,0x0000,
  0x0000,0x0000,0x0000,0x0000,0x0000,0x0000,0x0000,0x0000,0x0000,0x0000,0x0000,0x0000,0x0000,0x0000,0x0000,0x0000,
  0x0000,0x0000,0x0000,0x0000,0x0000,0x0000,0x0000,0x0000,0x0000,0x0000,0x0000,0x0000,0x0000,0x0000,0x2965,0xd69a,
  0x4228,0xd6ba,0xdefb,0x5acb,0xffdf,0xe73c,0x8430,0xffff,0xd6ba,0x7bcf,0xffff,0xb596,0x7bef,0xffff,0x94b3,0x9492,
  0xffff,0x73ae,0xad55,0xe73c,0x0861,0x5acb,0x7bcf,0x0000,0x738e,0x630c,0x0000,0x8410,0x5aeb,0x0000,0x7bef,0x2124,
  0x0000,0x738e,0x10a2,0x10a2,0x9cf3,0x0861,0x39c7,0xbdd7,0x0020,0x4a49,0x738e,0x0000,0x2104,0x2945,0x0000,0x1082,
  0x1082,0x0000,0x73ae,0x4a49,0x0000,0xa534,0x39c7,0x0861,0x8410,0x0841,0x0000,0x0020,0x0000,0x1082,0x2965,0x0000,
  0x5aeb,0xb596,0x0020,0x7bcf,0x73ae,0x0000,0x8c71,0x632c,0x0000,0x8410,0x31a6,0x18c3,0xb5b6,0x18e3,0x2104,0xc638,
  0x2945,0x1082,0xb596,0x10a2,0x4228,0xd69a,0x18e3,0xce59,0xffdf,0x5acb,0xef5d,0xef5d,0x6b4d,0xffff,0xbdf7,0x6b4d,
  0xffff,0xd69a,0xad55,0xffff,0xd69a,0xd6ba,0xffff,0xdefb,0xef7d,0xffff,0xbdd7,0xe71c,0xffff,0xffff,0xf79e,0x4a49,
  0x0000,0x0000,0x0000,0x0000,0x0000,0x0000,0x0000,0x0000,0x0000,0x0000,0x0000,0x0000,0x0000,0x0000,0x0000,0x0000,
  0x0000,0x0000,0x0000,0x0000,0x0000,0x0000,0x0000,0x0000,0x0000,0x0000,0x0000,0x0000,0x0000,0x0000,0x0000,0x0000,
  0x0000,0x0000,0x0000,0x0000,0x0000,0x0000,0x0000,0x0000,0x0000,0x0000,0x0000,0x0000,0x0000,0x0000,0x0000,0x0000,
  0x0000,0x0000,0x0000,0x0000,0x0000,0x0000,0x0000,0x0000,0x0000,0x0000,0x0000,0x39c7,0x632c,0xef7d,0xf7be,0xbdf7,
  0xffff,0xffff,0xce79,0xffff,0xf7be,0xd69a,0xffff,0xc638,0x8410,0xf79e,0x8410,0xa534,0xffff,0x9cf3,0xce79,0xf79e,
  0x2124,0x6b6d,0x8c51,0x0000,0x6b6d,0x5acb,0x0000,0x7bef,0x4a69,0x0000,0x73ae,0x2104,0x0020,0x6b4d,0x10a2,0x10a2,
  0x9cd3,0x1082,0x31a6,0xad75,0x0020,0x4a49,0x8c71,0x0000,0x528a,0x5acb,0x0000,0x738e,0x528a,0x0000,0x8c51,0x4a49,
  0x0020,0xce59,0x528a,0x0861,0xa514,0x0861,0x18c3,0x632c,0x0000,0x2945,0x738e,0x0000,0x5aeb,0x94b2,0x0000,0x738e,
  0x738e,0x0000,0x8c51,0x630c,0x0000,0x8410,0x31a6,0x1082,0xad55,0x10a2,0x18c3,0xbdf7,0x2104,0x10a2,0xbdd7,0x18c3,
  0x528a,0xef7d,0x2965,0xce79,0xffdf,0x632c,0xef7d,0xf79e,0x8410,0xffff,0xe71c,0xa514,0xffff,0xdefb,0xd69a,0xffff,
  0xdedb,0x9cf3,0x6b6d,0x52aa,0x8c51,0xf79e,0xb5b6,0xef5d,0xffff,0xce79,0x4228,0x0000,0x0000,0x0000,0x0000,0x0000,
  0x0000,0x0000,0x0000,0x0000,0x0000,0x0000,0x0000,0x0000,0x0000,0x0000,0x0000,0x0000,0x0000,0x0000,0x0000,0x0000,
  0x0000,0x0000,0x0000,0x0000,0x0000,0x0000,0x0000,0x0000,0x0000,0x0000,0x0000,0x0000,0x0000,0x0000,0x0000,0x0000,
  0x0000,0x0000,0x0000,0x0000,0x0000,0x0000,0x0000,0x0000,0x0000,0x0000,0x0000,0x0000,0x0000,0x0000,0x0000,0x0000,
  0x0000,0x0000,0x0000,0x0000,0x0000,0x0000,0x0000,0x0000,0x0841,0x39c7,0x4a49,0x528a,0x73ae,0xa514,0xad55,0xd69a,
  0xb596,0xa514,0xdefb,0x9492,0x18e3,0x5aeb,0x1082,0x39e7,0xbdf7,0x6b4d,0xce79,0xffff,0x39e7,0x9cf3,0x9cd3,0x0000,
  0x6b6d,0x4a69,0x0000,0x73ae,0x39e7,0x0000,0x632c,0x2104,0x0020,0x632c,0x10a2,0x1082,0x94b2,0x10a2,0x2965,0x9cf3,
  0x0841,0x4228,0x9492,0x0000,0x528a,0x5acb,0x0000,0x7bef,0x528a,0x0000,0x738e,0x4228,0x0841,0xd6ba,0x5aeb,0x1082,
  0x8c51,0x0000,0x2104,0x8410,0x0000,0x2945,0x7bcf,0x0000,0x4228,0x73ae,0x0000,0x632c,0x738e,0x0000,0x8430,0x630c,
  0x0000,0x8410,0x31a6,0x0861,0x9cf3,0x1082,0x1082,0xad75,0x18e3,0x18e3,0xc618,0x18e3,0x6b4d,0xffff,0x39e7,0xce79,
  0xffff,0x7bcf,0xf7be,0xdedb,0x4a49,0x632c,0x5acb,0x528a,0x8c71,0x39c7,0x39c7,0x94b2,0x2104,0x0841,0x4228,0x0000,
  0x0000,0x39c7,0x3186,0x4a69,0x4a69,0x1082,0x0000,0x0020,0x0000,0x0000,0x0000,0x0000,0x0000,0x0000,0x0000,0x0000,
  0x0000,0x0000,0x0000,0x0000,0x0000,0x0000,0x0000,0x0000,0x0000,0x0000,0x0000,0x0000,0x0000,0x0000,0x0000,0x0000,
  0x0000,0x0000,0x0000,0x0000,0x0000,0x0000,0x0000,0x0000,0x0000,0x0000,0x0000,0x0000,0x0000,0x0000,0x0000,0x0000,
  0x0000,0x0000,0x0000,0x0000,0x0000,0x0000,0x0000,0x0000,0x0000,0x0000,0x0000,0x0000,0x0000,0x0000,0x0000,0x0000,
  0x0000,0x0000,0x0000,0x0000,0x0000,0x0000,0x0000,0x0000,0x0000,0x0000,0x0000,0x52aa,0x39c7,0x0000,0x6b4d,0x2965,
  0x0841,0x630c,0x0841,0x1082,0x630c,0x0020,0x4208,0xdefb,0x52aa,0xbdd7,0xb5b6,0x0000,0x6b4d,0x4208,0x0000,0x632d,
  0x2965,0x0000,0x52aa,0x2104,0x0020,0x6b4d,0x18e3,0x0861,0x9492,0x10a2,0x2124,0x9492,0x0841,0x4208,0x8410,0x0000,
  0x4a69,0x52aa,0x0000,0x5acb,0x4228,0x0000,0x6b4d,0x4228,0x0020,0xd69a,0x630c,0x1082,0x8410,0x0020,0x18e3,0x738e,
  0x0000,0x2124,0x738e,0x0000,0x3186,0x632c,0x0000,0x52aa,0x6b4d,0x0000,0x8410,0x630c,0x0000,0x7bef,0x3186,0x0020,
  0x9492,0x10a2,0x0020,0x9492,0x1082,0x2104,0xc638,0x18e3,0x8410,0xffff,0x4a69,0xd69a,0xffff,0x7bcf,0x5aeb,0x2104,
  0x0000,0x4208,0x2124,0x0000,0x632c,0x2945,0x0000,0x6b6d,0x1082,0x10a2,0x8410,0x0861,0x0000,0x0000,0x0000,0x0000,
  0x0000,0x0000,0x0000,0x0000,0x0000,0x0000,0x0000,0x0000,0x0000,0x0000,0x0000,0x0000,0x0000,0x0000,0x0000,0x0000,
  0x0000,0x0000,0x0000,0x0000,0x0000,0x0000,0x0000,0x0000,0x0000,0x0000,0x0000,0x0000,0x0000,0x0000,0x0000,0x0000,
  0x0000,0x0000,0x0000,0x0000,0x0000,0x0000,0x0000,0x0000,0x0000,0x0000,0x0000,0x0000,0x0000,0x0000,0x0000,0x0000,
  0x0000,0x0000,0x0000,0x0000,0x0000,0x0000,0x0000,0x0000,0x0000,0x0000,0x0000,0x0000,0x0000,0x0000,0x0000,0x0000,
  0x0000,0x0000,0x0000,0x0000,0x0000,0x0000,0x0000,0x7bcf,0x4228,0x0000,0x630c,0x3186,0x0861,0x632c,0x0861,0x18c3,
  0x630c,0x0020,0x0841,0x4208,0x3186,0xdedb,0xce59,0x0020,0x6b6d,0x4a69,0x0000,0x5aeb,0x2965,0x0000,0x4a69,0x18e3,
  0x0020,0x738e,0x18e3,0x0841,0x8431,0x10a2,0x18e3,0x7bcf,0x0020,0x39e7,0x738e,0x0000,0x39e7,0x4a69,0x0000,0x4208,
  0x31a6,0x0000,0x6b4d,0x4208,0x0020,0xc638,0x630c,0x1082,0x7bef,0x0020,0x1082,0x4a69,0x0000,0x2104,0x632c,0x0000,
  0x2965,0x630c,0x0000,0x39e7,0x630c,0x0000,0x7bef,0x5aeb,0x0000,0x7bef,0x3186,0x0000,0x8410,0x18c3,0x0861,0x8c51,
  0x0861,0x2945,0xce59,0x18c3,0x8c51,0xffff,0x5acb,0xdefb,0xa514,0x10a2,0x2965,0x2965,0x0000,0x6b6d,0x4208,0x0000,
  0x6b4d,0x2945,0x0000,0x6b4d,0x18c3,0x0861,0x7bcf,0x0861,0x10a2,0x0841,0x0000,0x0000,0x0000,0x0000,0x0000,0x0000,
  0x0000,0x0000,0x0000,0x0000,0x0000,0x0000,0x0000,0x0000,0x0000,0x0000,0x0000,0x0000,0x0000,0x0000,0x0000,0x0000,
  0x0000,0x0000,0x0000,0x0000,0x0000,0x0000,0x0000,0x0000,0x0000,0x0000,0x0000,0x0000,0x0000,0x0000,0x0000,0x0000,
  0x0000,0x0000,0x0000,0x0000,0x0000,0x0000,0x0000,0x0000,0x0000,0x0000,0x0000,0x0000,0x0000,0x0000,0x0000,0x0000,
  0x0000,0x0000,0x0000,0x0000,0x0000,0x0000,0x0000,0x0000,0x0000,0x0000,0x0000,0x0000,0x0000,0x0000,0x0000,0x0000,
  0x0000,0x0000,0x0020,0x94b2,0x4a49,0x0000,0x4a69,0x2124,0x0841,0x5acb,0x0841,0x1082,0x52aa,0x0020,0x10a2,0x39e7,
  0x0000,0x9cf3,0xdedb,0x0840,0x7bef,0x5acb,0x0000,0x52aa,0x2945,0x0000,0x4208,0x18e3,0x0020,0x73ae,0x18e3,0x0020,
  0x7bef,0x10a2,0x10a2,0x630c,0x0000,0x3186,0x5acb,0x0000,0x39c7,0x4a49,0x0000,0x31a6,0x2945,0x0000,0x630c,0x39e7,
  0x0000,0xb5b6,0x630c,0x1082,0x7bef,0x0841,0x0020,0x18e3,0x0000,0x18e3,0x5acb,0x0000,0x2965,0x5acb,0x0000,0x39c7,
  0x52aa,0x0000,0x73ae,0x5acb,0x0000,0x7bef,0x3186,0x0020,0x7bef,0x18c3,0x0861,0x8430,0x1082,0x2945,0xd6ba,0x2104,
  0x9cd3,0xffff,0x6b6d,0x5aeb,0x0841,0x0000,0x5acb,0x4228,0x0000,0x632c,0x39c7,0x0000,0x52aa,0x2104,0x0000,0x4a69,
  0x1082,0x0841,0x8430,0x18e3,0x4a49,0x10a2,0x0000,0x0000,0x0000,0x0000,0x0000,0x0000,0x0000,0x0000,0x0000,0x0000,
  0x0000,0x0000,0x0000,0x0000,0x0000,0x0000,0x0000,0x0000,0x0000,0x0000,0x0000,0x0000,0x0000,0x0000,0x0000,0x0000,
  0x0000,0x0000,0x0000,0x0000,0x0000,0x0000,0x0000,0x0000,0x0000,0x0000,0x0000,0x0000,0x0000,0x0000,0x0000,0x0000,
  0x0000,0x0000,0x0000,0x0000,0x0000,0x0000,0x0000,0x0000,0x0000,0x0000,0x0000,0x0000,0x0000,0x0000,0x0000,0x0000,
  0x0000,0x0000,0x0000,0x0000,0x0000,0x0000,0x0000,0x0000,0x0000,0x0000,0x0000,0x0000,0x0000,0x0000,0x0000,0x8c71,
  0x4a49,0x0000,0x2104,0x1082,0x0020,0x4208,0x0841,0x0861,0x39e7,0x0000,0x18c3,0x4a49,0x0000,0x2965,0xce59,0x2104,
  0xa534,0x632c,0x0000,0x4a49,0x2945,0x0000,0x39e7,0x18e3,0x0020,0x73ae,0x18e3,0x0841,0x73ae,0x1082,0x0861,0x4a49,
  0x0000,0x2104,0x4228,0x0000,0x31a6,0x4228,0x0000,0x2945,0x2104,0x0000,0x5acb,0x39c7,0x0000,0x94b2,0x4a49,0x1082,
  0x7bef,0x0841,0x0841,0x2965,0x0000,0x18e3,0x4a69,0x0000,0x2945,0x52aa,0x0000,0x39c7,0x4a69,0x0000,0x6b6d,0x528a,
  0x0000,0x7bef,0x3186,0x0020,0x7bef,0x18c3,0x0861,0x7bef,0x1082,0x2965,0xe71c,0x3186,0xb596,0xf7be,0x31a6,0x0000,
  0x0000,0x0000,0x630c,0x4228,0x0000,0x5acb,0x31a6,0x0000,0x39e7,0x10a2,0x0000,0x18e3,0x0020,0x10a2,0xc638,0x4208,
  0x18c3,0x0841,0x0000,0x0000,0x0000,0x0000,0x0000,0x0000,0x0000,0x0000,0x0000,0x0000,0x0000,0x0000,0x0000,0x0000,
  0x0000,0x0000,0x0000,0x0000,0x0000,0x0000,0x0000,0x0000,0x0000,0x0000,0x0000,0x0000,0x0000,0x0000,0x0000,0x0000,
  0x0000,0x0000,0x0000,0x0000,0x0000,0x0000,0x0000,0x0000,0x0000,0x0000,0x0000,0x0000,0x0000,0x0000,0x0000,0x0000,
  0x0000,0x0000,0x0000,0x0000,0x0000,0x0000,0x0000,0x0000,0x0000,0x0000,0x0000,0x0000,0x0000,0x0000,0x0000,0x0000,
  0x0000,0x0000,0x0000,0x0000,0x0000,0x0000,0x0000,0x0000,0x0000,0x0000,0x0000,0x6b6d,0x5aca,0x0000,0x0020,0x0000,
  0x0000,0x2124,0x0020,0x0841,0x2965,0x0000,0x18c3,0x4228,0x0000,0x0861,0x39c7,0x10a2,0xbdf7,0x738e,0x0000,0x39e7,
  0x2104,0x0000,0x39c7,0x18c3,0x0020,0x738e,0x18c3,0x0841,0x6b4d,0x10a2,0x0841,0x39e7,0x0000,0x18c3,0x39c7,0x0000,
  0x2965,0x39e7,0x0000,0x2945,0x18e3,0x0000,0x528a,0x31a6,0x0000,0x738e,0x31a6,0x1082,0x7bcf,0x0841,0x1082,0x4a49,
  0x0000,0x10a2,0x31a6,0x0000,0x2104,0x4208,0x0000,0x3186,0x4208,0x0000,0x5aeb,0x4a49,0x0000,0x7bcf,0x3186,0x0020,
  0x7bcf,0x18c3,0x0861,0x73ae,0x0861,0x2965,0xef7d,0x4a49,0xbdf7,0xad75,0x0000,0x0000,0x0000,0x0000,0x5aeb,0x4228,
  0x0000,0x4a49,0x2965,0x0000,0x2945,0x0861,0x0000,0x0000,0x0000,0x2124,0xef5d,0x52aa,0x0000,0x0000,0x0000,0x0000,
  0x0000,0x0000,0x0000,0x0000,0x0000,0x0000,0x0000,0x0000,0x0000,0x0000,0x0000,0x0000,0x0000,0x0000,0x0000,0x0000,
  0x0000,0x0000,0x0000,0x0000,0x0000,0x0000,0x0000,0x0000,0x0000,0x0000,0x0000,0x0000,0x0000,0x0000,0x0000,0x0000,
  0x0000,0x0000,0x0000,0x0000,0x0000,0x0000,0x0000,0x0000,0x0000,0x0000,0x0000,0x0000,0x0000,0x0000,0x0000,0x0000,
  0x0000,0x0000,0x0000,0x0000,0x0000,0x0000,0x0000,0x0000,0x0000,0x0000,0x0000,0x0000,0x0000,0x0000,0x0000,0x0000,
  0x0000,0x0000,0x0000,0x0000,0x0000,0x0000,0x0000,0x5acb,0x6b4d,0x0000,0x10a2,0x0841,0x0000,0x0841,0x0000,0x0841,
  0x18e3,0x0000,0x1082,0x31a6,0x0000,0x1082,0x18e3,0x0000,0xce79,0x73ae,0x0000,0x3186,0x18e3,0x0000,0x39c7,0x18c3,
  0x0020,0x6b4d,0x10a2,0x0841,0x52ab,0x0862,0x0841,0x3186,0x0000,0x1082,0x2965,0x0000,0x18e3,0x2965,0x0000,0x2945,
  0x2104,0x0000,0x4a69,0x2965,0x0000,0x632c,0x2965,0x1082,0x6b6d,0x0841,0x1082,0x5acb,0x0020,0x0020,0x18c3,0x0000,
  0x18c3,0x2945,0x0000,0x2104,0x2965,0x0000,0x528a,0x4208,0x0000,0x7bcf,0x2965,0x0841,0x738e,0x10a2,0x0861,0x738e,
  0x0861,0x2965,0xf7be,0x5aeb,0xad75,0x8430,0x0000,0x0000,0x0000,0x0000,0x4a49,0x39e7,0x0000,0x31a6,0x2104,0x0000,
  0x10a2,0x0020,0x0000,0x0841,0x0000,0x4a69,0xffff,0x6b4d,0x0000,0x0000,0x0000,0x0000,0x0000,0x0000,0x0000,0x0000,
  0x0000,0x0000,0x0000,0x0000,0x0000,0x0000,0x0000,0x0000,0x0000,0x0000,0x0000,0x0000,0x0000,0x0000,0x0000,0x0000,
  0x0000,0x0000,0x0000,0x0000,0x0000,0x0000,0x0000,0x0000,0x0000,0x0000,0x0000,0x0000,0x0000,0x0000,0x0000,0x0000,
  0x0000,0x0000,0x0000,0x0000,0x0000,0x0000,0x0000,0x0000,0x0000,0x0000,0x0000,0x0000,0x0000,0x0000,0x0000,0x0000,
  0x0000,0x0000,0x0000,0x0000,0x0000,0x0000,0x0000,0x0000,0x0000,0x0000,0x0000,0x0000,0x0000,0x0000,0x0000,0x0000,
  0x0000,0x0000,0x0000,0x39c7,0x6b6d,0x0000,0x4208,0x2124,0x0000,0x0000,0x0000,0x0020,0x0861,0x0000,0x0020,0x18c3,
  0x0000,0x10a2,0x2124,0x0020,0xd6ba,0x7bcf,0x0000,0x2124,0x10a2,0x0000,0x39c7,0x18c3,0x0020,0x5aeb,0x1082,0x0020,
  0x39e7,0x0841,0x0020,0x2104,0x0000,0x0861,0x2104,0x0000,0x1082,0x10a2,0x0000,0x3186,0x2124,0x0000,0x4a49,0x2965,
  0x0000,0x630c,0x2965,0x0861,0x630c,0x0841,0x10a2,0x630c,0x0020,0x0000,0x0841,0x0000,0x0861,0x10a2,0x0000,0x0861,
  0x10a2,0x0000,0x31a6,0x2965,0x0000,0x6b6d,0x2104,0x0841,0x6b4d,0x10a2,0x0861,0x738e,0x0861,0x3186,0xf7be,0x630c,
  0x52aa,0x8c51,0x0000,0x0000,0x0000,0x0000,0x10a2,0x10a3,0x0000,0x2945,0x10a2,0x0000,0x0000,0x0000,0x0020,0x4a49,
  0x0861,0x5aeb,0xffff,0x632c,0x0000,0x0000,0x0000,0x0000,0x0000,0x0000,0x0000,0x0000,0x0000,0x0000,0x0000,0x0000,
  0x0000,0x0000,0x0000,0x0000,0x0000,0x0000,0x0000,0x0000,0x0000,0x0000,0x0000,0x0000,0x0000,0x0000,0x0000,0x0000,
  0x0000,0x0000,0x0000,0x0000,0x0000,0x0000,0x0000,0x0000,0x0000,0x0000,0x0000,0x0000,0x0000,0x0000,0x0000,0x0000,
  0x0000,0x0000,0x0000,0x0000,0x0000,0x0000,0x0000,0x0000,0x0000,0x0000,0x0000,0x0000,0x0000,0x0000,0x0000,0x0000,
  0x0000,0x0000,0x0000,0x0000,0x0000,0x0000,0x0000,0x0000,0x0000,0x0000,0x0000,0x0000,0x0000,0x0000,0x0000,0x2124,
  0x5aeb,0x0000,0x5acb,0x39e7,0x0000,0x0000,0x0000,0x0000,0x0000,0x0000,0x0000,0x0000,0x0000,0x1082,0x18e3,0x0000,
  0xbdd7,0x8c51,0x0000,0x18e3,0x1082,0x0000,0x39c7,0x18c3,0x0020,0x4a49,0x0861,0x0000,0x2104,0x0020,0x0000,0x0861,
  0x0000,0x0020,0x0861,0x0000,0x0020,0x0841,0x0000,0x31a6,0x2124,0x0000,0x4a69,0x2965,0x0000,0x632c,0x2965,0x0841,
  0x52aa,0x0841,0x1082,0x630c,0x0020,0x0000,0x0861,0x0000,0x0000,0x0000,0x0000,0x0000,0x0000,0x0000,0x2104,0x18c3,
  0x0000,0x630c,0x18e3,0x0841,0x6b4d,0x1082,0x0861,0x73ae,0x0861,0x3186,0xf79e,0x528a,0x4208,0x94b2,0x0000,0x0000,
  0x0000,0x0000,0x0000,0x0000,0x0000,0x2104,0x1082,0x0000,0x0000,0x0000,0x0020,0x94b2,0x31a6,0x630c,0xffff,0x52aa,
  0x0000,0x0000,0x0000,0x0000,0x0000,0x0000,0x0000,0x0000,0x0000,0x0000,0x0000,0x0000,0x0000,0x0000,0x0000,0x0000,
  0x0000,0x0000,0x0000,0x0000,0x0000,0x0000,0x0000,0x0000,0x0000,0x0000,0x0000,0x0000,0x0000,0x0000,0x0000,0x0000,
  0x0000,0x0000,0x0000,0x0000,0x0000,0x0000,0x0000,0x0000,0x0000,0x0000,0x0000,0x0000,0x0000,0x0000,0x0000,0x0000,
  0x0000,0x0000,0x0000,0x0000,0x0000,0x0000,0x0000,0x0000,0x0000,0x0000,0x0000,0x0000,0x0000,0x0000,0x0000,0x0000,
  0x0000,0x0000,0x0000,0x0000,0x0000,0x0000,0x0000,0x0000,0x0000,0x0000,0x0000,0x0861,0x2965,0x0020,0x632c,0x39c7,
  0x0000,0x0000,0x0000,0x0000,0x0000,0x0000,0x0000,0x0000,0x0000,0x0020,0x0841,0x0000,0x7bef,0x94b2,0x0000,0x2104,
  0x1082,0x0000,0x39e7,0x18c3,0x0000,0x2945,0x0841,0x0000,0x0841,0x0000,0x0000,0x0000,0x0000,0x0000,0x0000,0x0000,
  0x0000,0x0000,0x0000,0x31a6,0x2124,0x0000,0x4a69,0x2965,0x0000,0x5acb,0x2945,0x0841,0x4208,0x0020,0x1082,0x4a49,
  0x0000,0x0000,0x0020,0x0000,0x0000,0x0000,0x0000,0x0000,0x0000,0x0000,0x0020,0x0020,0x0000,0x4a69,0x18e3,0x0841,
  0x632c,0x1082,0x0861,0x73ae,0x0861,0x31a6,0xdedb,0x2124,0x4208,0x9cf3,0x0000,0x0861,0x18c3,0x0000,0x0000,0x0000,
  0x0000,0x18e3,0x0861,0x0000,0x0000,0x0000,0x1082,0xd69a,0x6b6d,0x5acb,0xffff,0x4a49,0x0000,0x0000,0x0000,0x0000,
  0x0000,0x0000,0x0000,0x0000,0x0000,0x0000,0x0000,0x0000,0x0000,0x0000,0x0000,0x0000,0x0000,0x0000,0x0000,0x0000,
  0x0000,0x0000,0x0000,0x0000,0x0000,0x0000,0x0000,0x0000,0x0000,0x0000,0x0000,0x0000,0x0000,0x0000,0x0000,0x0000,
  0x0000,0x0000,0x0000,0x0000,0x0000,0x0000,0x0000,0x0000,0x0000,0x0000,0x0000,0x0000,0x0000,0x0000,0x0000,0x0000,
  0x0000,0x0000,0x0000,0x0000,0x0000,0x0000,0x0000,0x0000,0x0000,0x0000,0x0000,0x0000,0x0000,0x0000,0x0000,0x0000,
  0x0000,0x0000,0x0000,0x0000,0x0000,0x0000,0x0000,0x0000,0x0000,0x0861,0x9492,0x18e3,0x0000,0x0000,0x0000,0x0000,
  0x0000,0x0000,0x0000,0x0000,0x0000,0x0000,0x0000,0x0000,0x6b6d,0x94b2,0x0000,0x31a6,0x18e3,0x0000,0x4208,0x18e3,
  0x0000,0x0861,0x0000,0x0000,0x0000,0x0000,0x0000,0x0000,0x0000,0x0000,0x0000,0x0000,0x0000,0x0000,0x0000,0x31a6,
  0x2124,0x0000,0x52aa,0x31a6,0x0000,0x528a,0x2124,0x0000,0x2945,0x0000,0x0020,0x18c3,0x0000,0x0000,0x0000,0x0000,
  0x0000,0x0000,0x0000,0x0000,0x0000,0x0000,0x0000,0x0000,0x0000,0x2124,0x0861,0x0841,0x632c,0x1082,0x0861,0x7bcf,
  0x1082,0x31a6,0xa514,0x0020,0x2104,0x5acb,0x0000,0x39c7,0x4a69,0x0000,0x0000,0x0000,0x0000,0x2104,0x1082,0x0000,
  0x0000,0x0000,0x2104,0xef5d,0x7bcf,0x5acb,0xf7be,0x39c7,0x0000,0x0000,0x0000,0x0000,0x0000,0x0000,0x0000,0x0000,
  0x0000,0x0000,0x0000,0x0000,0x0000,0x0000,0x0000,0x0000,0x0000,0x0000,0x0000,0x0000,0x0000,0x0000,0x0000,0x0000,
  0x0000,0x0000,0x0000,0x0000,0x0000,0x0000,0x0000,0x0000,0x0000,0x0000,0x0000,0x0000,0x0000,0x0000,0x0000,0x0000,
  0x0000,0x0000,0x0000,0x0000,0x0000,0x0000,0x0000,0x0000,0x0000,0x0000,0x0000,0x0000,0x0000,0x0000,0x0000,0x0000,
  0x0000,0x0000,0x0000,0x0000,0x0000,0x0000,0x0000,0x0000,0x0000,0x0000,0x0000,0x0000,0x0000,0x0000,0x0000,0x0000,
  0x0000,0x0000,0x0000,0x0000,0x0000,0x0841,0xa534,0x2965,0x0020,0x2104,0x0020,0x0000,0x0000,0x0000,0x0000,0x0000,
  0x0000,0x0000,0x0000,0x0000,0x738e,0x8430,0x0000,0x4228,0x2124,0x0000,0x4208,0x18e3,0x0000,0x0861,0x0020,0x0000,
  0x0000,0x0000,0x0000,0x0000,0x0000,0x0000,0x0000,0x0000,0x0020,0x0020,0x0000,0x39c7,0x2945,0x0000,0x6b6d,0x4a49,
  0x0000,0x94b2,0x3186,0x0841,0x4228,0x0020,0x0000,0x0000,0x0000,0x0000,0x0000,0x0000,0x0000,0x0000,0x0000,0x0000,
  0x0000,0x0000,0x0000,0x0000,0x0000,0x0841,0x0000,0x0841,0x5aeb,0x1082,0x0861,0x8410,0x1082,0x3186,0x632c,0x0000,
  0x10a2,0x6b6d,0x0000,0x52aa,0x8410,0x0000,0x0000,0x0000,0x0000,0x2965,0x10a2,0x0000,0x0000,0x0000,0x39c7,0xffdf,
  0x738e,0x5acb,0xe71c,0x18c3,0x0000,0x0000,0x0000,0x0000,0x0000,0x0000,0x0000,0x0000,0x0000,0x0000,0x0000,0x0000,
  0x0000,0x0000,0x0000,0x0000,0x0000,0x0000,0x0000,0x0000,0x0000,0x0000,0x0000,0x0000,0x0000,0x0000,0x0000,0x0000,
  0x0000,0x0000,0x0000,0x0000,0x0000,0x0000,0x0000,0x0000,0x0000,0x0000,0x0000,0x0000,0x0000,0x0000,0x0000,0x0000,
  0x0000,0x0000,0x0000,0x0000,0x0000,0x0000,0x0000,0x0000,0x0000,0x0000,0x0000,0x0000,0x0000,0x0000,0x0000,0x0000,
  0x0000,0x0000,0x0000,0x0000,0x0000,0x0000,0x0000,0x0000,0x0000,0x0000,0x0000,0x0000,0x0000,0x0000,0x0000,0x0000,
  0x0000,0x0841,0xad55,0x31a6,0x0841,0x528a,0x0841,0x0000,0x0000,0x0000,0x0000,0x0000,0x0000,0x0000,0x0020,0x0000,
  0x6b6d,0x7bcf,0x0000,0x528a,0x2945,0x0000,0x4208,0x18e3,0x0000,0x10a2,0x0020,0x0000,0x1082,0x0020,0x0020,0x0861,
  0x0000,0x0000,0x0000,0x0000,0x2104,0x2965,0x0000,0x8c71,0x738e,0x0000,0xb5b6,0x9cf3,0x18c3,0xe71c,0x52aa,0x10a2,
  0x9cf3,0x1082,0x2104,0x7bef,0x1082,0x0861,0x2104,0x0000,0x0000,0x0020,0x0000,0x0841,0x0861,0x0000,0x4208,0x2965,
  0x0000,0x630c,0x2104,0x0841,0x5acb,0x1082,0x0861,0x7bef,0x1082,0x2945,0x4a69,0x0000,0x10a2,0x7bef,0x0000,0x738e,
  0xad75,0x0000,0x0000,0x0000,0x0000,0x52aa,0x6b4d,0x0000,0x39c7,0x10a2,0x39c7,0xffdf,0x6b6d,0x5aeb,0xc618,0x0861,
  0x0000,0x0000,0x0000,0x0000,0x0000,0x0000,0x0000,0x0000,0x0000,0x0000,0x0000,0x0000,0x0000,0x0000,0x0000,0x0000,
  0x0000,0x0000,0x0000,0x0000,0x0000,0x0000,0x0000,0x0000,0x0000,0x0000,0x0000,0x0000,0x0000,0x0000,0x0000,0x0000,
  0x0000,0x0000,0x0000,0x0000,0x0000,0x0000,0x0000,0x0000,0x0000,0x0000,0x0000,0x0000,0x0000,0x0000,0x0000,0x0000,
  0x0000,0x0000,0x0000,0x0000,0x0000,0x0000,0x0000,0x0000,0x0000,0x0000,0x0000,0x0000,0x0000,0x0000,0x0000,0x0000,
  0x0000,0x0000,0x0000,0x0000,0x0000,0x0000,0x0000,0x0000,0x0000,0x0000,0x0000,0x0000,0x0000,0x0861,0xbdd7,0x31a6,
  0x2945,0x8430,0x0841,0x0020,0x18e3,0x0020,0x0000,0x0000,0x0000,0x10a2,0x2124,0x0000,0x632c,0x6b4d,0x0000,0x630c,
  0x2965,0x0000,0x4208,0x18e3,0x0000,0x4228,0x0861,0x0861,0x7bcf,0x1082,0x3186,0x7bef,0x0000,0x18c3,0x4228,0x0000,
  0x528a,0x8c71,0x0000,0xa514,0x73ae,0x0020,0xce79,0x9cd3,0x0841,0xce79,0x8430,0x4a69,0xffdf,0x4228,0x632c,0xffff,
  0x39e7,0x5acb,0xbdd7,0x0861,0x31a6,0x73ae,0x0000,0x4a49,0x7bef,0x0000,0x9cd3,0x8410,0x2124,0xdefb,0x4a69,0x0841,
  0x5aeb,0x1082,0x0841,0x632c,0x0861,0x18e3,0x528a,0x0000,0x2124,0x6b6d,0x0000,0x94b2,0xd6ba,0x0861,0x2104,0x18c3,
  0x0000,0x6b6d,0xce59,0x0020,0x6b6d,0x2965,0x31a6,0xffdf,0x738e,0x5aeb,0x9cf3,0x0000,0x0000,0x0000,0x0000,0x0000,
  0x0000,0x0000,0x0000,0x0000,0x0000,0x0000,0x0000,0x0000,0x0000,0x0000,0x0000,0x0000,0x0000,0x0000,0x0000,0x0000,
  0x0000,0x0000,0x0000,0x0000,0x0000,0x0000,0x0000,0x0000,0x0000,0x0000,0x0000,0x0000,0x0000,0x0000,0x0000,0x0000,
  0x0000,0x0000,0x0000,0x0000,0x0000,0x0000,0x0000,0x0000,0x0000,0x0000,0x0000,0x0000,0x0000,0x0000,0x0000,0x0000,
  0x0000,0x0000,0x0000,0x0000,0x0000,0x0000,0x0000,0x0000,0x0000,0x0000,0x0000,0x0000,0x0000,0x0000,0x0000,0x0000,
  0x0000,0x0000,0x0000,0x0000,0x0000,0x0000,0x0000,0x0000,0x0000,0x18e3,0xd6ba,0x4228,0x630c,0xb596,0x0020,0x10a2,
  0x630c,0x0841,0x0000,0x0000,0x0000,0x31a6,0x6b4d,0x0000,0x5acb,0x528a,0x0000,0x6b4d,0x3186,0x0000,0x4208,0x18c3,
  0x1082,0xb596,0x31a6,0x39c7,0xe73c,0x4208,0x6b4d,0xe71c,0x18e3,0x4a69,0xa514,0x0020,0x8430,0xc618,0x0020,0x5acb,
  0x39e7,0x0000,0x8c71,0x528a,0x0000,0x9cd3,0x8c51,0x7bcf,0xffff,0x4a69,0x39c7,0xd6ba,0x2104,0x7bcf,0xf79e,0x2124,
  0x7bf0,0xf79e,0x2945,0x8430,0xdefb,0x2124,0xd69a,0xad75,0x2124,0xef5d,0x6b6d,0x0020,0x6b4d,0x1082,0x0020,0x2965,
  0x0020,0x10a2,0x738e,0x0000,0x738e,0xad55,0x0000,0xa514,0xe73c,0x1082,0x632c,0x5aeb,0x0000,0x7bcf,0xc638,0x2104,
  0xc638,0x4a49,0x31a6,0xffdf,0x738e,0x5aeb,0x738e,0x0000,0x0000,0x0000,0x0000,0x0000,0x0000,0x0000,0x0000,0x0000,
  0x0000,0x0000,0x0000,0x0000,0x0000,0x0000,0x0000,0x0000,0x0000,0x0000,0x0000,0x0000,0x0000,0x0000,0x0000,0x0000,
  0x0000,0x0000,0x0000,0x0000,0x0000,0x0000,0x0000,0x0000,0x0000,0x0000,0x0000,0x0000,0x0000,0x0000,0x0000,0x0000,
  0x0000,0x0000,0x0000,0x0000,0x0000,0x0000,0x0000,0x0000,0x0000,0x0000,0x0000,0x0000,0x0000,0x0000,0x0000,0x0000,
  0x0000,0x0000,0x0000,0x0000,0x0000,0x0000,0x0000,0x0000,0x0000,0x0000,0x0000,0x0000,0x0000,0x0000,0x0000,0x0000,
  0x0000,0x0000,0x0000,0x0000,0x0000,0x2104,0xe71c,0x632c,0x738e,0xbdd7,0x0020,0x18e3,0x7bef,0x0020,0x0020,0x0000,
  0x0000,0x630c,0x738e,0x0000,0x4a49,0x3186,0x0000,0x4208,0x2104,0x0000,0x5aeb,0x31a6,0x4228,0xffff,0x5acb,0x4a69,
  0xffff,0x52aa,0x6b4d,0xef5d,0x2124,0x73ae,0xe71c,0x18e3,0x9cf3,0xa514,0x0000,0x39e7,0x3186,0x0000,0x4208,0x2965,
  0x0000,0x52aa,0x2965,0x5acb,0xef5d,0x2104,0x18c3,0x8c71,0x0000,0x5acb,0xb596,0x0020,0x6b4d,0xd6ba,0x18c3,0x5aeb,
  0xc638,0x2124,0xd69a,0x94b2,0x0841,0xb596,0x528a,0x0861,0x7bef,0x10a2,0x0020,0x2104,0x0020,0x1082,0x8410,0x0841,
  0x7bcf,0xce59,0x0020,0xb5b6,0xf7bf,0x2945,0x7bef,0x7bcf,0x0000,0x8c71,0xc618,0x39c7,0xf79e,0x5aeb,0x39c7,0xffdf,
  0x73af,0x5acb,0x4228,0x0000,0x0000,0x0000,0x0000,0x0000,0x0000,0x0000,0x0000,0x0000,0x0000,0x0000,0x0000,0x0000,
  0x0000,0x0000,0x0000,0x0000,0x0000,0x0000,0x0000,0x0000,0x0000,0x0000,0x0000,0x0000,0x0000,0x0000,0x0000,0x0000,
  0x0000,0x0000,0x0000,0x0000,0x0000,0x0000,0x0000,0x0000,0x0000,0x0000,0x0000,0x0000,0x0000,0x0000,0x0000,0x0000,
  0x0000,0x0000,0x0000,0x0000,0x0000,0x0000,0x0000,0x0000,0x0000,0x0000,0x0000,0x0000,0x0000,0x0000,0x0000,0x0000,
  0x0000,0x0000,0x0000,0x0000,0x0000,0x0000,0x0000,0x0000,0x0000,0x0000,0x0000,0x0000,0x0000,0x0000,0x0000,0x0000,
  0x0000,0x2104,0xe71c,0x738e,0x630c,0xce59,0x0861,0x18e3,0x8c51,0x0000,0x3186,0x5acb,0x0000,0x9492,0x8c51,0x0000,
  0x4208,0x2965,0x0000,0x0000,0x0000,0x0000,0xa514,0x8c51,0x4228,0xdedb,0x18e3,0x2104,0xb5b6,0x18e3,0x2124,0x73ae,
  0x0000,0x3186,0xbdd7,0x18c3,0x738e,0x632c,0x0000,0x4a69,0x4208,0x0000,0x39c7,0x2104,0x0000,0x2965,0x0861,0x18e3,
  0x9cf3,0x0861,0x18e3,0x7bcf,0x0000,0x2965,0x6b4d,0x0000,0x31a6,0x8c51,0x0000,0x39c7,0x632c,0x0000,0x8c71,0x5acb,
  0x0000,0x6b4d,0x2124,0x18e3,0xbdd7,0x2104,0x0020,0x5aeb,0x0841,0x0861,0x6b6d,0x0841,0x8430,0xd69a,0x10a2,0xce59,
  0xffff,0x4208,0xbdd7,0x52aa,0x0000,0xad75,0xbdf7,0x2965,0xef5d,0x630c,0x39c7,0xffff,0x7bef,0x31a6,0x10a2,0x0000,
  0x0000,0x0000,0x0000,0x0000,0x0000,0x0000,0x0000,0x0000,0x0000,0x0000,0x0000,0x0000,0x0000,0x0000,0x0000,0x0000,
  0x0000,0x0000,0x0000,0x0000,0x0000,0x0000,0x0000,0x0000,0x0000,0x0000,0x0000,0x0000,0x0000,0x0000,0x0000,0x0000,
  0x0000,0x0000,0x0000,0x0000,0x0000,0x0000,0x0000,0x0000,0x0000,0x0000,0x0000,0x0000,0x0000,0x0000,0x0000,0x0000,
  0x0000,0x0000,0x0000,0x0000,0x0000,0x0000,0x0000,0x0000,0x0000,0x0000,0x0000,0x0000,0x0000,0x0000,0x0000,0x0000,
  0x0000,0x0000,0x0000,0x0000,0x0000,0x0000,0x0000,0x0000,0x0000,0x0000,0x0000,0x0000,0x0000,0x2104,0xe73c,0x73ae,
  0x4a49,0xdedb,0x18e3,0x2104,0x9cf3,0x0020,0x4228,0xbdf7,0x0861,0xb596,0xe71c,0x10a2,0x4a49,0x3186,0x0000,0x18e3,
  0x10a2,0x18c3,0xe71c,0xa514,0x10a2,0x8c51,0x1082,0x0841,0x5acb,0x0841,0x0861,0x2965,0x0000,0x0861,0x4208,0x0000,
  0x1082,0x10a2,0x0000,0x8410,0x632c,0x0000,0x7bef,0x39c7,0x0000,0x4a49,0x2104,0x0841,0x630c,0x0020,0x18c3,0x6b4d,
  0x0000,0x18e3,0x4a69,0x0000,0x2124,0x630c,0x0000,0x4208,0x6b6d,0x0000,0x2965,0x2104,0x0000,0x630c,0x18e3,0x18e3,
  0xdefb,0x5aeb,0x18e3,0xbdd7,0x18e3,0x18c3,0x7bef,0x1082,0xc638,0xffdf,0x4208,0xd69a,0xffdf,0x6b4d,0xdedb,0x39e7,
  0x0000,0xc618,0xb5b6,0x2945,0xef5d,0x632c,0x39e7,0xffff,0x8410,0x0000,0x0000,0x0000,0x0000,0x0000,0x0000,0x0000,
  0x0000,0x0000,0x0000,0x0000,0x0000,0x0000,0x0000,0x0000,0x0000,0x0000,0x0000,0x0000,0x0000,0x0000,0x0000,0x0000,
  0x0000,0x0000,0x0000,0x0000,0x0000,0x0000,0x0000,0x0000,0x0000,0x0000,0x0000,0x0000,0x0000,0x0000,0x0000,0x0000,
  0x0000,0x0000,0x0000,0x0000,0x0000,0x0000,0x0000,0x0000,0x0000,0x0000,0x0000,0x0000,0x0000,0x0000,0x0000,0x0000,
  0x0000,0x0000,0x0000,0x0000,0x0000,0x0000,0x0000,0x0000,0x0000,0x0000,0x0000,0x0000,0x0000,0x0000,0x0000,0x0000,
  0x0000,0x0000,0x0000,0x0000,0x0000,0x0000,0x0000,0x0000,0x0000,0x2104,0xef5d,0x73ae,0x39c7,0xe71c,0x2124,0x2124,
  0xa534,0x0841,0x8430,0xf7be,0x4208,0xd69a,0xe71c,0x10a2,0x8410,0x6b4d,0x0841,0xad55,0x8c71,0x39e7,0xffff,0x738e,
  0x0000,0x6b6d,0x18c3,0x0020,0x2124,0x0020,0x18e3,0x4228,0x0000,0x18c3,0x39c7,0x0000,0x0020,0x0020,0x0020,0xbdf7,
  0x9cd3,0x0861,0xce59,0x5acb,0x0000,0x4a69,0x2124,0x0861,0x632c,0x0841,0x18e3,0x8c71,0x0020,0x2104,0x630c,0x0000,
  0x2104,0x5acb,0x0000,0x4a49,0x8410,0x0000,0x10a2,0x1082,0x0000,0x8c51,0x39e7,0x0861,0xc618,0x4a69,0x52aa,0xf7be,
  0x2965,0x3186,0xdefb,0x4a49,0xe71c,0xffff,0x94b2,0xe73c,0xffff,0x630c,0x6b4d,0x31a6,0x0861,0xd6ba,0xb596,0x3186,
  0xef7d,0x6b4d,0x39e7,0xffff,0x7bef,0x0000,0x0000,0x0000,0x0000,0x0000,0x0000,0x0000,0x0000,0x0000,0x0000,0x0000,
  0x0000,0x0000,0x0000,0x0000,0x0000,0x0000,0x0000,0x0000,0x0000,0x0000,0x0000,0x0000,0x0000,0x0000,0x0000,0x0000,
  0x0000,0x0000,0x0000,0x0000,0x0000,0x0000,0x0000,0x0000,0x0000,0x0000,0x0000,0x0000,0x0000,0x0000,0x0000,0x0000,
  0x0000,0x0000,0x0000,0x0000,0x0000,0x0000,0x0000,0x0000,0x0000,0x0000,0x0000,0x0000,0x0000,0x0000,0x0000,0x0000,
  0x0000,0x0000,0x0000,0x0000,0x0000,0x0000,0x0000,0x0000,0x0000,0x0000,0x0000,0x0000,0x0000,0x0000,0x0000,0x0000,
  0x0000,0x0000,0x0000,0x0000,0x0000,0x2104,0xef5d,0x7bcf,0x31a6,0xf79e,0x4208,0x18e3,0xa514,0x0841,0x6b6d,0xf7be,
  0xad75,0xf7be,0xbdd7,0x0000,0x8410,0xce79,0x4a69,0xffff,0xb596,0x10a2,0xc638,0x4208,0x0000,0x8410,0x18e3,0x0020,
  0x2104,0x0020,0x2945,0x6b4d,0x0000,0x2945,0x4a49,0x0000,0x31a6,0x5aeb,0x1082,0xd69a,0xbdd7,0x2124,0xe73c,0x73ae,
  0x0000,0x39e7,0x18e3,0x1082,0x7bef,0x0000,0x3186,0xc618,0x10a2,0x3186,0x7bef,0x0000,0x18e3,0x52aa,0x0000,0x6b4d,
  0x9cf3,0x0000,0x10a2,0x1082,0x0000,0xad75,0x5aeb,0x0000,0x8c51,0x18e3,0x2124,0xad75,0x10a2,0x18c3,0xdedb,0x4228,
  0xc638,0xffff,0xce79,0xb596,0xa514,0x2104,0x528a,0x4208,0x18e3,0xef5d,0xad75,0x3186,0xf79e,0x6b4d,0x39e7,0xffff,
  0x7bcf,0x0000,0x0000,0x0000,0x0000,0x0000,0x0000,0x0000,0x0000,0x0000,0x0000,0x0000,0x0000,0x0000,0x0000,0x0000,
  0x0000,0x0000,0x0000,0x0000,0x0000,0x0000,0x0000,0x0000,0x0000,0x0000,0x0000,0x0000,0x0000,0x0000,0x0000,0x0000,
  0x0000,0x0000,0x0000,0x0000,0x0000,0x0000,0x0000,0x0000,0x0000,0x0000,0x0000,0x0000,0x0000,0x0000,0x0000,0x0000,
  0x0000,0x0000,0x0000,0x0000,0x0000,0x0000,0x0000,0x0000,0x0000,0x0000,0x0000,0x0000,0x0000,0x0000,0x0000,0x0000,
  0x0000,0x0000,0x0000,0x0000,0x0000,0x0000,0x0000,0x0000,0x0000,0x0000,0x0000,0x0000,0x0000,0x0000,0x0000,0x0000,
  0x0000,0x2104,0xe73c,0x8c51,0x31a6,0xffdf,0x630c,0x10a2,0x9cd3,0x0861,0x0020,0x39c7,0x5aeb,0x73ae,0x4a49,0x0000,
  0x632c,0xbdf7,0x2104,0xd69a,0x632c,0x0000,0x6b6d,0x2124,0x0841,0x94b2,0x2104,0x0841,0x4228,0x0020,0x39c7,0xa514,
  0x0020,0x39c7,0x632c,0x0000,0x4a69,0x9492,0x18c3,0xdedb,0xc638,0x3186,0xef7d,0x8410,0x0000,0x2104,0x1082,0x10a2,
  0x94b3,0x0841,0x4a49,0xdedb,0x10a2,0x4a49,0x9cd3,0x0000,0x2104,0x738e,0x0000,0x7bcf,0xd6ba,0x1082,0x18e3,0x10a2,
  0x1082,0xd69a,0x8430,0x0020,0x738e,0x18c3,0x0841,0x630c,0x1082,0x0841,0xb5b6,0x2124,0x8c71,0xb596,0x18e3,0x0020,
  0x0000,0x0000,0x630c,0x4228,0x2124,0xf7be,0xad55,0x31a6,0xf79e,0x632c,0x39e7,0xffff,0x7bcf,0x0000,0x0000,0x0000,
  0x0000,0x0000,0x0000,0x0000,0x0000,0x0000,0x0000,0x0000,0x0000,0x0000,0x0000,0x0000,0x0000,0x0000,0x0000,0x0000,
  0x0000,0x0000,0x0000,0x0000,0x0000,0x0000,0x0000,0x0000,0x0000,0x0000,0x0000,0x0000,0x0000,0x0000,0x0000,0x0000,
  0x0000,0x0000,0x0000,0x0000,0x0000,0x0000,0x0000,0x0000,0x0000,0x0000,0x0000,0x0000,0x0000,0x0000,0x0000,0x0000,
  0x0000,0x0000,0x0000,0x0000,0x0000,0x0000,0x0000,0x0000,0x0000,0x0000,0x0000,0x0000,0x0000,0x0000,0x0000,0x0000,
  0x0000,0x0000,0x0000,0x0000,0x0000,0x0000,0x0000,0x0000,0x0000,0x0000,0x0000,0x0000,0x0000,0x18e3,0xe71c,0x8c71,
  0x31a6,0xffff,0x738e,0x10a2,0x9492,0x0020,0x1082,0x2965,0x0000,0x0000,0x0000,0x0000,0x630c,0x94b2,0x0000,0x6b4d,
  0x3186,0x0000,0x73ae,0x2945,0x18c3,0xd6ba,0x4208,0x0861,0x632c,0x0020,0x5acb,0xd6ba,0x10a2,0x4a69,0x8c51,0x0000,
  0x5acb,0xa514,0x18c3,0xe71c,0xce59,0x3186,0xf7be,0x94b2,0x0000,0x0861,0x0841,0x1082,0xb596,0x18c3,0x4a69,0xe73c,
  0x18c3,0x5acb,0xbdd7,0x0020,0x2945,0x9492,0x0020,0x8c51,0xf79e,0x2124,0x2965,0x2124,0x10a2,0xe71c,0xa534,0x2945,
  0x7bef,0x10a2,0x0841,0x5acb,0x0861,0x0861,0xad75,0x2945,0x18c3,0x1082,0x0000,0x0000,0x0000,0x0000,0x630c,0x4208,
  0x3186,0xffff,0xad55,0x31a6,0xf7be,0x6b6d,0x39e7,0xffff,0x7bcf,0x0000,0x0000,0x0000,0x0000,0x0000,0x0000,0x0000,
  0x0000,0x0000,0x0000,0x0000,0x0000,0x0000,0x0000,0x0000,0x0000,0x0000,0x0000,0x0000,0x0000,0x0000,0x0000,0x0000,
  0x0000,0x0000,0x0000,0x0000,0x0000,0x0000,0x0000,0x0000,0x0000,0x0000,0x0000,0x0000,0x0000,0x0000,0x0000,0x0000,
  0x0000,0x0000,0x0000,0x0000,0x0000,0x0000,0x0000,0x0000,0x0000,0x0000,0x0000,0x0000,0x0000,0x0000,0x0000,0x0000,
  0x0000,0x0000,0x0000,0x0000,0x0000,0x0000,0x0000,0x0000,0x0000,0x0000,0x0000,0x0000,0x0000,0x0000,0x0000,0x0000,
  0x0000,0x0000,0x0000,0x0000,0x0000,0x0000,0x0000,0x0000,0x0000,0x0861,0xce79,0x7bef,0x31a6,0xffff,0x8c51,0x18e3,
  0x8430,0x0000,0x2104,0x5aeb,0x0000,0x0000,0x0000,0x0000,0x6b6d,0x7bef,0x0000,0x8c51,0x5acb,0x0020,0xad75,0x39c7,
  0x39c7,0xffdf,0x630c,0x2124,0x8c71,0x0841,0x73ae,0xf79e,0x2965,0x738e,0xad55,0x0000,0x738e,0xc618,0x2104,0xe73c,
  0xd69a,0x39e7,0xffdf,0xad75,0x0020,0x18c3,0x0861,0x18e3,0xd69a,0x2104,0x52aa,0xf7be,0x2965,0x630c,0xd69a,0x0861,
  0x2965,0xb596,0x1082,0xad55,0xffdf,0x2965,0x5aeb,0x4228,0x2124,0xef7d,0xc638,0x6b6d,0x8c51,0x10a2,0x0861,0x738e,
  0x0861,0x0861,0xa514,0x18c3,0x2104,0x0861,0x0000,0x0000,0x0000,0x0000,0x630c,0x4208,0x4a69,0xffff,0xad55,0x39c7,
  0xffdf,0x7bcf,0x4208,0xffff,0x7bcf,0x0000,0x0000,0x0000,0x0000,0x0000,0x0000,0x0000,0x0000,0x0000,0x0000,0x0000,
  0x0000,0x0000,0x0000,0x0000,0x0000,0x0000,0x0000,0x0000,0x0000,0x0000,0x0000,0x0000,0x0000,0x0000,0x0000,0x0000,
  0x0000,0x0000,0x0000,0x0000,0x0000,0x0000,0x0000,0x0000,0x0000,0x0000,0x0000,0x0000,0x0000,0x0000,0x0000,0x0000,
  0x0000,0x0000,0x0000,0x0000,0x0000,0x0000,0x0000,0x0000,0x0000,0x0000,0x0000,0x0000,0x0000,0x0000,0x0000,0x0000,
  0x0000,0x0000,0x0000,0x0000,0x0000,0x0000,0x0000,0x0000,0x0000,0x0000,0x0000,0x0000,0x0000,0x0000,0x0000,0x0000,
  0x0000,0x0000,0x0000,0x0000,0x0000,0x0841,0xbdd7,0x7bcf,0x31a6,0xffff,0x94b2,0x18e3,0x8430,0x0000,0x2965,0x7bcf,
  0x0000,0x0000,0x0000,0x0000,0x8410,0x7bcf,0x0020,0xc618,0x7bef,0x18c3,0xdefb,0x4228,0x528a,0xffff,0x8410,0x39e7,
  0xb596,0x0841,0x73ae,0xffff,0x31a6,0x8c51,0xbdf7,0x0020,0x8430,0xd69a,0x3186,0xef7d,0xd69a,0x4a69,0xffff,0xbdd7,
  0x0861,0x738e,0x2104,0x31a6,0xf79e,0x39e7,0x6b4d,0xffff,0x4228,0x7bef,0xe71c,0x1082,0x4a49,0xdefb,0x2945,0xbdd7,
  0xffff,0x4228,0x9492,0x8410,0x39e7,0xffdf,0xd6ba,0x738e,0x8410,0x10a2,0x18e3,0x9cd3,0x0861,0x18e3,0xb596,0x10a2,
  0x4208,0x0861,0x0000,0x1082,0x31a6,0x0000,0x5aeb,0x4228,0x5aeb,0xffff,0xa534,0x39c7,0xffdf,0x8430,0x4208,0xffff,
  0x6b6d,0x0000,0x0000,0x0000,0x0000,0x0000,0x0000,0x0000,0x0000,0x0000,0x0000,0x0000,0x0000,0x0000,0x0000,0x0000,
  0x0000,0x0000,0x0000,0x0000,0x0000,0x0000,0x0000,0x0000,0x0000,0x0000,0x0000,0x0000,0x0000,0x0000,0x0000,0x0000,
  0x0000,0x0000,0x0000,0x0000,0x0000,0x0000,0x0000,0x0000,0x0000,0x0000,0x0000,0x0000,0x0000,0x0000,0x0000,0x0000,
  0x0000,0x0000,0x0000,0x0000,0x0000,0x0000,0x0000,0x0000,0x0000,0x0000,0x0000,0x0000,0x0000,0x0000,0x0000,0x0000,
  0x0000,0x0000,0x0000,0x0000,0x0000,0x0000,0x0000,0x0000,0x0000,0x0000,0x0000,0x0000,0x0000,0x0000,0x0000,0x0000,
  0x0000,0x0020,0xa534,0x7bcf,0x31a6,0xffff,0x9cf3,0x18e3,0x8410,0x0000,0x39e7,0x8410,0x0000,0x0000,0x0000,0x0000,
  0xa514,0x73ae,0x0020,0xd6ba,0xa514,0x2965,0xf79e,0x4a69,0x5aeb,0xffff,0x8c71,0x630c,0xce7a,0x0841,0x73ae,0xffff,
  0x4208,0x9cd3,0xd6ba,0x1082,0x9492,0xdefb,0x4228,0xf7be,0xdedb,0x630c,0xffff,0xc618,0x2965,0xc638,0x18e3,0x39e7,
  0xffff,0x528a,0x7bcf,0xffff,0x4a69,0x9492,0xf7be,0x2124,0x632c,0xffdf,0x4228,0xce59,0xffff,0x5aec,0xd69a,0xce79,
  0x6b6d,0xffff,0xdefb,0x6b6d,0xb596,0x2104,0x3186,0xc638,0x1082,0x4a69,0xef7d,0x31a6,0x0841,0x0000,0x0000,0x39c7,
  0x7bcf,0x0000,0x5aeb,0x4208,0x630c,0xffff,0xa534,0x39e7,0xffff,0x8430,0x4228,0xffdf,0x528a,0x0000,0x0000,0x0000,
  0x0000,0x0000,0x0000,0x0000,0x0000,0x0000,0x0000,0x0000,0x0000,0x0000,0x0000,0x0000,0x0000,0x0000,0x0000,0x0000,
  0x0000,0x0000,0x0000,0x0000,0x0000,0x0000,0x0000,0x0000,0x0000,0x0000,0x0000,0x0000,0x0000,0x0000,0x0000,0x0000,
  0x0000,0x0000,0x0000,0x0000,0x0000,0x0000,0x0000,0x0000,0x0000,0x0000,0x0000,0x0000,0x0000,0x0000,0x0000,0x0000,
  0x0000,0x0000,0x0000,0x0000,0x0000,0x0000,0x0000,0x0000,0x0000,0x0000,0x0000,0x0000,0x0000,0x0000,0x0000,0x0000,
  0x0000,0x0000,0x0000,0x0000,0x0000,0x0000,0x0000,0x0000,0x0000,0x0000,0x0000,0x0000,0x0000,0x0000,0x8c51,0x7bcf,
  0x31a6,0xffff,0xad55,0x18e3,0x8430,0x0000,0x4208,0x8430,0x0000,0x10a2,0x2124,0x0020,0xc618,0x8430,0x0861,0xe73c,
  0xbdf7,0x3186,0xf7be,0x5aeb,0x6b6d,0xffff,0x9cf3,0x8c51,0xf79e,0x2124,0x8c51,0xffff,0x39e7,0x9cd3,0xef5d,0x18e3,
  0xa534,0xef5d,0x5aeb,0xffdf,0xe73c,0x73ae,0xffff,0xce59,0x31a6,0xef7d,0x2945,0x31a6,0xffff,0x5acb,0x8c51,0xffff,
  0x4a69,0x9cd3,0xffff,0x39c7,0x8430,0xffff,0x73ae,0xdefb,0xffff,0x8c51,0xef5d,0xffff,0xdedb,0xffff,0xdefb,0x9cd3,
  0xffff,0x7bef,0x738e,0xf7be,0x3186,0x94b2,0xffff,0x7bef,0x0000,0x0000,0x0000,0x528a,0x8410,0x0000,0x5acb,0x4208,
  0x632c,0xffff,0xa534,0x39e7,0xffff,0x8c51,0x4228,0xef5d,0x2965,0x0000,0x0000,0x0000,0x0000,0x0000,0x0000,0x0000,
  0x0000,0x0000,0x0000,0x0000,0x0000,0x0000,0x0000,0x0000,0x0000,0x0000,0x0000,0x0000,0x0000,0x0000,0x0000,0x0000,
  0x0000,0x0000,0x0000,0x0000,0x0000,0x0000,0x0000,0x0000,0x0000,0x0000,0x0000,0x0000,0x0000,0x0000,0x0000,0x0000,
  0x0000,0x0000,0x0000,0x0000,0x0000,0x0000,0x0000,0x0000,0x0000,0x0000,0x0000,0x0000,0x0000,0x0000,0x0000,0x0000,
  0x0000,0x0000,0x0000,0x0000,0x0000,0x0000,0x0000,0x0000,0x0000,0x0000,0x0000,0x0000,0x0000,0x0000,0x0000,0x0000,
  0x0000,0x0000,0x0000,0x0000,0x0000,0x0000,0x0000,0x0000,0x0000,0x0000,0x738e,0x8410,0x3186,0xffff,0xad55,0x52aa,
  0x9cd3,0x0000,0x39e7,0x8c51,0x0000,0x2124,0x52aa,0x0861,0xdedb,0xad75,0x2945,0xf79e,0xef5d,0x52aa,0xf7be,0x73ae,
  0x7bcf,0xffff,0xb5b6,0xa534,0xffff,0x6b6d,0xa534,0xffff,0x4228,0xa534,0xffff,0x4a49,0xc618,0xffff,0x94b2,0xffff,
  0xf7be,0x9cf3,0xffff,0xef5d,0x8c51,0xbdd7,0x0861,0x632c,0xffff,0x630c,0x9cd3,0xffff,0x630c,0xa534,0xffff,0x7bcf,
  0xce79,0xffff,0xbdd7,0xf7be,0xffff,0x632c,0x4a49,0x7bcf,0xd69a,0xffff,0xd69a,0xa514,0xffff,0xef5d,0xef7e,0xffff,
  0xb596,0xad55,0xb596,0x528a,0x0000,0x0000,0x0000,0x52aa,0x7bef,0x0000,0x528a,0x39e7,0x630c,0xffff,0xa534,0x39e7,
  0xffff,0x8c51,0x4a49,0xd6ba,0x18c3,0x0000,0x0000,0x0000,0x0000,0x0000,0x0000,0x0000,0x0000,0x0000,0x0000,0x0000,
  0x0000,0x0000,0x0000,0x0000,0x0000,0x0000,0x0000,0x0000,0x0000,0x0000,0x0000,0x0000,0x0000,0x0000,0x0000,0x0000,
  0x0000,0x0000,0x0000,0x0000,0x0000,0x0000,0x0000,0x0000,0x0000,0x0000,0x0000,0x0000,0x0000,0x0000,0x0000,0x0000,
  0x0000,0x0000,0x0000,0x0000,0x0000,0x0000,0x0000,0x0000,0x0000,0x0000,0x0000,0x0000,0x0000,0x0000,0x0000,0x0000,
  0x0000,0x0000,0x0000,0x0000,0x0000,0x0000,0x0000,0x0000,0x0000,0x0000,0x0000,0x0000,0x0000,0x0000,0x0000,0x0000,
  0x0000,0x0000,0x0000,0x0000,0x0000,0x0000,0x528a,0x8430,0x39c7,0xffff,0xa514,0xbdf7,0xad75,0x0000,0x3186,0x8410,
  0x0000,0x39c7,0x6b4d,0x0000,0x9492,0xef5d,0x8430,0xffff,0xf7be,0xc638,0xffdf,0xb5b6,0x8c71,0xffff,0xc638,0xbdd7,
  0xffff,0x9cf3,0x9cd3,0xffff,0x9492,0xce79,0xffdf,0x630c,0x31a6,0x6b4d,0x94b2,0xa534,0x9cd3,0x8c51,0x8c71,0x8430,
  0x52aa,0x1082,0x0000,0x5aeb,0xad75,0x8c71,0xb596,0xe71c,0xa514,0xbdf7,0xbdd7,0x6b4d,0x8410,0x8c51,0x8430,0x7bef,
  0x528a,0x0861,0x0000,0x0000,0x1082,0x4a49,0x3186,0x18e3,0x4228,0x31a6,0x738e,0xce59,0x4228,0x0841,0x0000,0x0000,
  0x0000,0x0000,0x0000,0x52aa,0x73ae,0x0000,0x4a69,0x8c71,0x5aeb,0xffff,0xa534,0x39e7,0xffff,0x8c71,0x4a49,0xbdf7,
  0x0861,0x0000,0x0000,0x0000,0x0000,0x0000,0x0000,0x0000,0x0000,0x0000,0x0000,0x0000,0x0000,0x0000,0x0000,0x0000,
  0x0000,0x0000,0x0000,0x0000,0x0000,0x0000,0x0000,0x0000,0x0000,0x0000,0x0000,0x0000,0x0000,0x0000,0x0000,0x0000,
  0x0000,0x0000,0x0000,0x0000,0x0000,0x0000,0x0000,0x0000,0x0000,0x0000,0x0000,0x0000,0x0000,0x0000,0x0000,0x0000,
  0x0000,0x0000,0x0000,0x0000,0x0000,0x0000,0x0000,0x0000,0x0000,0x0000,0x0000,0x0000,0x0000,0x0000,0x0000,0x0000,
  0x0000,0x0000,0x0000,0x0000,0x0000,0x0000,0x0000,0x0000,0x0000,0x0000,0x0000,0x0000,0x0000,0x0000,0x0000,0x0000,
  0x0000,0x0000,0x2965,0x8410,0x4228,0xffff,0x8430,0xbdd7,0xad75,0x0000,0x2124,0x7bcf,0x0000,0x4a49,0x6b6d,0x0000,
  0x1082,0x7bef,0x7bef,0x52aa,0x39c7,0x10a2,0x5acb,0x9cd3,0x8c51,0xffff,0xf7be,0xe73c,0xbdd7,0x2945,0x0861,0x4228,
  0x528a,0x528a,0x39c7,0x0841,0x0000,0x0000,0x0020,0x0000,0x0000,0x0000,0x0000,0x0000,0x0000,0x0000,0x0000,0x0000,
  0x0000,0x0861,0x18c3,0x18e3,0x2104,0x18e3,0x0841,0x0000,0x0000,0x0000,0x0000,0x0000,0x0000,0x0000,0x0000,0x0000,
  0x0000,0x0000,0x0000,0x0000,0x0000,0x0000,0x0000,0x0861,0x0000,0x0000,0x0000,0x0000,0x0000,0x0000,0x0000,0x52aa,
  0x6b6d,0x0000,0x4a49,0xd69a,0x6b4d,0xffff,0xad55,0x39e7,0xffff,0x8c71,0x4a69,0xad75,0x0020,0x0000,0x0000,0x0000,
  0x0000,0x0000,0x0000,0x0000,0x0000,0x0000,0x0000,0x0000,0x0000,0x0000,0x0000,0x0000,0x0000,0x0000,0x0000,0x0000,
  0x0000,0x0000,0x0000,0x0000,0x0000,0x0000,0x0000,0x0000,0x0000,0x0000,0x0000,0x0000,0x0000,0x0000,0x0000,0x0000,
  0x0000,0x0000,0x0000,0x0000,0x0000,0x0000,0x0000,0x0000,0x0000,0x0000,0x0000,0x0000,0x0000,0x0000,0x0000,0x0000,
  0x0000,0x0000,0x0000,0x0000,0x0000,0x0000,0x0000,0x0000,0x0000,0x0000,0x0000,0x0000,0x0000,0x0000,0x0000,0x0000,
  0x0000,0x0000,0x0000,0x0000,0x0000,0x0000,0x0000,0x0000,0x0000,0x0000,0x0000,0x0000,0x0000,0x0000,0x1082,0x630c,
  0x528a,0xffff,0x632c,0xa534,0xce79,0x0841,0x2104,0x73ae,0x0000,0x4a69,0x6b6d,0x0000,0x0000,0x0000,0x0000,0x0000,
  0x0000,0x0000,0x0000,0x0000,0x10a2,0x5acb,0x632c,0x39e7,0x0841,0x0000,0x0000,0x0000,0x0000,0x0000,0x0000,0x0000,
  0x0000,0x0000,0x0000,0x0000,0x0000,0x0000,0x0000,0x0000,0x0000,0x0000,0x0000,0x0000,0x0000,0x0000,0x0000,0x0000,
  0x0000,0x0000,0x0000,0x0000,0x0000,0x0000,0x0000,0x0000,0x0000,0x0000,0x0000,0x0000,0x0000,0x0000,0x0000,0x0000,
  0x0000,0x0000,0x0000,0x0000,0x0000,0x0000,0x0000,0x0000,0x0000,0x0000,0x0000,0x4a49,0x632c,0x0000,0x4a69,0xce59,
  0x632c,0xffff,0xad55,0x39e7,0xffff,0x8c71,0x4a69,0xad75,0x0000,0x0000,0x0000,0x0000,0x0000,0x0000,0x0000,0x0000,
  0x0000,0x0000,0x0000,0x0000,0x0000,0x0000,0x0000,0x0000,0x0000,0x0000,0x0000,0x0000,0x0000,0x0000,0x0000,0x0000,
  0x0000,0x0000,0x0000,0x0000,0x0000,0x0000,0x0000,0x0000,0x0000,0x0000,0x0000,0x0000,0x0000,0x0000,0x0000,0x0000,
  0x0000,0x0000,0x0000,0x0000,0x0000,0x0000,0x0000,0x0000,0x0000,0x0000,0x0000,0x0000,0x0000,0x0000,0x0000,0x0000,
  0x0000,0x0000,0x0000,0x0000,0x0000,0x0000,0x0000,0x0000,0x0000,0x0000,0x0000,0x0000,0x0000,0x0000,0x0000,0x0000,
  0x0000,0x0000,0x0000,0x0000,0x0000,0x0000,0x0000,0x0000,0x0000,0x0000,0x0000,0x1082,0x528a,0xffff,0x5aeb,0x8c71,
  0xe73c,0x18e3,0x2104,0x6b6d,0x0000,0x4208,0x6b4d,0x0000,0x0000,0x0000,0x0000,0x0000,0x0000,0x0000,0x0000,0x0000,
  0x0000,0x0000,0x0000,0x0000,0x0000,0x0000,0x0000,0x0000,0x0000,0x0000,0x0000,0x0000,0x0000,0x0000,0x0000,0x0000,
  0x0000,0x0000,0x0000,0x0000,0x0000,0x0000,0x0000,0x0000,0x0000,0x0000,0x0000,0x0000,0x0000,0x0000,0x0000,0x0000,
  0x0000,0x0000,0x0000,0x0000,0x0000,0x0000,0x0000,0x0000,0x0000,0x0000,0x0000,0x0000,0x0000,0x0000,0x0000,0x0000,
  0x0000,0x0000,0x0000,0x0000,0x0000,0x0020,0x0000,0x4208,0x52aa,0x0000,0x528a,0xe73c,0x7bcf,0xffff,0xad55,0x39e7,
  0xffff,0x8c71,0x4a69,0xa534,0x0020,0x0000,0x0000,0x0000,0x0000,0x0000,0x0000,0x0000,0x0000,0x0000,0x0000,0x0000,
  0x0000,0x0000,0x0000,0x0000,0x0000,0x0000,0x0000,0x0000,0x0000,0x0000,0x0000,0x0000,0x0000,0x0000,0x0000,0x0000,
  0x0000,0x0000,0x0000,0x0000,0x0000,0x0000,0x0000,0x0000,0x0000,0x0000,0x0000,0x0000,0x0000,0x0000,0x0000,0x0000,
  0x0000,0x0000,0x0000,0x0000,0x0000,0x0000,0x0000,0x0000,0x0000,0x0000,0x0000,0x0000,0x0000,0x0000,0x0000,0x0000,
  0x0000,0x0000,0x0000,0x0000,0x0000,0x0000,0x0000,0x0000,0x0000,0x0000,0x0000,0x0000,0x0000,0x0000,0x0000,0x0000,
  0x0000,0x0000,0x0000,0x0000,0x0000,0x0000,0x0000,0x0000,0x4a69,0xffff,0x5aeb,0x8410,0xf79e,0x2124,0x18e3,0x632c,
  0x0000,0x2945,0x632c,0x0000,0x0000,0x0000,0x0000,0x0000,0x0000,0x0000,0x0000,0x0000,0x0000,0x0000,0x0000,0x0000,
  0x0000,0x0000,0x0000,0x0000,0x0000,0x0000,0x0000,0x0000,0x0000,0x0000,0x0000,0x0000,0x0000,0x0000,0x0000,0x0000,
  0x0000,0x0000,0x0000,0x0000,0x0000,0x0000,0x0000,0x0000,0x0000,0x0000,0x0000,0x0000,0x0000,0x0000,0x0000,0x0000,
  0x0000,0x0000,0x0000,0x0000,0x0000,0x0000,0x0000,0x0000,0x0000,0x0000,0x0000,0x0000,0x0000,0x0000,0x0000,0x0000,
  0x1082,0x39c7,0x0000,0x31a6,0x4208,0x0000,0x5aeb,0xf79e,0x7bef,0xffff,0xad75,0x39e7,0xffdf,0x9492,0x4a69,0x8430,
  0x0000,0x0000,0x0000,0x0000,0x0000,0x0000,0x0000,0x0000,0x0000,0x0000,0x0000,0x0000,0x0000,0x0000,0x0000,0x0000,
  0x0000,0x0000,0x0000,0x0000,0x0000,0x0000,0x0000,0x0000,0x0000,0x0000,0x0000,0x0000,0x0000,0x0000,0x0000,0x0000,
  0x0000,0x0000,0x0000,0x0000,0x0000,0x0000,0x0000,0x0000,0x0000,0x0000,0x0000,0x0000,0x0000,0x0000,0x0000,0x0000,
  0x0000,0x0000,0x0000,0x0000,0x0000,0x0000,0x0000,0x0000,0x0000,0x0000,0x0000,0x0000,0x0000,0x0000,0x0000,0x0000,
  0x0000,0x0000,0x0000,0x0000,0x0000,0x0000,0x0000,0x0000,0x0000,0x0000,0x0000,0x0000,0x0000,0x0000,0x0000,0x0000,
  0x0000,0x0000,0x0000,0x0000,0x4a69,0xffff,0x5acb,0x73ae,0xffff,0x39e7,0x18c3,0x5acb,0x0000,0x2945,0x5acb,0x0000,
  0x10a2,0x1082,0x0000,0x0000,0x0000,0x0000,0x0000,0x0000,0x0000,0x0000,0x0000,0x0000,0x0000,0x0000,0x0000,0x0000,
  0x0000,0x0000,0x0000,0x0000,0x0000,0x0000,0x0000,0x0000,0x0000,0x0000,0x0000,0x0000,0x0000,0x0000,0x0000,0x0000,
  0x0000,0x0000,0x0000,0x0000,0x0000,0x0000,0x0000,0x0000,0x0000,0x0000,0x0000,0x0000,0x0000,0x0000,0x0000,0x0000,
  0x0000,0x0000,0x0000,0x0000,0x0000,0x0000,0x0000,0x0000,0x0000,0x0000,0x0000,0x0000,0x18c3,0x4a49,0x0000,0x2965,
  0x39c7,0x0000,0x630c,0xf79e,0x738e,0xffff,0xad75,0x39e7,0xffdf,0x9492,0x4a49,0x5acb,0x0000,0x0000,0x0000,0x0000,
  0x0000,0x0000,0x0000,0x0000,0x0000,0x0000,0x0000,0x0000,0x0000,0x0000,0x0000,0x0000,0x0000,0x0000,0x0000,0x0000,
  0x0000,0x0000,0x0000,0x0000,0x0000,0x0000,0x0000,0x0000,0x0000,0x0000,0x0000,0x0000,0x0000,0x0000,0x0000,0x0000,
  0x0000,0x0000,0x0000,0x0000,0x0000,0x0000,0x0000,0x0000,0x0000,0x0000,0x0000,0x0000,0x0000,0x0000,0x0000,0x0000,
  0x0000,0x0000,0x0000,0x0000,0x0000,0x0000,0x0000,0x0000,0x0000,0x0000,0x0000,0x0000,0x0000,0x0000,0x0000,0x0000,
  0x0000,0x0000,0x0000,0x0000,0x0000,0x0000,0x0000,0x0000,0x0000,0x0000,0x0000,0x0000,0x0000,0x0000,0x0000,0x0000,
  0x4228,0xffff,0x5acb,0x6b6d,0xffff,0x4a69,0x10a2,0x4a69,0x0000,0x2124,0x4a69,0x0000,0x39c7,0x2945,0x0000,0x0000,
  0x0000,0x0000,0x0000,0x0000,0x0000,0x0000,0x0000,0x0000,0x0000,0x0000,0x0000,0x0000,0x0000,0x0000,0x0000,0x0000,
  0x0000,0x0000,0x0000,0x0000,0x0000,0x0000,0x0000,0x0000,0x0000,0x0000,0x0000,0x0000,0x0000,0x0000,0x0000,0x0000,
  0x0000,0x0000,0x0000,0x0000,0x0000,0x0000,0x0000,0x0000,0x0000,0x0000,0x0000,0x0000,0x0000,0x0000,0x0000,0x0000,
  0x0000,0x0000,0x0000,0x0000,0x0000,0x0000,0x0000,0x0000,0x10a2,0x4208,0x0000,0x2945,0x31a6,0x0000,0x632c,0xef7d,
  0x632c,0xffff,0xb596,0x39e7,0xffdf,0x94b2,0x39c7,0x39c7,0x0000,0x0000,0x0000,0x0000,0x0000,0x0000,0x0000,0x0000,
  0x0000,0x0000,0x0000,0x0000,0x0000,0x0000,0x0000,0x0000,0x0000,0x0000,0x0000,0x0000,0x0000,0x0000,0x0000,0x0000,
  0x0000,0x0000,0x0000,0x0000,0x0000,0x0000,0x0000,0x0000,0x0000,0x0000,0x0000,0x0000,0x0000,0x0000,0x0000,0x0000,
  0x0000,0x0000,0x0000,0x0000,0x0000,0x0000,0x0000,0x0000,0x0000,0x0000,0x0000,0x0000,0x0000,0x0000,0x0000,0x0000,
  0x0000,0x0000,0x0000,0x0000,0x0000,0x0000,0x0000,0x0000,0x0000,0x0000,0x0000,0x0000,0x0000,0x0000,0x0000,0x0000,
  0x0000,0x0000,0x0000,0x0000,0x0000,0x0000,0x0000,0x0000,0x0000,0x0000,0x0000,0x0000,0x39c7,0xffdf,0x52aa,0x738e,
  0xffff,0x4a69,0x1082,0x4208,0x0000,0x2104,0x4228,0x0000,0x3186,0x3186,0x0000,0x0000,0x0000,0x0000,0x0000,0x0000,
  0x0000,0x0000,0x0000,0x0000,0x0000,0x0000,0x0000,0x0000,0x0000,0x0000,0x0000,0x0000,0x0000,0x0000,0x0000,0x0000,
  0x0000,0x0000,0x0000,0x0000,0x0000,0x0000,0x0000,0x0000,0x0000,0x0000,0x0000,0x0000,0x0000,0x0000,0x0000,0x0000,
  0x0000,0x0000,0x0000,0x0000,0x0000,0x0000,0x0000,0x0000,0x0000,0x0000,0x0000,0x0000,0x0000,0x0000,0x0000,0x0000,
  0x0000,0x0000,0x0000,0x0000,0x1082,0x31a6,0x0000,0x2124,0x31a6,0x0000,0x6b6d,0xef7d,0x5acb,0xffdf,0xb596,0x39c7,
  0xffdf,0x94b2,0x1082,0x0861,0x0000,0x0000,0x0000,0x0000,0x0000,0x0000,0x0000,0x0000,0x0000,0x0000,0x0000,0x0000,
  0x0000,0x0000,0x0000,0x0000,0x0000,0x0000,0x0000,0x0000,0x0000,0x0000,0x0000,0x0000,0x0000,0x0000,0x0000,0x0000,
  0x0000,0x0000,0x0000,0x0000,0x0000,0x0000,0x0000,0x0000,0x0000,0x0000,0x0000,0x0000,0x0000,0x0000,0x0000,0x0000,
  0x0000,0x0000,0x0000,0x0000,0x0000,0x0000,0x0000,0x0000,0x0000,0x0000,0x0000,0x0000,0x0000,0x0000,0x0000,0x0000,
  0x0000,0x0000,0x0000,0x0000,0x0000,0x0000,0x0000,0x0000,0x0000,0x0000,0x0000,0x0000,0x0000,0x0000,0x0000,0x0000,
  0x0000,0x0000,0x0000,0x0000,0x0000,0x0000,0x0000,0x0000,0x2104,0xe71c,0x5acb,0x7bef,0xffff,0x528a,0x10a2,0x4228,
  0x0000,0x18e3,0x39c7,0x0000,0x2124,0x2965,0x0000,0x0000,0x0000,0x0000,0x0000,0x0000,0x0000,0x0000,0x0000,0x0000,
  0x0000,0x0000,0x0000,0x0000,0x0000,0x0000,0x0000,0x0000,0x0000,0x0000,0x0000,0x0000,0x0000,0x0000,0x0000,0x0000,
  0x0000,0x0000,0x0000,0x0000,0x0000,0x0000,0x0000,0x0000,0x0000,0x0000,0x0000,0x0000,0x0000,0x0000,0x0000,0x0000,
  0x0000,0x0000,0x0000,0x0000,0x0000,0x0000,0x0000,0x0000,0x0000,0x0000,0x0000,0x0000,0x0000,0x0000,0x0000,0x0000,
  0x0861,0x2965,0x0000,0x2124,0x31a6,0x0000,0x7bcf,0xef5d,0x4228,0xf7be,0xb5b6,0x39c7,0xffdf,0x9cd3,0x0000,0x0000,
  0x0000,0x0000,0x0000,0x0000,0x0000,0x0000,0x0000,0x0000,0x0000,0x0000,0x0000,0x0000,0x0000,0x0000,0x0000,0x0000,
  0x0000,0x0000,0x0000,0x0000,0x0000,0x0000,0x0000,0x0000,0x0000,0x0000,0x0000,0x0000,0x0000,0x0000,0x0000,0x0000,
  0x0000,0x0000,0x0000,0x0000,0x0000,0x0000,0x0000,0x0000,0x0000,0x0000,0x0000,0x0000,0x0000,0x0000,0x0000,0x0000,
  0x0000,0x0000,0x0000,0x0000,0x0000,0x0000,0x0000,0x0000,0x0000,0x0000,0x0000,0x0000,0x0000,0x0000,0x0000,0x0000,
  0x0000,0x0000,0x0000,0x0000,0x0000,0x0000,0x0000,0x0000,0x0000,0x0000,0x0000,0x0000,0x0000,0x0000,0x0000,0x0000,
  0x0000,0x0000,0x0000,0x0000,0x0020,0xa514,0x5aeb,0x8410,0xffff,0x528a,0x18c3,0x4a69,0x0000,0x10a2,0x2945,0x0000,
  0x18c3,0x2104,0x0000,0x0000,0x0000,0x0000,0x0000,0x0000,0x0000,0x0000,0x0000,0x0000,0x0000,0x0000,0x0000,0x0000,
  0x0000,0x0000,0x0000,0x0000,0x0000,0x0000,0x0000,0x0000,0x0000,0x0000,0x0000,0x0000,0x0000,0x0000,0x0000,0x0000,
  0x0000,0x0000,0x0000,0x0000,0x0000,0x0000,0x0000,0x0000,0x0000,0x0000,0x0000,0x0000,0x0000,0x0000,0x0000,0x0000,
  0x0000,0x0000,0x0000,0x0000,0x0000,0x0000,0x0000,0x0000,0x0000,0x0000,0x0000,0x0000,0x0841,0x18e3,0x0000,0x2104,
  0x3186,0x0000,0x8410,0xe73c,0x39e7,0xf79e,0xb5b6,0x39c7,0xf7be,0x9cd3,0x0000,0x0000,0x0000,0x0000,0x0000,0x0000,
  0x0000,0x0000,0x0000,0x0000,0x0000,0x0000,0x0000,0x0000,0x0000,0x0000,0x0000,0x0000,0x0000,0x0000,0x0000,0x0000,
  0x0000,0x0000,0x0000,0x0000,0x0000,0x0000,0x0000,0x0000,0x0000,0x0000,0x0000,0x0000,0x0000,0x0000,0x0000,0x0000,
  0x0000,0x0000,0x0000,0x0000,0x0000,0x0000,0x0000,0x0000,0x0000,0x0000,0x0000,0x0000,0x0000,0x0000,0x0000,0x0000,
  0x0000,0x0000,0x0000,0x0000,0x0000,0x0000,0x0000,0x0000,0x0000,0x0000,0x0000,0x0000,0x0000,0x0000,0x0000,0x0000,
  0x0000,0x0000,0x0000,0x0000,0x0000,0x0000,0x0000,0x0000,0x0000,0x0000,0x0000,0x0000,0x0000,0x0000,0x0000,0x0000,
  0x0000,0x52aa,0x5acb,0x8410,0xffff,0x4a69,0x2104,0x52aa,0x0000,0x0861,0x18c3,0x0000,0x0861,0x0861,0x0000,0x0861,
  0x0841,0x0000,0x0000,0x0000,0x0000,0x0000,0x0000,0x0000,0x0000,0x0000,0x0000,0x0000,0x0000,0x0000,0x0000,0x0000,
  0x0000,0x0000,0x0000,0x0000,0x0000,0x0000,0x0000,0x0000,0x0000,0x0000,0x0000,0x0000,0x0000,0x0000,0x0000,0x0000,
  0x0000,0x0000,0x0000,0x0000,0x0000,0x0000,0x0000,0x0000,0x0000,0x0000,0x0000,0x0000,0x0000,0x0000,0x0000,0x0000,
  0x1082,0x0020,0x0000,0x0000,0x0000,0x0000,0x0020,0x0000,0x0020,0x0861,0x0000,0x2104,0x3186,0x0000,0x8430,0xdedb,
  0x31a6,0xf79e,0xbdd7,0x39c7,0xf7be,0x9cd3,0x0000,0x0000,0x0000,0x0000,0x0000,0x0000,0x0000,0x0000,0x0000,0x0000,
  0x0000,0x0000,0x0000,0x0000,0x0000,0x0000,0x0000,0x0000,0x0000,0x0000,0x0000,0x0000,0x0000,0x0000,0x0000,0x0000,
  0x0000,0x0000,0x0000,0x0000,0x0000,0x0000,0x0000,0x0000,0x0000,0x0000,0x0000,0x0000,0x0000,0x0000,0x0000,0x0000,
  0x0000,0x0000,0x0000,0x0000,0x0000,0x0000,0x0000,0x0000,0x0000,0x0000,0x0000,0x0000,0x0000,0x0000,0x0000,0x0000,
  0x0000,0x0000,0x0000,0x0000,0x0000,0x0000,0x0000,0x0000,0x0000,0x0000,0x0000,0x0000,0x0000,0x0000,0x0000,0x0000,
  0x0000,0x0000,0x0000,0x0000,0x0000,0x0000,0x0000,0x0000,0x0000,0x0000,0x0000,0x0000,0x0000,0x1082,0x2104,0x8430,
  0xffff,0x4a49,0x39e7,0x632c,0x0000,0x0020,0x0841,0x0000,0x0000,0x0000,0x0000,0x2945,0x10a2,0x0000,0x0000,0x0000,
  0x0000,0x18c3,0x0841,0x0000,0x0000,0x0000,0x0000,0x0000,0x0000,0x0000,0x0000,0x0000,0x0000,0x0000,0x0000,0x0000,
  0x0000,0x0000,0x0000,0x0000,0x0000,0x0000,0x0000,0x0000,0x0000,0x0000,0x0000,0x0000,0x0000,0x0000,0x0000,0x0000,
  0x0000,0x0000,0x0000,0x0000,0x0000,0x0000,0x0000,0x0000,0x0000,0x0000,0x0000,0x0020,0x4a69,0x10a2,0x0000,0x0000,
  0x0000,0x0020,0x18e3,0x0000,0x0000,0x0000,0x0000,0x18e3,0x3186,0x0000,0x8c71,0xd6ba,0x31a6,0xf79e,0xbdd7,0x39c7,
  0xf7be,0x9cd3,0x0000,0x0000,0x0000,0x0000,0x0000,0x0000,0x0000,0x0000,0x0000,0x0000,0x0000,0x0000,0x0000,0x0000,
  0x0000,0x0000,0x0000,0x0000,0x0000,0x0000,0x0000,0x0000,0x0000,0x0000,0x0000,0x0000,0x0000,0x0000,0x0000,0x0000,
  0x0000,0x0000,0x0000,0x0000,0x0000,0x0000,0x0000,0x0000,0x0000,0x0000,0x0000,0x0000,0x0000,0x0000,0x0000,0x0000,
  0x0000,0x0000,0x0000,0x0000,0x0000,0x0000,0x0000,0x0000,0x0000,0x0000,0x0000,0x0000,0x0000,0x0000,0x0000,0x0000,
  0x0000,0x0000,0x0000,0x0000,0x0000,0x0000,0x0000,0x0000,0x0000,0x0000,0x0000,0x0000,0x0000,0x0000,0x0000,0x0000,
  0x0000,0x0000,0x0000,0x0000,0x0000,0x0000,0x0000,0x0000,0x0000,0x0000,0x0000,0x8430,0xffff,0x4228,0x4208,0x6b6d,
  0x0000,0x0000,0x0000,0x0000,0x0000,0x0000,0x0000,0x4228,0x2124,0x0000,0x0020,0x0000,0x0000,0x4a49,0x18c3,0x0000,
  0x0000,0x0000,0x0000,0x0000,0x0000,0x0000,0x0000,0x0000,0x0000,0x0000,0x0000,0x0000,0x0000,0x0000,0x0000,0x0000,
  0x0000,0x0000,0x0000,0x0000,0x0000,0x0000,0x0000,0x0000,0x0000,0x0000,0x0000,0x0000,0x0000,0x0000,0x0000,0x0000,
  0x0000,0x0000,0x0000,0x0000,0x0000,0x0000,0x0000,0x0020,0x5acb,0x10a2,0x0000,0x1082,0x0000,0x1082,0x528a,0x0020,
  0x0000,0x0000,0x0000,0x18e3,0x2965,0x0000,0xa514,0xd69a,0x3186,0xef7d,0xbdd7,0x39c7,0xf7be,0x9cd3,0x0000,0x0000,
  0x0000,0x0000,0x0000,0x0000,0x0000,0x0000,0x0000,0x0000,0x0000,0x0000,0x0000,0x0000,0x0000,0x0000,0x0000,0x0000,
  0x0000,0x0000,0x0000,0x0000,0x0000,0x0000,0x0000,0x0000,0x0000,0x0000,0x0000,0x0000,0x0000,0x0000,0x0000,0x0000,
  0x0000,0x0000,0x0000,0x0000,0x0000,0x0000,0x0000,0x0000,0x0000,0x0000,0x0000,0x0000,0x0000,0x0000,0x0000,0x0000,
  0x0000,0x0000,0x0000,0x0000,0x0000,0x0000,0x0000,0x0000,0x0000,0x0000,0x0000,0x0000,0x0000,0x0000,0x0000,0x0000,
  0x0000,0x0000,0x0000,0x0000,0x0000,0x0000,0x0000,0x0000,0x0000,0x0000,0x0000,0x0000,0x0000,0x0000,0x0000,0x0000,
  0x0000,0x0000,0x0000,0x0000,0x0000,0x0000,0x0000,0x8430,0xffff,0x4208,0x39e7,0x7bcf,0x0000,0x0000,0x0000,0x0000,
  0x0000,0x0000,0x0000,0x4a69,0x2945,0x0000,0x1082,0x0020,0x0000,0x4a69,0x18c3,0x0000,0x0000,0x0000,0x0000,0x0000,
  0x0000,0x0000,0x0000,0x0000,0x0000,0x0000,0x0000,0x0000,0x0000,0x0000,0x0000,0x0000,0x0000,0x0000,0x0000,0x0000,
  0x0000,0x0000,0x0000,0x0000,0x0000,0x0000,0x0000,0x0000,0x0000,0x0000,0x0000,0x0000,0x0000,0x0000,0x0000,0x0000,
  0x0000,0x0000,0x0000,0x0020,0x5acb,0x10a2,0x0000,0x18c3,0x0000,0x1082,0x6b4d,0x0841,0x0000,0x0000,0x0000,0x18c3,
  0x2965,0x0000,0xb596,0xce79,0x2965,0xef5d,0xbdd7,0x39c7,0xf7be,0x9cd3,0x0000,0x0000,0x0000,0x0000,0x0000,0x0000,
  0x0000,0x0000,0x0000,0x0000,0x0000,0x0000,0x0000,0x0000,0x0000,0x0000,0x0000,0x0000,0x0000,0x0000,0x0000,0x0000,
  0x0000,0x0000,0x0000,0x0000,0x0000,0x0000,0x0000,0x0000,0x0000,0x0000,0x0000,0x0000,0x0000,0x0000,0x0000,0x0000,
  0x0000,0x0000,0x0000,0x0000,0x0000,0x0000,0x0000,0x0000,0x0000,0x0000,0x0000,0x0000,0x0000,0x0000,0x0000,0x0000,
  0x0000,0x0000,0x0000,0x0000,0x0000,0x0000,0x0000,0x0000,0x0000,0x0000,0x0000,0x0000,0x0000,0x0000,0x0000,0x0000,
  0x0000,0x0000,0x0000,0x0000,0x0000,0x0000,0x0000,0x0000,0x0000,0x0000,0x0000,0x0000,0x0000,0x0000,0x0000,0x0000,
  0x0000,0x0000,0x0000,0x7bcf,0xffff,0x4208,0x632c,0x8c71,0x0000,0x0000,0x0000,0x0000,0x0000,0x0000,0x0000,0x5acb,
  0x2965,0x0000,0x10a2,0x0020,0x0000,0x4a69,0x18c3,0x0000,0x0000,0x0000,0x0000,0x0000,0x0000,0x0000,0x0000,0x0000,
  0x0000,0x0000,0x0000,0x0000,0x0000,0x0000,0x0000,0x0000,0x0000,0x0000,0x0000,0x0000,0x0000,0x0000,0x0000,0x0000,
  0x0000,0x0000,0x0000,0x0000,0x0000,0x0000,0x0000,0x0000,0x0000,0x0000,0x0000,0x0000,0x0000,0x0000,0x0000,0x0020,
  0x52aa,0x18c3,0x0020,0x3186,0x0020,0x1082,0x738e,0x0841,0x0000,0x0000,0x0000,0x18e3,0x31a6,0x0000,0xb5b6,0xce59,
  0x2945,0xe73c,0xbdd7,0x31a6,0xf7be,0x94b2,0x0000,0x0000,0x0000,0x0000,0x0000,0x0000,0x0000,0x0000,0x0000,0x0000,
  0x0000,0x0000,0x0000,0x0000,0x0000,0x0000,0x0000,0x0000,0x0000,0x0000,0x0000,0x0000,0x0000,0x0000,0x0000,0x0000,
  0x0000,0x0000,0x0000,0x0000,0x0000,0x0000,0x0000,0x0000,0x0000,0x0000,0x0000,0x0000,0x0000,0x0000,0x0000,0x0000,
  0x0000,0x0000,0x0000,0x0000,0x0000,0x0000,0x0000,0x0000,0x0000,0x0000,0x0000,0x0000,0x0000,0x0000,0x0000,0x0000,
  0x0000,0x0000,0x0000,0x0000,0x0000,0x0000,0x0000,0x0000,0x0000,0x0000,0x0000,0x0000,0x0000,0x0000,0x0000,0x0000,
  0x0000,0x0000,0x0000,0x0000,0x0000,0x0000,0x0000,0x0000,0x0000,0x0000,0x0000,0x0000,0x0000,0x0000,0x0000,0x6b6d,
  0xffff,0x4208,0x9cf3,0xa514,0x0000,0x0020,0x0841,0x0000,0x0000,0x0000,0x0000,0x73ae,0x4a49,0x0000,0x0861,0x0020,
  0x0000,0x4a69,0x18c3,0x0000,0x0000,0x0000,0x0000,0x0000,0x0000,0x0000,0x0000,0x0000,0x0000,0x0000,0x0000,0x0000,
  0x0000,0x0000,0x0000,0x0000,0x0000,0x0000,0x0000,0x0000,0x0000,0x0000,0x0000,0x0000,0x0000,0x0000,0x0000,0x0000,
  0x0000,0x0000,0x0000,0x0000,0x0000,0x0000,0x0000,0x0000,0x0000,0x0000,0x0000,0x0000,0x39c7,0x0861,0x0020,0x5acb,
  0x0861,0x2945,0xa534,0x0841,0x0000,0x0000,0x0000,0x2124,0x4208,0x0000,0xb5b6,0xc638,0x2124,0xe73c,0xbdd7,0x31a6,
  0xf7be,0x8410,0x0000,0x0000,0x0000,0x0000,0x0000,0x0000,0x0000,0x0000,0x0000,0x0000,0x0000,0x0000,0x0000,0x0000,
  0x0000,0x0000,0x0000,0x0000,0x0000,0x0000,0x0000,0x0000,0x0000,0x0000,0x0000,0x0000,0x0000,0x0000,0x0000,0x0000,
  0x0000,0x0000,0x0000,0x0000,0x0000,0x0000,0x0000,0x0000,0x0000,0x0000,0x0000,0x0000,0x0000,0x0000,0x0000,0x0000,
  0x0000,0x0000,0x0000,0x0000,0x0000,0x0000,0x0000,0x0000,0x0000,0x0000,0x0000,0x0000,0x0000,0x0000,0x0000,0x0000,
  0x0000,0x0000,0x0000,0x0000,0x0000,0x0000,0x0000,0x0000,0x0000,0x0000,0x0000,0x0000,0x0000,0x0000,0x0000,0x0000,
  0x0000,0x0000,0x0000,0x0000,0x0000,0x0000,0x0000,0x0000,0x0000,0x0000,0x0000,0x630c,0xffff,0x4228,0x9492,0xbdd7,
  0x0020,0x0841,0x1082,0x0000,0x0000,0x0000,0x0000,0x8c51,0x630c,0x0000,0x0020,0x0000,0x0000,0x4a49,0x18c3,0x0000,
  0x0000,0x0000,0x0000,0x0000,0x0000,0x0000,0x0000,0x0000,0x0000,0x0000,0x0000,0x0000,0x0000,0x0000,0x0000,0x0000,
  0x0000,0x0000,0x0000,0x0000,0x0000,0x0000,0x0000,0x0000,0x0000,0x0000,0x0000,0x0000,0x0000,0x0000,0x0000,0x0000,
  0x0000,0x0000,0x0000,0x0000,0x0000,0x0000,0x0000,0x0000,0x0020,0x0000,0x0020,0x630c,0x0861,0x52aa,0xef7d,0x2124,
  0x0020,0x18e3,0x0000,0x3186,0x528a,0x0000,0xb5b6,0xc638,0x2124,0xe73c,0xb5b6,0x31a6,0xf79e,0x630c,0x0000,0x0000,
  0x0000,0x0000,0x0000,0x0000,0x0000,0x0000,0x0000,0x0000,0x0000,0x0000,0x0000,0x0000,0x0000,0x0000,0x0000,0x0000,
  0x0000,0x0000,0x0000,0x0000,0x0000,0x0000,0x0000,0x0000,0x0000,0x0000,0x0000,0x0000,0x0000,0x0000,0x0000,0x0000,
  0x0000,0x0000,0x0000,0x0000,0x0000,0x0000,0x0000,0x0000,0x0000,0x0000,0x0000,0x0000,0x0000,0x0000,0x0000,0x0000,
  0x0000,0x0000,0x0000,0x0000,0x0000,0x0000,0x0000,0x0000,0x0000,0x0000,0x0000,0x0000,0x0000,0x0000,0x0000,0x0000,
  0x0000,0x0000,0x0000,0x0000,0x0000,0x0000,0x0000,0x0000,0x0000,0x0000,0x0000,0x0000,0x0000,0x0000,0x0000,0x0000,
  0x0000,0x0000,0x0000,0x0000,0x0000,0x0000,0x0000,0x4a69,0xffdf,0x4228,0x738e,0xc638,0x0841,0x1082,0x2104,0x0000,
  0x0020,0x0020,0x0000,0x7bcf,0x39e7,0x0000,0x0020,0x0000,0x0000,0x2124,0x0861,0x0000,0x0020,0x0000,0x0000,0x0000,
  0x0000,0x0000,0x0000,0x0000,0x0000,0x0000,0x0000,0x0000,0x0000,0x0000,0x0000,0x0000,0x0000,0x0000,0x0000,0x0000,
  0x0000,0x0000,0x0000,0x0000,0x0000,0x0000,0x0000,0x0000,0x0000,0x0000,0x0000,0x0000,0x0000,0x0000,0x0000,0x0000,
  0x0000,0x0000,0x0000,0x0000,0x0000,0x0000,0x0020,0x4208,0x0841,0x6b6d,0xffff,0x4a49,0x1082,0x39e7,0x0000,0x39e7,
  0x630c,0x0000,0xb5b6,0xbdf7,0x18e3,0xe71c,0xad75,0x31a6,0xef7d,0x5acb,0x0000,0x0000,0x0000,0x0000,0x0000,0x0000,
  0x0000,0x0000,0x0000,0x0000,0x0000,0x0000,0x0000,0x0000,0x0000,0x0000,0x0000,0x0000,0x0000,0x0000,0x0000,0x0000,
  0x0000,0x0000,0x0000,0x0000,0x0000,0x0000,0x0000,0x0000,0x0000,0x0000,0x0000,0x0000,0x0000,0x0000,0x0000,0x0000,
  0x0000,0x0000,0x0000,0x0000,0x0000,0x0000,0x0000,0x0000,0x0000,0x0000,0x0000,0x0000,0x0000,0x0000,0x0000,0x0000,
  0x0000,0x0000,0x0000,0x0000,0x0000,0x0000,0x0000,0x0000,0x0000,0x0000,0x0000,0x0000,0x0000,0x0000,0x0000,0x0000,
  0x0000,0x0000,0x0000,0x0000,0x0000,0x0000,0x0000,0x0000,0x0000,0x0000,0x0000,0x0000,0x0000,0x0000,0x0000,0x0000,
  0x0000,0x0000,0x0000,0x4a49,0xffdf,0x4228,0x6b6d,0xc638,0x0841,0x18e3,0x3186,0x0000,0x18c3,0x18e3,0x0000,0x4a49,
  0x2104,0x0000,0x0000,0x0000,0x0000,0x0000,0x0000,0x0000,0x0020,0x0000,0x0000,0x0000,0x0000,0x0000,0x0000,0x0000,
  0x0000,0x0000,0x0000,0x0000,0x0000,0x0000,0x0000,0x0000,0x0000,0x0000,0x0000,0x0000,0x0000,0x0000,0x0000,0x0000,
  0x0000,0x0000,0x0000,0x0000,0x0000,0x0000,0x0000,0x0000,0x0000,0x0000,0x0000,0x0000,0x0000,0x0000,0x0000,0x0000,
  0x0000,0x0000,0x0000,0x0020,0x0000,0x4228,0xef7d,0x3186,0x2965,0x630c,0x0000,0x4a49,0x6b6d,0x0000,0xad75,0xb5b6,
  0x10a2,0xdefb,0xa535,0x3186,0xf79e,0x632c,0x0000,0x0000,0x0000,0x0000,0x0000,0x0000,0x0000,0x0000,0x0000,0x0000,
  0x0000,0x0000,0x0000,0x0000,0x0000,0x0000,0x0000,0x0000,0x0000,0x0000,0x0000,0x0000,0x0000,0x0000,0x0000,0x0000,
  0x0000,0x0000,0x0000,0x0000,0x0000,0x0000,0x0000,0x0000,0x0000,0x0000,0x0000,0x0000,0x0000,0x0000,0x0000,0x0000,
  0x0000,0x0000,0x0000,0x0000,0x0000,0x0000,0x0000,0x0000,0x0000,0x0000,0x0000,0x0000,0x0000,0x0000,0x0000,0x0000,
  0x0000,0x0000,0x0000,0x0000,0x0000,0x0000,0x0000,0x0000,0x0000,0x0000,0x0000,0x0000,0x0000,0x0000,0x0000,0x0000,
  0x0000,0x0000,0x0000,0x0000,0x0000,0x0000,0x0000,0x0000,0x0000,0x0000,0x0000,0x0000,0x0000,0x0000,0x0000,0x4228,
  0xf7be,0x4208,0x8410,0xc638,0x0841,0x2104,0x39e7,0x0000,0x2104,0x2965,0x0000,0x0861,0x0841,0x0000,0x0000,0x0000,
  0x0000,0x0000,0x0000,0x0000,0x0000,0x0000,0x0000,0x0000,0x0000,0x0000,0x0000,0x0000,0x0000,0x0000,0x0000,0x0000,
  0x0000,0x0000,0x0000,0x0000,0x0000,0x0000,0x0000,0x0000,0x0000,0x0000,0x0000,0x0000,0x0000,0x0000,0x0000,0x0000,
  0x0000,0x0000,0x0000,0x0000,0x0000,0x0000,0x0000,0x0000,0x0000,0x0000,0x0000,0x0000,0x0000,0x0000,0x0000,0x1082,
  0x0000,0x18e3,0x94b2,0x0841,0x4208,0x8410,0x0000,0x528a,0x7bef,0x0000,0xa534,0xad75,0x1082,0xdedb,0x9cd3,0x3186,
  0xe73c,0x4208,0x0000,0x0000,0x0000,0x0000,0x0000,0x0000,0x0000,0x0000,0x0000,0x0000,0x0000,0x0000,0x0000,0x0000,
  0x0000,0x0000,0x0000,0x0000,0x0000,0x0000,0x0000,0x0000,0x0000,0x0000,0x0000,0x0000,0x0000,0x0000,0x0000,0x0000,
  0x0000,0x0000,0x0000,0x0000,0x0000,0x0000,0x0000,0x0000,0x0000,0x0000,0x0000,0x0000,0x0000,0x0000,0x0000,0x0000,
  0x0000,0x0000,0x0000,0x0000,0x0000,0x0000,0x0000,0x0000,0x0000,0x0000,0x0000,0x0000,0x0000,0x0000,0x0000,0x0000,
  0x0000,0x0000,0x0000,0x0000,0x0000,0x0000,0x0000,0x0000,0x0000,0x0000,0x0000,0x0000,0x0000,0x0000,0x0000,0x0000,
  0x0000,0x0000,0x0000,0x0000,0x0000,0x0000,0x0000,0x0000,0x0000,0x0000,0x0000,0x4228,0xf79e,0x39c7,0x738e,0xc618,
  0x0020,0x2124,0x4a49,0x0000,0x2104,0x2965,0x0000,0x2945,0x10a2,0x0000,0x2965,0x1082,0x0000,0x0000,0x0000,0x0000,
  0x0000,0x0000,0x0000,0x0000,0x0000,0x0000,0x0000,0x0000,0x0000,0x0000,0x0000,0x0000,0x0000,0x0000,0x0000,0x0000,
  0x0000,0x0000,0x0000,0x0000,0x0000,0x0000,0x0000,0x0000,0x0000,0x0000,0x0000,0x0000,0x0000,0x0000,0x0000,0x0000,
  0x0000,0x0000,0x0000,0x0000,0x0000,0x0000,0x0000,0x0000,0x0000,0x0000,0x0841,0x630c,0x1082,0x1082,0x6b6d,0x0020,
  0x4a69,0x9cf3,0x0000,0x52aa,0x8c51,0x0000,0x9cf3,0xad55,0x0861,0xd6ba,0x8c51,0x31a6,0xc638,0x18c3,0x0000,0x0000,
  0x0000,0x0000,0x0000,0x0000,0x0000,0x0000,0x0000,0x0000,0x0000,0x0000,0x0000,0x0000,0x0000,0x0000,0x0000,0x0000,
  0x0000,0x0000,0x0000,0x0000,0x0000,0x0000,0x0000,0x0000,0x0000,0x0000,0x0000,0x0000,0x0000,0x0000,0x0000,0x0000,
  0x0000,0x0000,0x0000,0x0000,0x0000,0x0000,0x0000,0x0000,0x0000,0x0000,0x0000,0x0000,0x0000,0x0000,0x0000,0x0000,
  0x0000,0x0000,0x0000,0x0000,0x0000,0x0000,0x0000,0x0000,0x0000,0x0000,0x0000,0x0000,0x0000,0x0000,0x0000,0x0000,
  0x0000,0x0000,0x0000,0x0000,0x0000,0x0000,0x0000,0x0000,0x0000,0x0000,0x0000,0x0000,0x0000,0x0000,0x0000,0x0000,
  0x0000,0x0000,0x0000,0x0000,0x0000,0x0000,0x0000,0x4228,0xef7d,0x2965,0x5acb,0xad55,0x0000,0x2124,0x52aa,0x0000,
  0x2124,0x2965,0x0000,0x8430,0x630c,0x0841,0xa514,0x2965,0x0000,0x0000,0x0000,0x0000,0x0000,0x0000,0x0000,0x0000,
  0x0000,0x0000,0x0000,0x0000,0x0000,0x0000,0x0000,0x0000,0x0000,0x0000,0x0000,0x0000,0x0000,0x0000,0x0000,0x0000,
  0x0000,0x0000,0x0000,0x0000,0x0000,0x0000,0x0000,0x0000,0x0000,0x0000,0x0000,0x0000,0x0000,0x0000,0x0000,0x0000,
  0x0000,0x0000,0x0000,0x0000,0x0000,0x0000,0x0861,0x9cf3,0x2945,0x10a2,0x9cf3,0x0861,0x630c,0xad75,0x0000,0x52aa,
  0x8c71,0x0000,0x9cd3,0xa534,0x0841,0xd69a,0x7bef,0x39c7,0x9492,0x0020,0x0000,0x0000,0x0000,0x0000,0x0000,0x0000,
  0x0000,0x0000,0x0000,0x0000,0x0000,0x0000,0x0000,0x0000,0x0000,0x0000,0x0000,0x0000,0x0000,0x0000,0x0000,0x0000,
  0x0000,0x0000,0x0000,0x0000,0x0000,0x0000,0x0000,0x0000,0x0000,0x0000,0x0000,0x0000,0x0000,0x0000,0x0000,0x0000,
  0x0000,0x0000,0x0000,0x0000,0x0000,0x0000,0x0000,0x0000,0x0000,0x0000,0x0000,0x0000,0x0000,0x0000,0x0000,0x0000,
  0x0000,0x0000,0x0000,0x0000,0x0000,0x0000,0x0000,0x0000,0x0000,0x0000,0x0000,0x0000,0x0000,0x0000,0x0000,0x0000,
  0x0000,0x0000,0x0000,0x0000,0x0000,0x0000,0x0000,0x0000,0x0000,0x0000,0x0000,0x0000,0x0000,0x0000,0x0000,0x0000,
  0x0000,0x0000,0x0000,0x4a49,0xef5d,0x2104,0x52aa,0x94b2,0x0000,0x2945,0x632c,0x0000,0x2965,0x3186,0x0000,0xb596,
  0xc618,0x39e7,0xf79e,0x4228,0x0000,0x0000,0x0000,0x0000,0x0000,0x0000,0x0000,0x0000,0x0000,0x0000,0x0000,0x0000,
  0x0000,0x0000,0x0000,0x0000,0x0000,0x0000,0x0000,0x0000,0x0000,0x0000,0x0000,0x0000,0x0000,0x0000,0x0000,0x0000,
  0x0000,0x0000,0x0000,0x0000,0x0000,0x0000,0x0000,0x0000,0x0000,0x0000,0x0020,0x0020,0x0000,0x0000,0x0000,0x0000,
  0x52aa,0x2104,0x2945,0xdedb,0x39c7,0x2945,0xd6ba,0x2104,0x73ae,0xb5b6,0x0000,0x5acb,0x94b2,0x0000,0x9cd3,0x9cf3,
  0x0020,0xd69a,0x8410,0x2124,0x39e7,0x0000,0x0000,0x0000,0x0000,0x0000,0x0000,0x0000,0x0000,0x0000,0x0000,0x0000,
  0x0000,0x0000,0x0000,0x0000,0x0000,0x0000,0x0000,0x0000,0x0000,0x0000,0x0000,0x0000,0x0000,0x0000,0x0000,0x0000,
  0x0000,0x0000,0x0000,0x0000,0x0000,0x0000,0x0000,0x0000,0x0000,0x0000,0x0000,0x0000,0x0000,0x0000,0x0000,0x0000,
  0x0000,0x0000,0x0000,0x0000,0x0000,0x0000,0x0000,0x0000,0x0000,0x0000,0x0000,0x0000,0x0000,0x0000,0x0000,0x0000,
  0x0000,0x0000,0x0000,0x0000,0x0000,0x0000,0x0000,0x0000,0x0000,0x0000,0x0000,0x0000,0x0000,0x0000,0x0000,0x0000,
  0x0000,0x0000,0x0000,0x0000,0x0000,0x0000,0x0000,0x0000,0x0000,0x0000,0x0000,0x0000,0x0000,0x0000,0x0000,0x4a69,
  0xe71c,0x18c3,0x528a,0x9cd3,0x0000,0x4208,0x738e,0x0000,0x31a6,0x3186,0x0000,0x6b6d,0xce79,0x31a6,0xe71c,0x39c7,
  0x0000,0x31a6,0x0020,0x0000,0x0000,0x0000,0x0000,0x0000,0x0000,0x0000,0x0000,0x0000,0x0000,0x0000,0x0000,0x0000,
  0x0000,0x0000,0x0000,0x0000,0x0000,0x0000,0x0000,0x0000,0x0000,0x0000,0x0000,0x0000,0x0000,0x0000,0x0000,0x0000,
  0x0000,0x0000,0x0000,0x0000,0x0000,0x0000,0x0841,0x0841,0x0000,0x0000,0x0000,0x0000,0xa514,0x8c71,0x738e,0xffff,
  0x630c,0x39e7,0xe73c,0x2104,0x73ae,0xbdf7,0x0000,0x5acb,0x9cf3,0x0000,0xa514,0x9492,0x0000,0xce59,0x9cd3,0x0000,
  0x0000,0x0000,0x0000,0x0000,0x0000,0x0000,0x0000,0x0000,0x0000,0x0000,0x0000,0x0000,0x0000,0x0000,0x0000,0x0000,
  0x0000,0x0000,0x0000,0x0000,0x0000,0x0000,0x0000,0x0000,0x0000,0x0000,0x0000,0x0000,0x0000,0x0000,0x0000,0x0000,
  0x0000,0x0000,0x0000,0x0000,0x0000,0x0000,0x0000,0x0000,0x0000,0x0000,0x0000,0x0000,0x0000,0x0000,0x0000,0x0000,
  0x0000,0x0000,0x0000,0x0000,0x0000,0x0000,0x0000,0x0000,0x0000,0x0000,0x0000,0x0000,0x0000,0x0000,0x0000,0x0000,
  0x0000,0x0000,0x0000,0x0000,0x0000,0x0000,0x0000,0x0000,0x0000,0x0000,0x0000,0x0000,0x0000,0x0000,0x0000,0x0000,
  0x0000,0x0000,0x0000,0x0000,0x0000,0x0000,0x0000,0x0000,0x0000,0x0000,0x0000,0x4208,0xd69a,0x18c3,0x52aa,0xbdd7,
  0x0020,0x528a,0x7bef,0x0000,0x39e7,0x39c7,0x0000,0x528a,0x5acb,0x0020,0x9cf3,0x4a49,0x18c3,0x73ae,0x0841,0x0000,
  0x0000,0x0000,0x0000,0x0000,0x0000,0x0000,0x0000,0x0000,0x0000,0x0000,0x0000,0x0000,0x0000,0x0000,0x0000,0x0000,
  0x0000,0x0000,0x0000,0x0000,0x0000,0x0000,0x0000,0x0000,0x0000,0x0000,0x0000,0x0000,0x0000,0x0000,0x0000,0x0000,
  0x0000,0x0000,0x0000,0x0000,0x0000,0x4a49,0x2104,0x0861,0xbdf7,0x52ab,0x8c71,0xffff,0x4208,0x5acb,0xef5d,0x18e3,
  0x630c,0xbdf7,0x0000,0x5aeb,0xa514,0x0000,0xad55,0x9492,0x0000,0xce59,0xa514,0x0000,0x0000,0x0000,0x0000,0x0000,
  0x0000,0x0000,0x0000,0x0000,0x0000,0x0000,0x0000,0x0000,0x0000,0x0000,0x0000,0x0000,0x0000,0x0000,0x0000,0x0000,
  0x0000,0x0000,0x0000,0x0000,0x0000,0x0000,0x0000,0x0000,0x0000,0x0000,0x0000,0x0000,0x0000,0x0000,0x0000,0x0000,
  0x0000,0x0000,0x0000,0x0000,0x0000,0x0000,0x0000,0x0000,0x0000,0x0000,0x0000,0x0000,0x0000,0x0000,0x0000,0x0000,
  0x0000,0x0000,0x0000,0x0000,0x0000,0x0000,0x0000,0x0000,0x0000,0x0000,0x0000,0x0000,0x0000,0x0000,0x0000,0x0000,
  0x0000,0x0000,0x0000,0x0000,0x0000,0x0000,0x0000,0x0000,0x0000,0x0000,0x0000,0x0000,0x0000,0x0000,0x0000,0x0000,
  0x0000,0x0000,0x0000,0x0000,0x0000,0x0000,0x0000,0x18c3,0xad55,0x18e3,0x52aa,0xce79,0x0862,0x5acb,0x8430,0x0000,
  0x4a69,0x4a69,0x0000,0x9492,0x4228,0x0000,0x39c7,0x738e,0x0841,0x4a49,0x0861,0x0000,0x0841,0x0000,0x0000,0x0000,
  0x0000,0x0000,0x0000,0x0000,0x0000,0x0000,0x0000,0x0000,0x0000,0x0000,0x0000,0x0000,0x0000,0x0000,0x0000,0x0000,
  0x0000,0x0000,0x0000,0x0000,0x0000,0x0000,0x0000,0x0000,0x0000,0x0000,0x0000,0x0000,0x0000,0x0000,0x0000,0x0000,
  0x0000,0xad55,0xad75,0x632c,0xbdf7,0x0841,0x528a,0xef7d,0x3186,0x52aa,0xef5d,0x18e3,0x4a49,0xb596,0x0000,0x630c,
  0xad55,0x0000,0xb596,0x9492,0x0020,0xbdf7,0x4a69,0x0000,0x0000,0x0000,0x0000,0x0000,0x0000,0x0000,0x0000,0x0000,
  0x0000,0x0000,0x0000,0x0000,0x0000,0x0000,0x0000,0x0000,0x0000,0x0000,0x0000,0x0000,0x0000,0x0000,0x0000,0x0000,
  0x0000,0x0000,0x0000,0x0000,0x0000,0x0000,0x0000,0x0000,0x0000,0x0000,0x0000,0x0000,0x0000,0x0000,0x0000,0x0000,
  0x0000,0x0000,0x0000,0x0000,0x0000,0x0000,0x0000,0x0000,0x0000,0x0000,0x0000,0x0000,0x0000,0x0000,0x0000,0x0000,
  0x0000,0x0000,0x0000,0x0000,0x0000,0x0000,0x0000,0x0000,0x0000,0x0000,0x0000,0x0000,0x0000,0x0000,0x0000,0x0000,
  0x0000,0x0000,0x0000,0x0000,0x0000,0x0000,0x0000,0x0000,0x0000,0x0000,0x0000,0x0000,0x0000,0x0000,0x0000,0x0000,
  0x0000,0x0000,0x0000,0x0020,0x7bcf,0x2124,0x52aa,0xd6ba,0x1082,0x630c,0x8c51,0x0000,0x632c,0x5aeb,0x0020,0xc638,
  0x6b6d,0x0000,0x18c3,0x4a49,0x0841,0x3186,0x0841,0x0020,0x2104,0x0000,0x0000,0x0000,0x0000,0x0000,0x0000,0x0000,
  0x0000,0x0000,0x0000,0x0000,0x0000,0x0000,0x0000,0x0000,0x0000,0x0000,0x0000,0x0000,0x0000,0x0000,0x0000,0x0000,
  0x0000,0x0000,0x0000,0x0000,0x0000,0x0000,0x0000,0x0000,0x0000,0x0000,0x0000,0x0000,0x1082,0xce59,0xdedb,0x8430,
  0x4228,0x0000,0x2124,0xdefb,0x3186,0x4a69,0xe73c,0x18e3,0x4a49,0xad75,0x0000,0x6b4d,0xb5b6,0x0020,0xb5b6,0x9492,
  0x0861,0x73ae,0x0861,0x0000,0x0000,0x0000,0x0000,0x0000,0x0000,0x0000,0x0000,0x0000,0x0000,0x0000,0x0000,0x0000,
  0x0000,0x0000,0x0000,0x0000,0x0000,0x0000,0x0000,0x0000,0x0000,0x0000,0x0000,0x0000,0x0000,0x0000,0x0000,0x0000,
  0x0000,0x0000,0x0000,0x0000,0x0000,0x0000,0x0000,0x0000,0x0000,0x0000,0x0000,0x0000,0x0000,0x0000,0x0000,0x0000,
  0x0000,0x0000,0x0000,0x0000,0x0000,0x0000,0x0000,0x0000,0x0000,0x0000,0x0000,0x0000,0x0000,0x0000,0x0000,0x0000,
  0x0000,0x0000,0x0000,0x0000,0x0000,0x0000,0x0000,0x0000,0x0000,0x0000,0x0000,0x0000,0x0000,0x0000,0x0000,0x0000,
  0x0000,0x0000,0x0000,0x0000,0x0000,0x0000,0x0000,0x0000,0x0000,0x0000,0x0000,0x0000,0x0000,0x0000,0x0000,0x0000,
  0x31a6,0x18c3,0x52aa,0xef5d,0x18e3,0x738e,0x9cf3,0x0000,0x73ae,0x738e,0x0000,0xc618,0x8430,0x0000,0x738e,0x18e3,
  0x0861,0x6b6d,0x0861,0x0020,0x31a6,0x0020,0x0861,0x2104,0x0000,0x0000,0x0000,0x0000,0x0000,0x0000,0x0000,0x0000,
  0x0000,0x0000,0x0000,0x0000,0x0000,0x0000,0x0000,0x0000,0x0000,0x0000,0x0000,0x0000,0x0000,0x0000,0x0000,0x0000,
  0x0000,0x0000,0x0000,0x0000,0x0000,0x0000,0x0000,0x0000,0x0020,0xb5b6,0xdefb,0x2124,0x5aeb,0x18c3,0x3186,0xef5d,
  0x3186,0x52aa,0xe71c,0x18c3,0x4228,0xa534,0x0000,0x738e,0xbdf7,0x0841,0xbdd7,0x94b2,0x0020,0x10a2,0x0000,0x0000,
  0x0000,0x0000,0x0000,0x0000,0x0000,0x0000,0x0000,0x0000,0x0000,0x0000,0x0000,0x0000,0x0000,0x0000,0x0000,0x0000,
  0x0000,0x0000,0x0000,0x0000,0x0000,0x0000,0x0000,0x0000,0x0000,0x0000,0x0000,0x0000,0x0000,0x0000,0x0000,0x0000,
  0x0000,0x0000,0x0000,0x0000,0x0000,0x0000,0x0000,0x0000,0x0000,0x0000,0x0000,0x0000,0x0000,0x0000,0x0000,0x0000,
  0x0000,0x0000,0x0000,0x0000,0x0000,0x0000,0x0000,0x0000,0x0000,0x0000,0x0000,0x0000,0x0000,0x0000,0x0000,0x0000,
  0x0000,0x0000,0x0000,0x0000,0x0000,0x0000,0x0000,0x0000,0x0000,0x0000,0x0000,0x0000,0x0000,0x0000,0x0000,0x0000,
  0x0000,0x0000,0x0000,0x0000,0x0000,0x0000,0x0000,0x0000,0x0000,0x0000,0x0000,0x0000,0x0000,0x0000,0x52aa,0xef7d,
  0x2124,0x9492,0xad75,0x0000,0x8410,0x7bef,0x0000,0xc618,0x9492,0x0861,0xc618,0x39c7,0x2104,0xdedb,0x31a6,0x0020,
  0x5aeb,0x0841,0x39c7,0x8410,0x0000,0x0000,0x0000,0x0000,0x0000,0x0000,0x0000,0x0000,0x0000,0x0000,0x0000,0x0000,
  0x0000,0x0000,0x0000,0x0000,0x0000,0x0000,0x0000,0x0000,0x0000,0x0000,0x0000,0x0000,0x0000,0x0000,0x0000,0x0000,
  0x0000,0x0000,0x39c7,0x5acb,0x0861,0x9cd3,0x8c71,0x0841,0xad75,0x4208,0x4228,0xf7be,0x3186,0x52aa,0xe71c,0x18c3,
  0x4228,0xa534,0x0000,0x7bef,0xbdf7,0x0020,0xb5b6,0xb596,0x0000,0x0000,0x0000,0x0000,0x0000,0x0000,0x0000,0x0000,
  0x0000,0x0000,0x0000,0x0000,0x0000,0x0000,0x0000,0x0000,0x0000,0x0000,0x0000,0x0000,0x0000,0x0000,0x0000,0x0000,
  0x0000,0x0000,0x0000,0x0000,0x0000,0x0000,0x0000,0x0000,0x0000,0x0000,0x0000,0x0000,0x0000,0x0000,0x0000,0x0000,
  0x0000,0x0000,0x0000,0x0000,0x0000,0x0000,0x0000,0x0000,0x0000,0x0000,0x0000,0x0000,0x0000,0x0000,0x0000,0x0000,
  0x0000,0x0000,0x0000,0x0000,0x0000,0x0000,0x0000,0x0000,0x0000,0x0000,0x0000,0x0000,0x0000,0x0000,0x0000,0x0000,
  0x0000,0x0000,0x0000,0x0000,0x0000,0x0000,0x0000,0x0000,0x0000,0x0000,0x0000,0x0000,0x0000,0x0000,0x0000,0x0000,
  0x0000,0x0000,0x0000,0x0000,0x0000,0x0000,0x0000,0x0000,0x0000,0x0000,0x52aa,0xe71c,0x10a2,0xa534,0xbdd7,0x0000,
  0x94b2,0x9492,0x0000,0xc618,0x94b2,0x1082,0xdefb,0x52aa,0x0861,0xd6ba,0x8c71,0x10a2,0xdedb,0x632c,0x8410,0xe71c,
  0x2104,0x0841,0x18c3,0x0000,0x0020,0x0020,0x0000,0x0000,0x0000,0x0000,0x0000,0x0000,0x0000,0x0000,0x0000,0x0000,
  0x0000,0x0000,0x0000,0x0000,0x0000,0x0000,0x0000,0x0000,0x0000,0x0000,0x0000,0x0020,0x0020,0x0000,0x6b6d,0xe73c,
  0x4208,0x738e,0x2124,0x18c3,0xdefb,0x528a,0x4208,0xf79e,0x3186,0x4a49,0xdedb,0x10a2,0x4228,0xa534,0x0000,0x8430,
  0xbdf7,0x0000,0xb5b6,0xc618,0x0861,0x0000,0x0000,0x0000,0x0000,0x0000,0x0000,0x0000,0x0000,0x0000,0x0000,0x0000,
  0x0000,0x0000,0x0000,0x0000,0x0000,0x0000,0x0000,0x0000,0x0000,0x0000,0x0000,0x0000,0x0000,0x0000,0x0000,0x0000,
  0x0000,0x0000,0x0000,0x0000,0x0000,0x0000,0x0000,0x0000,0x0000,0x0000,0x0000,0x0000,0x0000,0x0000,0x0000,0x0000,
  0x0000,0x0000,0x0000,0x0000,0x0000,0x0000,0x0000,0x0000,0x0000,0x0000,0x0000,0x0000,0x0000,0x0000,0x0000,0x0000,
  0x0000,0x0000,0x0000,0x0000,0x0000,0x0000,0x0000,0x0000,0x0000,0x0000,0x0000,0x0000,0x0000,0x0000,0x0000,0x0000,
  0x0000,0x0000,0x0000,0x0000,0x0000,0x0000,0x0000,0x0000,0x0000,0x0000,0x0000,0x0000,0x0000,0x0000,0x0000,0x0000,
  0x0000,0x0000,0x0000,0x0000,0x0000,0x0000,0x52aa,0xe71c,0x18c3,0xad75,0xc618,0x0841,0xa534,0xa514,0x0020,0xc638,
  0x94b2,0x18c3,0xef5d,0x630c,0x1082,0xc618,0x8410,0x7bcf,0xe71c,0x73ae,0xbdd7,0xffff,0x5aeb,0x73ae,0xad55,0x18c3,
  0x6b4d,0x5aeb,0x0000,0x0000,0x0000,0x0000,0x0000,0x0000,0x0000,0x0000,0x0000,0x0000,0x0000,0x0000,0x0000,0x0000,
  0x0000,0x1082,0x3186,0x0000,0x0000,0x0000,0x0000,0x4228,0x5acb,0x0000,0xa514,0xe73c,0x18e3,0x8410,0x528a,0x18e3,
  0xef5d,0x52aa,0x4208,0xf79e,0x3186,0x39c7,0xd6ba,0x1082,0x4a49,0xad55,0x0000,0x8c51,0xb5b6,0x0020,0xc638,0xd69a,
  0x0861,0x0000,0x0000,0x0000,0x0000,0x0000,0x0000,0x0000,0x0000,0x0000,0x0000,0x0000,0x0000,0x0000,0x0000,0x0000,
  0x0000,0x0000,0x0000,0x0000,0x0000,0x0000,0x0000,0x0000,0x0000,0x0000,0x0000,0x0000,0x0000,0x0000,0x0000,0x0000,
  0x0000,0x0000,0x0000,0x0000,0x0000,0x0000,0x0000,0x0000,0x0000,0x0000,0x0000,0x0000,0x0000,0x0000,0x0000,0x0000,
  0x0000,0x0000,0x0000,0x0000,0x0000,0x0000,0x0000,0x0000,0x0000,0x0000,0x0000,0x0000,0x0000,0x0000,0x0000,0x0000,
  0x0000,0x0000,0x0000,0x0000,0x0000,0x0000,0x0000,0x0000,0x0000,0x0000,0x0000,0x0000,0x0000,0x0000,0x0000,0x0000,
  0x0000,0x0000,0x0000,0x0000,0x0000,0x0000,0x0000,0x0000,0x0000,0x0000,0x0000,0x0000,0x0000,0x0000,0x0000,0x0000,
  0x0000,0x0000,0x52aa,0xf79e,0x2965,0xb596,0xce59,0x0861,0xad55,0xa534,0x0841,0xd69a,0xa514,0x2104,0xef7d,0x738e,
  0x2104,0xce79,0x2124,0x73ae,0xbdf7,0x2104,0xbdf7,0xffff,0x738e,0x94b2,0xce59,0x39e7,0xce79,0xad75,0x0020,0x0000,
  0x0841,0x0000,0x4a49,0x2124,0x0000,0x39c7,0x18e3,0x0000,0x2945,0x0020,0x0841,0x6b4d,0x18e3,0x630c,0xe71c,0x2124,
  0x2104,0x632c,0x0020,0x94b2,0xb596,0x10a2,0xce79,0x9cd3,0x0841,0xb5b6,0x7bcf,0x18e3,0xef5d,0x52aa,0x4208,0xf79e,
  0x3186,0x39c7,0xce79,0x1082,0x4a69,0xb596,0x0000,0x8c71,0xbdd7,0x0841,0xce79,0xdedb,0x1082,0x0000,0x0000,0x0000,
  0x0000,0x0000,0x0000,0x0000,0x0000,0x0000,0x0000,0x0000,0x0000,0x0000,0x0000,0x0000,0x0000,0x0000,0x0000,0x0000,
  0x0000,0x0000,0x0000,0x0000,0x0000,0x0000,0x0000,0x0000,0x0000,0x0000,0x0000,0x0000,0x0000,0x0000,0x0000,0x0000,
  0x0000,0x0000,0x0000,0x0000,0x0000,0x0000,0x0000,0x0000,0x0000,0x0000,0x0000,0x0000,0x0000,0x0000,0x0000,0x0000,
  0x0000,0x0000,0x0000,0x0000,0x0000,0x0000,0x0000,0x0000,0x0000,0x0000,0x0000,0x0000,0x0000,0x0000,0x0000,0x0000,
  0x0000,0x0000,0x0000,0x0000,0x0000,0x0000,0x0000,0x0000,0x0000,0x0000,0x0000,0x0000,0x0000,0x0000,0x0000,0x0000,
  0x0000,0x0000,0x0000,0x0000,0x0000,0x0000,0x0000,0x0000,0x0000,0x0000,0x0000,0x0000,0x0000,0x0000,0x632c,0xffdf,
  0x39c7,0xb5b6,0xce79,0x1082,0xb5b6,0xa534,0x0841,0xd69a,0xa534,0x2124,0xf79e,0x7bef,0x39c7,0xffdf,0x738e,0x6b6d,
  0xf79e,0x39c7,0xb5b6,0xffff,0x8c51,0xad55,0x9cf3,0x4228,0xd69a,0xdefb,0x18c3,0x0841,0x52aa,0x0861,0xc618,0x738e,
  0x0000,0x73ae,0x4228,0x0861,0xbdf7,0x2965,0x10a2,0xe71c,0x4a69,0x94b2,0xffff,0x528a,0x2945,0xce59,0x2124,0xbdf7,
  0xd6ba,0x2104,0xad55,0x4a49,0x10a2,0xdefb,0x8430,0x2124,0xf79e,0x6b4d,0x4208,0xf79e,0x3186,0x39c7,0xce79,0x0861,
  0x4a49,0xbdf7,0x0000,0x9492,0xce59,0x10a2,0xd69a,0xd69a,0x1082,0x0000,0x0000,0x0000,0x0000,0x0000,0x0000,0x0000,
  0x0000,0x0000,0x0000,0x0000,0x0000,0x0000,0x0000,0x0000,0x0000,0x0000,0x0000,0x0000,0x0000,0x0000,0x0000,0x0000,
  0x0000,0x0000,0x0000,0x0000,0x0000,0x0000,0x0000,0x0000,0x0000,0x0000,0x0000,0x0000,0x0000,0x0000,0x0000,0x0000,
  0x0000,0x0000,0x0000,0x0000,0x0000,0x0000,0x0000,0x0000,0x0000,0x0000,0x0000,0x0000,0x0000,0x0000,0x0000,0x0000,
  0x0000,0x0000,0x0000,0x0000,0x0000,0x0000,0x0000,0x0000,0x0000,0x0000,0x0000,0x0000,0x0000,0x0000,0x0000,0x0000,
  0x0000,0x0000,0x0000,0x0000,0x0000,0x0000,0x0000,0x0000,0x0000,0x0000,0x0000,0x0000,0x0000,0x0000,0x0000,0x0000,
  0x0000,0x0000,0x0000,0x0000,0x0000,0x0000,0x0000,0x0000,0x0000,0x0000,0x7bef,0xffff,0x4208,0xb596,0xd69a,0x1082,
  0xbdd7,0xad55,0x0861,0xd6ba,0xa514,0x2104,0xf79e,0x8c71,0x4228,0xffff,0x9cd3,0x9cf3,0xffff,0x6b6d,0xa534,0xffff,
  0x8430,0xb5b6,0x8c51,0x18c3,0xc618,0xf7be,0x2965,0x0000,0x39c7,0x18e3,0xe71c,0xad75,0x0000,0x73ae,0x4a49,0x2945,
  0xf7be,0x5acb,0x0861,0xe71c,0x4a69,0x94b2,0xffff,0x528a,0x2945,0xd69a,0x2965,0xbdf7,0xef5d,0x2104,0x52aa,0x6b6d,
  0x2104,0xef7d,0x8c71,0x2965,0xf7be,0x73ae,0x4208,0xf79e,0x3186,0x31a6,0xce79,0x0861,0x4a49,0xce59,0x0841,0x94b2,
  0xdefb,0x2945,0xe71c,0xa534,0x0020,0x0000,0x0000,0x0000,0x0000,0x0000,0x0000,0x0000,0x0000,0x0000,0x0000,0x0000,
  0x0000,0x0000,0x0000,0x0000,0x0000,0x0000,0x0000,0x0000,0x0000,0x0000,0x0000,0x0000,0x0000,0x0000,0x0000,0x0000,
  0x0000,0x0000,0x0000,0x0000,0x0000,0x0000,0x0000,0x0000,0x0000,0x0000,0x0000,0x0000,0x0000,0x0000,0x0000,0x0000,
  0x0000,0x0000,0x0000,0x0000,0x0000,0x0000,0x0000,0x0000,0x0000,0x0000,0x0000,0x0000,0x0000,0x0000,0x0000,0x0000,
  0x0000,0x0000,0x0000,0x0000,0x0000,0x0000,0x0000,0x0000,0x0000,0x0000,0x0000,0x0000,0x0000,0x0000,0x0000,0x0000,
  0x0000,0x0000,0x0000,0x0000,0x0000,0x0000,0x0000,0x0000,0x0000,0x0000,0x0000,0x0000,0x0000,0x0000,0x0000,0x0000,
  0x0000,0x0000,0x0000,0x0000,0x0000,0x0000,0x94b2,0xffff,0x4228,0xb596,0xdefb,0x1082,0xbdf7,0xad75,0x0861,0xd6ba,
  0x9cd3,0x2104,0xf79e,0x8c71,0x4a49,0xffff,0x8c71,0x9cd3,0xffff,0x738e,0x9cd3,0xffff,0x6b6d,0x4a49,0x6b4d,0x0841,
  0xce59,0xf79e,0x2945,0x0000,0x0000,0x2104,0xef5d,0xbdd7,0x0000,0x7bcf,0x528a,0x31a6,0xffff,0x5aeb,0x1082,0xd6bb,
  0x39e7,0x8430,0xffdf,0x31a6,0x2945,0xd6ba,0x39e7,0xd69a,0xf7be,0x2965,0x94b2,0xb596,0x18c3,0xef5d,0x9492,0x2965,
  0xf7be,0x6b4d,0x4208,0xf79e,0x3186,0x31a6,0xd69a,0x1082,0x52aa,0xd6ba,0x0861,0x9cd3,0xef5d,0x31a6,0xdedb,0x4a49,
  0x0000,0x0000,0x0000,0x0000,0x0000,0x0000,0x0000,0x0000,0x0000,0x0000,0x0000,0x0000,0x0000,0x0000,0x0000,0x0000,
  0x0000,0x0000,0x0000,0x0000,0x0000,0x0000,0x0000,0x0000,0x0000,0x0000,0x0000,0x0000,0x0000,0x0000,0x0000,0x0000,
  0x0000,0x0000,0x0000,0x0000,0x0000,0x0000,0x0000,0x0000,0x0000,0x0000,0x0000,0x0000,0x0000,0x0000,0x0000,0x0000,
  0x0000,0x0000,0x0000,0x0000,0x0000,0x0000,0x0000,0x0000,0x0000,0x0000,0x0000,0x0000,0x0000,0x0000,0x0000,0x0000,
  0x0000,0x0000,0x0000,0x0000,0x0000,0x0000,0x0000,0x0000,0x0000,0x0000,0x0000,0x0000,0x0000,0x0000,0x0000,0x0000,
  0x0000,0x0000,0x0000,0x0000,0x0000,0x0000,0x0000,0x0000,0x0000,0x0000,0x0000,0x0000,0x0000,0x0000,0x0000,0x0000,
  0x0000,0x0000,0x9cd3,0xffff,0x4208,0xb596,0xef5d,0x18e3,0xc618,0xb596,0x0861,0xd6ba,0x94b2,0x18c3,0xef5d,0x7bef,
  0x4228,0xffff,0x8430,0x8410,0xffff,0x738e,0x7bcf,0xffdf,0x4208,0x4208,0x6b4d,0x10a2,0xdefb,0xe71c,0x18c3,0x0000,
  0x0000,0x31a6,0xffdf,0xbdd7,0x0000,0x7bcf,0x6b4d,0x31a6,0xffdf,0x4a49,0x10a2,0xce79,0x3186,0x7bef,0xdedb,0x1082,
  0x2124,0xe71c,0x8410,0xef5d,0xf79e,0x39c7,0xc618,0xbdd7,0x18c3,0xe73c,0x9492,0x2104,0xef7d,0x5aeb,0x4208,0xf79e,
  0x3186,0x4228,0xdefb,0x18c3,0x632c,0xdefb,0x1082,0x9cf3,0xffdf,0x528a,0x6b4d,0x0020,0x0000,0x0000,0x0000,0x0000,
  0x0000,0x0000,0x0000,0x0000,0x0000,0x0000,0x0000,0x0000,0x0000,0x0000,0x0000,0x0000,0x0000,0x0000,0x0000,0x0000,
  0x0000,0x0000,0x0000,0x0000,0x0000,0x0000,0x0000,0x0000,0x0000,0x0000,0x0000,0x0000,0x0000,0x0000,0x0000,0x0000,
  0x0000,0x0000,0x0000,0x0000,0x0000,0x0000,0x0000,0x0000,0x0000,0x0000,0x0000,0x0000,0x0000,0x0000,0x0000,0x0000,
  0x0000,0x0000,0x0000,0x0000,0x0000,0x0000,0x0000,0x0000,0x0000,0x0000,0x0000,0x0000,0x0000,0x0000,0x0000,0x0000,
  0x0000,0x0000,0x0000,0x0000,0x0000,0x0000,0x0000,0x0000,0x0000,0x0000,0x0000,0x0000,0x0000,0x0000,0x0000,0x0000,
  0x0000,0x0000,0x0000,0x0000,0x0000,0x0000,0x0000,0x0000,0x0000,0x0000,0x0000,0x0000,0x0000,0x0000,0x528a,0xffdf,
  0x4228,0xad75,0xf79e,0x2945,0xd69a,0xbdf7,0x1082,0xd6ba,0x9492,0x1082,0xe73c,0x73ae,0x39c7,0xffff,0x7bcf,0x6b6d,
  0xffff,0x738e,0x52aa,0xbdd7,0x0861,0x9492,0xc618,0x2104,0xe71c,0xdedb,0x18c3,0x0861,0x0020,0x52aa,0xffff,0xb596,
  0x0000,0x5aeb,0x8c51,0x4a69,0xef7d,0x2124,0x10a2,0xd6ba,0x4a49,0x9492,0xa514,0x0000,0x2945,0xef5d,0xb596,0xf7be,
  0xce59,0x2104,0xd69a,0xbdf7,0x18c3,0xe71c,0x8430,0x2104,0xef5d,0x52aa,0x4228,0xf7be,0x2965,0x52aa,0xe73c,0x18e3,
  0x6b4d,0xef5d,0x10a2,0xa534,0xffff,0x4208,0x0000,0x0000,0x0000,0x0000,0x0000,0x0000,0x0000,0x0000,0x0000,0x0000,
  0x0000,0x0000,0x0000,0x0000,0x0000,0x0000,0x0000,0x0000,0x0000,0x0000,0x0000,0x0000,0x0000,0x0000,0x0000,0x0000,
  0x0000,0x0000,0x0000,0x0000,0x0000,0x0000,0x0000,0x0000,0x0000,0x0000,0x0000,0x0000,0x0000,0x0000,0x0000,0x0000,
  0x0000,0x0000,0x0000,0x0000,0x0000,0x0000,0x0000,0x0000,0x0000,0x0000,0x0000,0x0000,0x0000,0x0000,0x0000,0x0000,
  0x0000,0x0000,0x0000,0x0000,0x0000,0x0000,0x0000,0x0000,0x0000,0x0000,0x0000,0x0000,0x0000,0x0000,0x0000,0x0000,
  0x0000,0x0000,0x0000,0x0000,0x0000,0x0000,0x0000,0x0000,0x0000,0x0000,0x0000,0x0000,0x0000,0x0000,0x0000,0x0000,
  0x0000,0x0000,0x0000,0x0000,0x0000,0x0000,0x0000,0x0000,0x0000,0x0000,0x0861,0xad55,0x4a69,0xb5b6,0xf7be,0x39c7,
  0xe71c,0xce59,0x1082,0xd6ba,0x9492,0x0861,0xe71c,0x8410,0x39c7,0xffff,0x738e,0x630c,0xffff,0x6b6d,0x8c51,0xe71c,
  0x3186,0xc638,0xef5d,0x2945,0xb5b6,0xd6ba,0x18c3,0x8c71,0x73ae,0x3186,0xef7d,0x8c71,0x0000,0x2965,0x4208,0x9cf3,
  0xd6ba,0x0841,0x10a2,0xe71c,0xad75,0xd69a,0x9cd3,0x0000,0x39c7,0xf79e,0x94b2,0xf7be,0xad75,0x10a2,0xd69a,0xbdf7,
  0x18e3,0xe71c,0x73ae,0x18e3,0xef5d,0x528a,0x4a49,0xffdf,0x31a6,0x5aeb,0xef7d,0x2104,0x73ae,0xf7be,0x2124,0xc638,
  0xe73c,0x18e3,0x0000,0x0000,0x0000,0x0000,0x0000,0x0000,0x0000,0x0000,0x0000,0x0000,0x0000,0x0000,0x0000,0x0000,
  0x0000,0x0000,0x0000,0x0000,0x0000,0x0000,0x0000,0x0000,0x0000,0x0000,0x0000,0x0000,0x0000,0x0000,0x0000,0x0000,
  0x0000,0x0000,0x0000,0x0000,0x0000,0x0000,0x0000,0x0000,0x0000,0x0000,0x0000,0x0000,0x0000,0x0000,0x0000,0x0000,
  0x0000,0x0000,0x0000,0x0000,0x0000,0x0000,0x0000,0x0000,0x0000,0x0000,0x0000,0x0000,0x0000,0x0000,0x0000,0x0000,
  0x0000,0x0000,0x0000,0x0000,0x0000,0x0000,0x0000,0x0000,0x0000,0x0000,0x0000,0x0000,0x0000,0x0000,0x0000,0x0000,
  0x0000,0x0000,0x0000,0x0000,0x0000,0x0000,0x0000,0x0000,0x0000,0x0000,0x0000,0x0000,0x0000,0x0000,0x0000,0x0000,
  0x0000,0x0000,0x0000,0x0000,0x0000,0x0000,0x0000,0x2945,0x3186,0xce59,0xf7be,0x4208,0xe71c,0xdedb,0x10a2,0xdedb,
  0x9492,0x0861,0xe71c,0x94b2,0x4208,0xffff,0x738e,0x630c,0xffff,0x6b6d,0x9cd3,0xffff,0x632c,0xc618,0xffdf,0x31a6,
  0x8430,0xef7d,0x738e,0xffdf,0xe71c,0x2945,0xc638,0xbdd7,0x52aa,0xd69a,0x52aa,0x7bcf,0xf79e,0x7bef,0x9492,0xf79e,
  0x5aeb,0x8410,0xf79e,0x4a69,0x7bcf,0xe71c,0x528a,0xffff,0xbdf7,0x18c3,0xd69a,0xbdf7,0x18c3,0xe71c,0x7bcf,0x2124,
  0xf79e,0x52aa,0x4a69,0xffff,0x4a49,0x632c,0xf7be,0x2124,0x8410,0xffff,0x4a69,0xdefb,0x6b6d,0x0000,0x0000,0x0000,
  0x0000,0x0000,0x0000,0x0000,0x0000,0x0000,0x0000,0x0000,0x0000,0x0000,0x0000,0x0000,0x0000,0x0000,0x0000,0x0000,
  0x0000,0x0000,0x0000,0x0000,0x0000,0x0000,0x0000,0x0000,0x0000,0x0000,0x0000,0x0000,0x0000,0x0000,0x0000,0x0000,
  0x0000,0x0000,0x0000,0x0000,0x0000,0x0000,0x0000,0x0000,0x0000,0x0000,0x0000,0x0000,0x0000,0x0000,0x0000,0x0000,
  0x0000,0x0000,0x0000,0x0000,0x0000,0x0000,0x0000,0x0000,0x0000,0x0000,0x0000,0x0000,0x0000,0x0000,0x0000,0x0000,
  0x0000,0x0000,0x0000,0x0000,0x0000,0x0000,0x0000,0x0000,0x0000,0x0000,0x0000,0x0000,0x0000,0x0000,0x0000,0x0000,
  0x0000,0x0000,0x0000,0x0000,0x0000,0x0000,0x0000,0x0000,0x0000,0x0000,0x0000,0x0000,0x0000,0x0000,0x0000,0x0000,
  0x0000,0x0000,0x0000,0x0000,0x10a2,0xdedb,0xf7be,0x4228,0xe71c,0xe71c,0x2124,0xe73c,0x9cd3,0x18c3,0xef5d,0x9cd3,
  0x4a69,0xffff,0x738e,0x630c,0xffff,0x6b6d,0x94b2,0xffff,0x632c,0xc618,0xffff,0x6b4d,0xd6ba,0xffff,0xad55,0xffff,
  0xef7d,0x8c51,0xffdf,0xffdf,0xef5d,0xffff,0xbdd7,0x8c71,0xffff,0xd69a,0xdedb,0xe73c,0x39e7,0xad75,0xffff,0x9492,
  0xd6ba,0xc638,0x2945,0xdedb,0xd69a,0x2104,0xd69a,0xbdd7,0x10a2,0xe73c,0x8c51,0x39e7,0xffdf,0x5aeb,0x4a69,0xffff,
  0x5aeb,0x632c,0xffff,0x2945,0x94b2,0xffff,0x8410,0x8410,0x0861,0x0000,0x0000,0x0000,0x0000,0x0000,0x0000,0x0000,
  0x0000,0x0000,0x0000,0x0000,0x0000,0x0000,0x0000,0x0000,0x0000,0x0000,0x0000,0x0000,0x0000,0x0000,0x0000,0x0000,
  0x0000,0x0000,0x0000,0x0000,0x0000,0x0000,0x0000,0x0000,0x0000,0x0000,0x0000,0x0000,0x0000,0x0000,0x0000,0x0000,
  0x0000,0x0000,0x0000,0x0000,0x0000,0x0000,0x0000,0x0000,0x0000,0x0000,0x0000,0x0000,0x0000,0x0000,0x0000,0x0000,
  0x0000,0x0000,0x0000,0x0000,0x0000,0x0000,0x0000,0x0000,0x0000,0x0000,0x0000,0x0000,0x0000,0x0000,0x0000,0x0000,
  0x0000,0x0000,0x0000,0x0000,0x0000,0x0000,0x0000,0x0000,0x0000,0x0000,0x0000,0x0000,0x0000,0x0000,0x0000,0x0000,
  0x0000,0x0000,0x0000,0x0000,0x0000,0x0000,0x0000,0x0000,0x0000,0x0000,0x0000,0x0000,0x0000,0x0000,0x0000,0x0000,
  0x0861,0xbdf7,0xffdf,0x4208,0xe71c,0xe71c,0x31a6,0xf79e,0xa534,0x2124,0xf79e,0x738e,0x2124,0xef5d,0x73ae,0x630c,
  0xffff,0x6b4d,0x9492,0xffff,0x630c,0xbdf7,0xffff,0x7bcf,0xef7d,0xffdf,0x9cf3,0xffdf,0xef7d,0x94b2,0xffff,0xef5d,
  0xad75,0xffff,0xffff,0xffff,0xffff,0xc618,0xc638,0xffff,0xd69a,0xef7d,0xffff,0x8c71,0xdefb,0xe73c,0x2124,0x9492,
  0xdefb,0x2124,0xd69a,0xb596,0x18c3,0xef7d,0x94b2,0x4208,0xffff,0x5aeb,0x4a69,0xffff,0x5aeb,0x6b4d,0xffff,0x4a49,
  0xb596,0xffff,0x8410,0x0000,0x0000,0x0000,0x0000,0x0000,0x0000,0x0000,0x0000,0x0000,0x0000,0x0000,0x0000,0x0000,
  0x0000,0x0000,0x0000,0x0000,0x0000,0x0000,0x0000,0x0000,0x0000,0x0000,0x0000,0x0000,0x0000,0x0000,0x0000,0x0000,
  0x0000,0x0000,0x0000,0x0000,0x0000,0x0000,0x0000,0x0000,0x0000,0x0000,0x0000,0x0000,0x0000,0x0000,0x0000,0x0000,
  0x0000,0x0000,0x0000,0x0000,0x0000,0x0000,0x0000,0x0000,0x0000,0x0000,0x0000,0x0000,0x0000,0x0000,0x0000,0x0000,
  0x0000,0x0000,0x0000,0x0000,0x0000,0x0000,0x0000,0x0000,0x0000,0x0000,0x0000,0x0000,0x0000,0x0000,0x0000,0x0000,
  0x0000,0x0000,0x0000,0x0000,0x0000,0x0000,0x0000,0x0000,0x0000,0x0000,0x0000,0x0000,0x0000,0x0000,0x0000,0x0000,
  0x0000,0x0000,0x0000,0x0000,0x0000,0x0000,0x0000,0x0000,0x0000,0x0000,0x0000,0x0000,0x0000,0x4a49,0xef5d,0x4a49,
  0xe71c,0xdefb,0x39c7,0xffdf,0xad75,0x2965,0xf79e,0x5acb,0x0000,0x8430,0x738e,0x630c,0xffff,0x632c,0x8410,0xffff,
  0x528a,0xb596,0xffff,0x6b4d,0xe73c,0xf7be,0x7bef,0xf79e,0xef5d,0x8430,0xffff,0xdefb,0x8c51,0xffff,0xffdf,0xf7be,
  0xffff,0xad55,0xad75,0xffff,0xa534,0xce59,0xffff,0x8410,0xd6ba,0xffff,0x738e,0xce79,0xdefb,0x2124,0xce79,0xad75,
  0x18e3,0xf79e,0x9cd3,0x39c7,0xffdf,0x5acb,0x4a69,0xffff,0x630c,0x738e,0xffff,0x632c,0xc638,0xef7d,0x2965,0x0000,
  0x0000,0x0000,0x0000,0x0000,0x0000,0x0000,0x0000,0x0000,0x0000,0x0000,0x0000,0x0000,0x0000,0x0000,0x0000,0x0000,
  0x0000,0x0000,0x0000,0x0000,0x0000,0x0000,0x0000,0x0000,0x0000,0x0000,0x0000,0x0000,0x0000,0x0000,0x0000,0x0000,
  0x0000,0x0000,0x0000,0x0000,0x0000,0x0000,0x0000,0x0000,0x0000,0x0000,0x0000,0x0000,0x0000,0x0000,0x0000,0x0000,
  0x0000,0x0000,0x0000,0x0000,0x0000,0x0000,0x0000,0x0000,0x0000,0x0000,0x0000,0x0000,0x0000,0x0000,0x0000,0x0000,
  0x0000,0x0000,0x0000,0x0000,0x0000,0x0000,0x0000,0x0000,0x0000,0x0000,0x0000,0x0000,0x0000,0x0000,0x0000,0x0000,
  0x0000,0x0000,0x0000,0x0000,0x0000,0x0000,0x0000,0x0000,0x0000,0x0000,0x0000,0x0000,0x0000,0x0000,0x0000,0x0000,
  0x0000,0x0000,0x0000,0x0000,0x0000,0x0000,0x0000,0x0000,0x0000,0x0000,0x4a69,0x4a69,0xef7d,0xdefb,0x39c7,0xf7be,
  0xb596,0x3186,0xf7be,0x5acb,0x0000,0x4208,0x52aa,0x5aeb,0xffff,0x632c,0x7bcf,0xffff,0x39c7,0xa534,0xffdf,0x4208,
  0xd6ba,0xef5d,0x4208,0xe73c,0xd6ba,0x5acb,0xffff,0xbdf7,0x52aa,0xffff,0xd6ba,0xb596,0xffff,0x8c71,0x8c51,0xffff,
  0x8410,0xb5b6,0xffff,0x73ae,0xce79,0xffff,0x8430,0xef5d,0xdedb,0x2124,0xce59,0xad55,0x2124,0xef7d,0x632c,0x2104,
  0xef7d,0x52aa,0x4a69,0xffff,0x632c,0x73ae,0xffff,0x8c71,0xc638,0x630c,0x0000,0x0000,0x0000,0x0000,0x0000,0x0000,
  0x0000,0x0000,0x0000,0x0000,0x0000,0x0000,0x0000,0x0000,0x0000,0x0000,0x0000,0x0000,0x0000,0x0000,0x0000,0x0000,
  0x0000,0x0000,0x0000,0x0000,0x0000,0x0000,0x0000,0x0000,0x0000,0x0000,0x0000,0x0000,0x0000,0x0000,0x0000,0x0000,
  0x0000,0x0000,0x0000,0x0000,0x0000,0x0000,0x0000,0x0000,0x0000,0x0000,0x0000,0x0000,0x0000,0x0000,0x0000,0x0000,
  0x0000,0x0000,0x0000,0x0000,0x0000,0x0000,0x0000,0x0000,0x0000,0x0000,0x0000,0x0000,0x0000,0x0000,0x0000,0x0000,
  0x0000,0x0000,0x0000,0x0000,0x0000,0x0000,0x0000,0x0000,0x0000,0x0000,0x0000,0x0000,0x0000,0x0000,0x0000,0x0000,
  0x0000,0x0000,0x0000,0x0000,0x0000,0x0000,0x0000,0x0000,0x0000,0x0000,0x0000,0x0000,0x0000,0x0000,0x0000,0x0000,
  0x0000,0x0000,0x0000,0x0000,0x0000,0x0000,0x0000,0x2124,0xf79e,0xdefb,0x31a6,0xf7be,0xb5b6,0x31a6,0xffff,0x632c,
  0x0000,0x5aeb,0x4a49,0x5acb,0xffff,0x630c,0x73ae,0xf7be,0x2945,0x9492,0xf79e,0x3186,0xce59,0xd6ba,0x2104,0xce79,
  0xad75,0x2124,0xef7d,0x8c71,0x2965,0xffff,0xb596,0x7bef,0xffff,0x73ae,0x7bcf,0xffff,0x52aa,0xa534,0xffff,0x5aeb,
  0xbdd7,0xffff,0x5aeb,0xe73c,0xd6ba,0x2104,0xc638,0xad75,0x2104,0x738e,0x1082,0x18e3,0xe71c,0x52aa,0x4a49,0xffff,
  0x6b6d,0x8c51,0xffff,0xa534,0x4208,0x0000,0x0000,0x0000,0x0000,0x0000,0x0000,0x0000,0x0000,0x0000,0x0000,0x0000,
  0x0000,0x0000,0x0000,0x0000,0x0000,0x0000,0x0000,0x0000,0x0000,0x0000,0x0000,0x0000,0x0000,0x0000,0x0000,0x0000,
  0x0000,0x0000,0x0000,0x0000,0x0000,0x0000,0x0000,0x0000,0x0000,0x0000,0x0000,0x0000,0x0000,0x0000,0x0000,0x0000,
  0x0000,0x0000,0x0000,0x0000,0x0000,0x0000,0x0000,0x0000,0x0000,0x0000,0x0000,0x0000,0x0000,0x0000,0x0000,0x0000,
  0x0000,0x0000,0x0000,0x0000,0x0000,0x0000,0x0000,0x0000,0x0000,0x0000,0x0000,0x0000,0x0000,0x0000,0x0000,0x0000,
  0x0000,0x0000,0x0000,0x0000,0x0000,0x0000,0x0000,0x0000,0x0000,0x0000,0x0000,0x0000,0x0000,0x0000,0x0000,0x0000,
  0x0000,0x0000,0x0000,0x0000,0x0000,0x0000,0x0000,0x0000,0x0000,0x0000,0x0000,0x0000,0x0000,0x0000,0x0000,0x0000,
  0x0000,0x0000,0x0000,0x0000,0x8c71,0xef5d,0x4208,0xffdf,0xb596,0x39c7,0xffff,0x7bef,0x0020,0xb596,0x4a49,0x5acb,
  0xffff,0x5aeb,0x738e,0xef5d,0x2104,0x8430,0xe73c,0x2124,0xbdd7,0xc638,0x0841,0xb596,0x94b2,0x0861,0xd69a,0x7bcf,
  0x2124,0xf7be,0x9cd3,0x632c,0xffff,0x6b4d,0x6b6d,0xffff,0x4a69,0x9cf3,0xffff,0x4228,0xad55,0xffdf,0x4208,0xdedb,
  0xd6ba,0x2104,0xce59,0xad55,0x0020,0x0000,0x0000,0x18e3,0xdefb,0x6b4d,0x4a69,0xffff,0x7bcf,0xa534,0xffff,0x632c,
  0x0000,0x0000,0x0000,0x0000,0x0000,0x0000,0x0000,0x0000,0x0000,0x0000,0x0000,0x0000,0x0000,0x0000,0x0000,0x0000,
  0x0000,0x0000,0x0000,0x0000,0x0000,0x0000,0x0000,0x0000,0x0000,0x0000,0x0000,0x0000,0x0000,0x0000,0x0000,0x0000,
  0x0000,0x0000,0x0000,0x0000,0x0000,0x0000,0x0000,0x0000,0x0000,0x0000,0x0000,0x0000,0x0000,0x0000,0x0000,0x0000,
  0x0000,0x0000,0x0000,0x0000,0x0000,0x0000,0x0000,0x0000,0x0000,0x0000,0x0000,0x0000,0x0000,0x0000,0x0000,0x0000,
  0x0000,0x0000,0x0000,0x0000,0x0000,0x0000,0x0000,0x0000,0x0000,0x0000,0x0000,0x0000,0x0000,0x0000,0x0000,0x0000,
  0x0000,0x0000,0x0000,0x0000,0x0000,0x0000,0x0000,0x0000,0x0000,0x0000,0x0000,0x0000,0x0000,0x0000,0x0000,0x0000,
  0x0000,0x0000,0x0000,0x0000,0x0000,0x0000,0x0000,0x0000,0x0000,0x0000,0x0000,0x0000,0x0000,0x0000,0x0000,0x0000,
  0x0861,0x9492,0x5aeb,0xffff,0xad75,0x39c7,0xffff,0x8c71,0x2965,0xf79e,0x4a69,0x5acb,0xffff,0x5acb,0x6b6d,0xe73c,
  0x2104,0x8430,0xdefb,0x10a2,0xa534,0xbdd7,0x0020,0xad75,0x94b2,0x0000,0xbdd7,0x73ae,0x18e3,0xef7d,0x8410,0x52aa,
  0xffff,0x6b4d,0x6b4d,0xffff,0x4a69,0x9cd3,0xffff,0x39e7,0xa514,0xffdf,0x39c7,0xc618,0xce59,0x18c3,0xce59,0xa534,
  0x0020,0x4228,0x18c3,0x18e3,0xe71c,0x7bcf,0x5acb,0xffff,0xa514,0xbdf7,0x9cd3,0x0841,0x0000,0x0000,0x0000,0x0000,
  0x0000,0x0000,0x0000,0x0000,0x0000,0x0000,0x0000,0x0000,0x0000,0x0000,0x0000,0x0000,0x0000,0x0000,0x0000,0x0000,
  0x0000,0x0000,0x0000,0x0000,0x0000,0x0000,0x0000,0x0000,0x0000,0x0000,0x0000,0x0000,0x0000,0x0000,0x0000,0x0000,
  0x0000,0x0000,0x0000,0x0000,0x0000,0x0000,0x0000,0x0000,0x0000,0x0000,0x0000,0x0000,0x0000,0x0000,0x0000,0x0000,
  0x0000,0x0000,0x0000,0x0000,0x0000,0x0000,0x0000,0x0000,0x0000,0x0000,0x0000,0x0000,0x0000,0x0000,0x0000,0x0000,
  0x0000,0x0000,0x0000,0x0000,0x0000,0x0000,0x0000,0x0000,0x0000,0x0000,0x0000,0x0000,0x0000,0x0000,0x0000,0x0000,
  0x0000,0x0000,0x0000,0x0000,0x0000,0x0000,0x0000,0x0000,0x0000,0x0000,0x0000,0x0000,0x0000,0x0000,0x0000,0x0000,
  0x0000,0x0000,0x0000,0x0000,0x0000,0x0000,0x0000,0x0000,0x0000,0x0000,0x0000,0x0000,0x0000,0x0020,0x528a,0xffff,
  0xb596,0x3186,0xffff,0x9492,0x4208,0xffff,0x630c,0x5acb,0xffff,0x5acb,0x6b6d,0xe71c,0x18e3,0x8430,0xdedb,0x1082,
  0x9cf3,0xbdd7,0x0020,0xad75,0x94b2,0x0020,0xb5b6,0x73ae,0x18e3,0xef7d,0x6b6d,0x4208,0xffff,0x632c,0x6b4d,0xffff,
  0x4a69,0x9492,0xffff,0x4208,0xad75,0xf7be,0x31a6,0xbdd7,0xbdf7,0x1082,0xce59,0xa514,0x0861,0xb5b6,0x4a69,0x18e3,
  0xef7d,0x8410,0x6b4d,0xffff,0xbdf7,0x52aa,0x1082,0x0000,0x0000,0x0000,0x0000,0x0000,0x0000,0x0000,0x0000,0x0000,
  0x0000,0x0000,0x0000,0x0000,0x0000,0x0000,0x0000,0x0000,0x0000,0x0000,0x0000,0x0000,0x0000,0x0000,0x0000,0x0000,
  0x0000,0x0000,0x0000,0x0000,0x0000,0x0000,0x0000,0x0000,0x0000,0x0000,0x0000,0x0000,0x0000,0x0000,0x0000,0x0000,
  0x0000,0x0000,0x0000,0x0000,0x0000,0x0000,0x0000,0x0000,0x0000,0x0000,0x0000,0x0000,0x0000,0x0000,0x0000,0x0000,
  0x0000,0x0000,0x0000,0x0000,0x0000,0x0000,0x0000,0x0000,0x0000,0x0000,0x0000,0x0000,0x0000,0x0000,0x0000,0x0000,
  0x0000,0x0000,0x0000,0x0000,0x0000,0x0000,0x0000,0x0000,0x0000,0x0000,0x0000,0x0000,0x0000,0x0000,0x0000,0x0000,
  0x0000,0x0000,0x0000,0x0000,0x0000,0x0000,0x0000,0x0000,0x0000,0x0000,0x0000,0x0000,0x0000,0x0000,0x0000,0x0000,
  0x0000,0x0000,0x0000,0x0000,0x0000,0x0000,0x0000,0x0000,0x0000,0x0000,0x0861,0xad75,0xce79,0x39e7,0xffff,0x94b2,
  0x4a49,0xffff,0x6b6d,0x5aeb,0xffff,0x52aa,0x6b6d,0xe71c,0x18e3,0x8430,0xd6ba,0x0861,0x9cf3,0xbdd7,0x0000,0xad75,
  0x94b2,0x0000,0xbdd7,0x7bcf,0x2104,0xf79e,0x6b6d,0x31a6,0xffff,0x5aeb,0x6b4d,0xffff,0x4a49,0x8430,0xffff,0x4228,
  0xb596,0xef7d,0x2965,0xbdd7,0xbdf7,0x10a2,0xc638,0x9cf3,0x18c3,0xd6ba,0x6b4d,0x2945,0xffdf,0x8c71,0x8430,0xffff,
  0x7bcf,0x0000,0x0000,0x0000,0x0000,0x0000,0x0000,0x0000,0x0000,0x0000,0x0000,0x0000,0x0000,0x0000,0x0000,0x0000,
  0x0000,0x0000,0x0000,0x0000,0x0000,0x0000,0x0000,0x0000,0x0000,0x0000,0x0000,0x0000,0x0000,0x0000,0x0000,0x0000,
  0x0000,0x0000,0x0000,0x0000,0x0000,0x0000,0x0000,0x0000,0x0000,0x0000,0x0000,0x0000,0x0000,0x0000,0x0000,0x0000,
  0x0000,0x0000,0x0000,0x0000,0x0000,0x0000,0x0000,0x0000,0x0000,0x0000,0x0000,0x0000,0x0000,0x0000,0x0000,0x0000,
  0x0000,0x0000,0x0000,0x0000,0x0000,0x0000,0x0000,0x0000,0x0000,0x0000,0x0000,0x0000,0x0000,0x0000,0x0000,0x0000,
  0x0000,0x0000,0x0000,0x0000,0x0000,0x0000,0x0000,0x0000,0x0000,0x0000,0x0000,0x0000,0x0000,0x0000,0x0000,0x0000,
  0x0000,0x0000,0x0000,0x0000,0x0000,0x0000,0x0000,0x0000,0x0000,0x0000,0x0000,0x0000,0x0000,0x0000,0x0000,0x0000,
  0x0000,0x0000,0x0000,0x0000,0x0000,0x0000,0x0000,0x18e3,0x94b2,0x5aeb,0xffff,0x9cd3,0x4a49,0xffff,0x738e,0x5aeb,
  0xffff,0x4a69,0x6b6d,0xe71c,0x18e3,0x8430,0xd6ba,0x0861,0x9cf3,0xb5b6,0x0000,0xb596,0x94b2,0x0020,0xce59,0x7bef,
  0x2104,0xf79e,0x6b6d,0x31a6,0xffff,0x52aa,0x632c,0xffff,0x4a49,0x8410,0xffff,0x4208,0xad75,0xef5d,0x2945,0xbdd7,
  0xbdd7,0x10a2,0xc638,0x9cd3,0x18c3,0xdedb,0x8430,0x4208,0xffff,0xad55,0xa534,0xa534,0x0841,0x0000,0x0000,0x0000,
  0x0000,0x0000,0x0000,0x0000,0x0000,0x0000,0x0000,0x0000,0x0000,0x0000,0x0000,0x0000,0x0000,0x0000,0x0000,0x0000,
  0x0000,0x0000,0x0000,0x0000,0x0000,0x0000,0x0000,0x0000,0x0000,0x0000,0x0000,0x0000,0x0000,0x0000,0x0000,0x0000,
  0x0000,0x0000,0x0000,0x0000,0x0000,0x0000,0x0000,0x0000,0x0000,0x0000,0x0000,0x0000,0x0000,0x0000,0x0000,0x0000,
  0x0000,0x0000,0x0000,0x0000,0x0000,0x0000,0x0000,0x0000,0x0000,0x0000,0x0000,0x0000,0x0000,0x0000,0x0000,0x0000,
  0x0000,0x0000,0x0000,0x0000,0x0000,0x0000,0x0000,0x0000,0x0000,0x0000,0x0000,0x0000,0x0000,0x0000,0x0000,0x0000,
  0x0000,0x0000,0x0000,0x0000,0x0000,0x0000,0x0000,0x0000,0x0000,0x0000,0x0000,0x0000,0x0000,0x0000,0x0000,0x0000,
  0x0000,0x0000,0x0000,0x0000,0x0000,0x0000,0x0000,0x0000,0x0000,0x0000,0x0000,0x0000,0x0000,0x0000,0x0000,0x0000,
  0x0000,0x0000,0x0000,0x0000,0x0861,0x73ae,0xffff,0x9cf3,0x4a49,0xffff,0x738e,0x630c,0xffff,0x4a49,0x6b6d,0xe73c,
  0x18e3,0x8430,0xd69a,0x0861,0x9cf3,0xb5b6,0x0000,0xb5b6,0x94b2,0x0861,0xd6ba,0x7bef,0x2104,0xf79e,0x6b6d,0x31a6,
  0xffff,0x5acb,0x5aeb,0xffff,0x4228,0x8410,0xffdf,0x31a6,0xa514,0xef5d,0x2945,0xbdd7,0xb5b6,0x1082,0xc618,0x9cd3,
  0x18e3,0xdefb,0x94b2,0x528a,0xffff,0xc638,0x630c,0x18e3,0x0000,0x0000,0x0000,0x0000,0x0000,0x0000,0x0000,0x0000,
  0x0000,0x0000,0x0000,0x0000,0x0000,0x0000,0x0000,0x0000,0x0000,0x0000,0x0000,0x0000,0x0000,0x0000,0x0000,0x0000,
  0x0000,0x0000,0x0000,0x0000,0x0000,0x0000,0x0000,0x0000,0x0000,0x0000,0x0000,0x0000,0x0000,0x0000,0x0000,0x0000,
  0x0000,0x0000,0x0000,0x0000,0x0000,0x0000,0x0000,0x0000,0x0000,0x0000,0x0000,0x0000,0x0000,0x0000,0x0000,0x0000,
  0x0000,0x0000,0x0000,0x0000,0x0000,0x0000,0x0000,0x0000,0x0000,0x0000,0x0000,0x0000,0x0000,0x0000,0x0000,0x0000,
  0x0000,0x0000,0x0000,0x0000,0x0000,0x0000,0x0000,0x0000,0x0000,0x0000,0x0000,0x0000,0x0000,0x0000,0x0000,0x0000,
  0x0000,0x0000,0x0000,0x0000,0x0000,0x0000,0x0000,0x0000,0x0000,0x0000,0x0000,0x0000,0x0000,0x0000,0x0000,0x0000,
  0x0000,0x0000,0x0000,0x0000,0x0000,0x0000,0x0000,0x0000,0x0000,0x0000,0x0000,0x0000,0x0000,0x0000,0x0000,0x0000,
  0x0000,0x2965,0xef5d,0xa534,0x4a49,0xffff,0x738e,0x630c,0xffff,0x4a49,0x6b6d,0xe73c,0x2104,0x8430,0xce59,0x0841,
  0x9cf3,0xad55,0x0000,0xbdf7,0x94b2,0x1082,0xdefb,0x7bef,0x2104,0xef7d,0x632c,0x31a6,0xffff,0x5acb,0x5aeb,0xffff,
  0x4208,0x8410,0xf7be,0x3186,0x9cd3,0xef7d,0x2945,0xbdd7,0xb5b6,0x1082,0xc618,0x94b2,0x18c3,0xe71c,0xa534,0x5acb,
  0xffff,0xb596,0x0020,0x0000,0x0000,0x0000,0x0000,0x0000,0x0000,0x0000,0x0000,0x0000,0x0000,0x0000,0x0000,0x0000,
  0x0000,0x0000,0x0000,0x0000,0x0000,0x0000,0x0000,0x0000,0x0000,0x0000,0x0000,0x0000,0x0000,0x0000,0x0000,0x0000,
  0x0000,0x0000,0x0000,0x0000,0x0000,0x0000,0x0000,0x0000,0x0000,0x0000,0x0000,0x0000,0x0000,0x0000,0x0000,0x0000,
  0x0000,0x0000,0x0000,0x0000,0x0000,0x0000,0x0000,0x0000,0x0000,0x0000,0x0000,0x0000,0x0000,0x0000,0x0000,0x0000,
  0x0000,0x0000,0x0000,0x0000,0x0000,0x0000,0x0000,0x0000,0x0000,0x0000,0x0000,0x0000,0x0000,0x0000,0x0000,0x0000,
  0x0000,0x0000,0x0000,0x0000,0x0000,0x0000,0x0000,0x0000,0x0000,0x0000,0x0000,0x0000,0x0000,0x0000,0x0000,0x0000,
  0x0000,0x0000,0x0000,0x0000,0x0000,0x0000,0x0000,0x0000,0x0000,0x0000,0x0000,0x0000,0x0000,0x0000,0x0000,0x0000,
  0x0000,0x0000,0x0000,0x0000,0x0000,0x0000,0x0000,0x0000,0x0000,0x0000,0x0000,0x0000,0x0000,0x0000,0x5aeb,0xa534,
  0x52aa,0xffff,0x738e,0x630c,0xffff,0x4a49,0x6b4d,0xef5d,0x2124,0x8430,0xbdd7,0x0000,0x9492,0xad55,0x0000,0xc618,
  0x94b2,0x10a2,0xdefb,0x7bcf,0x2104,0xef7d,0x632c,0x31a6,0xffff,0x630c,0x6b6d,0xffff,0x4228,0x8410,0xf7be,0x3186,
  0x9cd3,0xef7d,0x2945,0xb5b6,0xbdf7,0x1082,0xc618,0x9cd3,0x18c3,0xe71c,0xbdf7,0x6b6d,0xf7be,0x4228,0x0000,0x0000,
  0x0000,0x0000,0x0000,0x0000,0x0000,0x0000,0x0000,0x0000,0x0000,0x0000,0x0000,0x0000,0x0000,0x0000,0x0000,0x0000,
  0x0000,0x0000,0x0000,0x0000,0x0000,0x0000,0x0000,0x0000,0x0000,0x0000,0x0000,0x0000,0x0000,0x0000,0x0000,0x0000,
  0x0000,0x0000,0x0000,0x0000,0x0000,0x0000,0x0000,0x0000,0x0000,0x0000,0x0000,0x0000,0x0000,0x0000,0x0000,0x0000,
  0x0000,0x0000,0x0000,0x0000,0x0000,0x0000,0x0000,0x0000,0x0000,0x0000,0x0000,0x0000,0x0000,0x0000,0x0000,0x0000,
  0x0000,0x0000,0x0000,0x0000,0x0000,0x0000,0x0000,0x0000,0x0000,0x0000,0x0000,0x0000,0x0000,0x0000,0x0000,0x0000,
  0x0000,0x0000,0x0000,0x0000,0x0000,0x0000,0x0000,0x0000,0x0000,0x0000,0x0000,0x0000,0x0000,0x0000,0x0000,0x0000,
  0x0000,0x0000,0x0000,0x0000,0x0000,0x0000,0x0000,0x0000,0x0000,0x0000,0x0000,0x0000,0x0000,0x0000,0x0000,0x0000,
  0x0000,0x0000,0x0000,0x0000,0x0000,0x0000,0x0000,0x0000,0x0000,0x0000,0x0000,0x2124,0x738e,0xffff,0x73ae,0x630c,
  0xffff,0x4a69,0x6b4d,0xef5d,0x2124,0x8430,0xbdf7,0x0000,0x9492,0xad55,0x0000,0xc618,0x94b2,0x10a2,0xdefb,0x7bcf,
  0x2124,0xf79e,0x6b6d,0x31a6,0xffff,0x738e,0x7bef,0xffff,0x4a69,0x8410,0xffdf,0x3186,0x9cd3,0xef7d,0x2945,0xb5b6,
  0xbdf7,0x1082,0xc618,0xa534,0x2945,0xef7d,0xc618,0x8410,0x8c71,0x0000,0x0000,0x0000,0x0000,0x0000,0x0000,0x0000,
  0x0000,0x0000,0x0000,0x0000,0x0000,0x0000,0x0000,0x0000,0x0000,0x0000,0x0000,0x0000,0x0000,0x0000,0x0000,0x0000,
  0x0000,0x0000,0x0000,0x0000,0x0000,0x0000,0x0000,0x0000,0x0000,0x0000,0x0000,0x0000,0x0000,0x0000,0x0000,0x0000,
  0x0000,0x0000,0x0000,0x0000,0x0000,0x0000,0x0000,0x0000,0x0000,0x0000,0x0000,0x0000,0x0000,0x0000,0x0000,0x0000,
  0x0000,0x0000,0x0000,0x0000,0x0000,0x0000,0x0000,0x0000,0x0000,0x0000,0x0000,0x0000,0x0000,0x0000,0x0000,0x0000,
  0x0000,0x0000,0x0000,0x0000,0x0000,0x0000,0x0000,0x0000,0x0000,0x0000,0x0000,0x0000,0x0000,0x0000,0x0000,0x0000,
  0x0000,0x0000,0x0000,0x0000,0x0000,0x0000,0x0000,0x0000,0x0000,0x0000,0x0000,0x0000,0x0000,0x0000,0x0000,0x0000,
  0x0000,0x0000,0x0000,0x0000,0x0000,0x0000,0x0000,0x0000,0x0000,0x0000,0x0000,0x0000,0x0000,0x0000,0x0000,0x0000,
  0x0000,0x0000,0x0000,0x0000,0x0000,0x0000,0x0000,0x0000,0x528a,0xffff,0x7bcf,0x630c,0xffff,0x528a,0x6b4d,0xf79e,
  0x2945,0x8430,0xd6ba,0x1082,0xa514,0xbdf7,0x0841,0xc638,0x94b2,0x10a2,0xdefb,0x7bef,0x2945,0xffdf,0x8430,0x31a6,
  0xffff,0x6b6d,0x7bef,0xffff,0x5aeb,0x8c71,0xffdf,0x31a6,0x9cf3,0xef7d,0x2945,0xb5b6,0xc618,0x1082,0xce59,0xad75,
  0x39e7,0xffdf,0xce79,0x4a49,0x10a2,0x0000,0x0000,0x0000,0x0000,0x0000,0x0000,0x0000,0x0000,0x0000,0x0000,0x0000,
  0x0000,0x0000,0x0000,0x0000,0x0000,0x0000,0x0000,0x0000,0x0000,0x0000,0x0000,0x0000,0x0000,0x0000,0x0000,0x0000,
  0x0000,0x0000,0x0000,0x0000,0x0000,0x0000,0x0000,0x0000,0x0000,0x0000,0x0000,0x0000,0x0000,0x0000,0x0000,0x0000,
  0x0000,0x0000,0x0000,0x0000,0x0000,0x0000,0x0000,0x0000,0x0000,0x0000,0x0000,0x0000,0x0000,0x0000,0x0000,0x0000,
  0x0000,0x0000,0x0000,0x0000,0x0000,0x0000,0x0000,0x0000,0x0000,0x0000,0x0000,0x0000,0x0000,0x0000,0x0000,0x0000,
  0x0000,0x0000,0x0000,0x0000,0x0000,0x0000,0x0000,0x0000,0x0000,0x0000,0x0000,0x0000,0x0000,0x0000,0x0000,0x0000,
  0x0000,0x0000,0x0000,0x0000,0x0000,0x0000,0x0000,0x0000,0x0000,0x0000,0x0000,0x0000,0x0000,0x0000,0x0000,0x0000,
  0x0000,0x0000,0x0000,0x0000,0x0000,0x0000,0x0000,0x0000,0x0000,0x0000,0x0000,0x0000,0x0000,0x0000,0x0000,0x0000,
  0x0000,0x0000,0x0000,0x0000,0x0861,0xc618,0x8c51,0x630c,0xffff,0x5acb,0x6b4d,0xf79e,0x2945,0x8c51,0xef5d,0x2124,
  0xbdd7,0xce59,0x18c3,0xce79,0x94b2,0x1082,0xe71c,0x8410,0x2945,0xffff,0x94b2,0x4a49,0xffff,0x6b6d,0x7bef,0xffff,
  0x738e,0xa514,0xffff,0x39c7,0xa514,0xef7d,0x2945,0xbdd7,0xc638,0x10a2,0xce79,0xc618,0x4a49,0xffff,0xd69a,0x1082,
  0x0000,0x0000,0x0000,0x0000,0x0000,0x0000,0x0000,0x0000,0x0000,0x0000,0x0000,0x0000,0x0000,0x0000,0x0000,0x0000,
  0x0000,0x0000,0x0000,0x0000,0x0000,0x0000,0x0000,0x0000,0x0000,0x0000,0x0000,0x0000,0x0000,0x0000,0x0000,0x0000,
  0x0000,0x0000,0x0000,0x0000,0x0000,0x0000,0x0000,0x0000,0x0000,0x0000,0x0000,0x0000,0x0000,0x0000,0x0000,0x0000,
  0x0000,0x0000,0x0000,0x0000,0x0000,0x0000,0x0000,0x0000,0x0000,0x0000,0x0000,0x0000,0x0000,0x0000,0x0000,0x0000,
  0x0000,0x0000,0x0000,0x0000,0x0000,0x0000,0x0000,0x0000,0x0000,0x0000,0x0000,0x0000,0x0000,0x0000,0x0000,0x0000,
  0x0000,0x0000,0x0000,0x0000,0x0000,0x0000,0x0000,0x0000,0x0000,0x0000,0x0000,0x0000,0x0000,0x0000,0x0000,0x0000,
  0x0000,0x0000,0x0000,0x0000,0x0000,0x0000,0x0000,0x0000,0x0000,0x0000,0x0000,0x0000,0x0000,0x0000,0x0000,0x0000,
  0x0000,0x0000,0x0000,0x0000,0x0000,0x0000,0x0000,0x0000,0x0000,0x0000,0x0000,0x0000,0x0000,0x0000,0x0000,0x0000,
  0x0000,0x3186,0x7bcf,0x8430,0xffff,0x5aeb,0x6b4d,0xf7be,0x2965,0x94b2,0xf79e,0x3186,0xce59,0xdedb,0x2124,0xd69a,
  0xa534,0x18c3,0xe73c,0x9cf3,0x4228,0xffff,0xa514,0x632c,0xffff,0x7bcf,0x8410,0xffff,0x73ae,0xad75,0xffff,0x4208,
  0xa534,0xef5d,0x2945,0xbdd7,0xd69a,0x18e3,0xd69a,0xd69a,0x52aa,0xffff,0x7bcf,0x0000,0x0000,0x0000,0x0000,0x0000,
  0x0000,0x0000,0x0000,0x0000,0x0000,0x0000,0x0000,0x0000,0x0000,0x0000,0x0000,0x0000,0x0000,0x0000,0x0000,0x0000,
  0x0000,0x0000,0x0000,0x0000,0x0000,0x0000,0x0000,0x0000,0x0000,0x0000,0x0000,0x0000,0x0000,0x0000,0x0000,0x0000,
  0x0000,0x0000,0x0000,0x0000,0x0000,0x0000,0x0000,0x0000,0x0000,0x0000,0x0000,0x0000,0x0000,0x0000,0x0000,0x0000,
  0x0000,0x0000,0x0000,0x0000,0x0000,0x0000,0x0000,0x0000,0x0000,0x0000,0x0000,0x0000,0x0000,0x0000,0x0000,0x0000,
  0x0000,0x0000,0x0000,0x0000,0x0000,0x0000,0x0000,0x0000,0x0000,0x0000,0x0000,0x0000,0x0000,0x0000,0x0000,0x0000,
  0x0000,0x0000,0x0000,0x0000,0x0000,0x0000,0x0000,0x0000,0x0000,0x0000,0x0000,0x0000,0x0000,0x0000,0x0000,0x0000,
  0x0000,0x0000,0x0000,0x0000,0x0000,0x0000,0x0000,0x0000,0x0000,0x0000,0x0000,0x0000,0x0000,0x0000,0x0000,0x0000,
  0x0000,0x0000,0x0000,0x0000,0x0000,0x0000,0x0000,0x0000,0x0000,0x0000,0x0000,0x0000,0x0000,0x0000,0x1082,0xad75,
  0xffff,0x632c,0x738e,0xf7be,0x2945,0x9492,0xf79e,0x3186,0xce59,0xe73c,0x2965,0xdedb,0xc618,0x2945,0xef7d,0xb5b6,
  0x5acb,0xffff,0xa534,0x738e,0xffff,0x8c51,0x8c51,0xffff,0x73ae,0xad75,0xffff,0x4228,0xad75,0xef7d,0x3186,0xc618,
  0xdedb,0x2124,0xd6ba,0xdefb,0x7bcf,0xbdd7,0x1082,0x0000,0x0000,0x0000,0x0000,0x0000,0x0000,0x0000,0x0000,0x0000,
  0x0000,0x0000,0x0000,0x0000,0x0000,0x0000,0x0000,0x0000,0x0000,0x0000,0x0000,0x0000,0x0000,0x0000,0x0000,0x0000,
  0x0000,0x0000,0x0000,0x0000,0x0000,0x0000,0x0000,0x0000,0x0000,0x0000,0x0000,0x0000,0x0000,0x0000,0x0000,0x0000,
  0x0000,0x0000,0x0000,0x0000,0x0000,0x0000,0x0000,0x0000,0x0000,0x0000,0x0000,0x0000,0x0000,0x0000,0x0000,0x0000,
  0x0000,0x0000,0x0000,0x0000,0x0000,0x0000,0x0000,0x0000,0x0000,0x0000,0x0000,0x0000,0x0000,0x0000,0x0000,0x0000,
  0x0000,0x0000,0x0000,0x0000,0x0000,0x0000,0x0000,0x0000,0x0000,0x0000,0x0000,0x0000,0x0000,0x0000,0x0000,0x0000,
  0x0000,0x0000,0x0000,0x0000,0x0000,0x0000,0x0000,0x0000,0x0000,0x0000,0x0000,0x0000,0x0000,0x0000,0x0000,0x0000,
  0x0000,0x0000,0x0000,0x0000,0x0000,0x0000,0x0000,0x0000,0x0000,0x0000,0x0000,0x0000,0x0000,0x0000,0x0000,0x0000,
  0x0000,0x0000,0x0000,0x0000,0x0000,0x0000,0x0000,0x0000,0x0000,0x0000,0x0000,0x4208,0xef7d,0x73ae,0x738e,0xf7be,
  0x2124,0x8c51,0xef7d,0x3186,0xce59,0xef7d,0x31a6,0xe71c,0xce79,0x39c7,0xf7be,0xce79,0x738e,0xffff,0xad55,0x7bef,
  0xffff,0x9cd3,0x9492,0xffff,0x8410,0xbdd7,0xffff,0x52aa,0xb5b6,0xf7be,0x39c7,0xc638,0xe71c,0x39e7,0xe73c,0xef7d,
  0x632c,0x2104,0x0000,0x0000,0x0000,0x0000,0x0000,0x0000,0x0000,0x0000,0x0000,0x0000,0x0000,0x0000,0x0000,0x0000,
  0x0000,0x0000,0x0000,0x0000,0x0000,0x0000,0x0000,0x0000,0x0000,0x0000,0x0000,0x0000,0x0000,0x0000,0x0000,0x0000,
  0x0000,0x0000,0x0000,0x0000,0x0000,0x0000,0x0000,0x0000,0x0000,0x0000,0x0000,0x0000,0x0000,0x0000,0x0000,0x0000,
  0x0000,0x0000,0x0000,0x0000,0x0000,0x0000,0x0000,0x0000,0x0000,0x0000,0x0000,0x0000,0x0000,0x0000,0x0000,0x0000,
  0x0000,0x0000,0x0000,0x0000,0x0000,0x0000,0x0000,0x0000,0x0000,0x0000,0x0000,0x0000,0x0000,0x0000,0x0000,0x0000,
  0x0000,0x0000,0x0000,0x0000,0x0000,0x0000,0x0000,0x0000,0x0000,0x0000,0x0000,0x0000,0x0000,0x0000,0x0000,0x0000,
  0x0000,0x0000,0x0000,0x0000,0x0000,0x0000,0x0000,0x0000,0x0000,0x0000,0x0000,0x0000,0x0000,0x0000,0x0000,0x0000,
  0x0000,0x0000,0x0000,0x0000,0x0000,0x0000,0x0000,0x0000,0x0000,0x0000,0x0000,0x0000,0x0000,0x0000,0x0000,0x0000,
  0x0000,0x0000,0x0000,0x0000,0x0000,0x0000,0x0000,0x0000,0x630c,0x6b6d,0x7bef,0xf7be,0x2124,0x8c51,0xef7d,0x2965,
  0xc638,0xef5d,0x4228,0xef7d,0xdefb,0x630c,0xffff,0xe71c,0x9492,0xffff,0xc638,0x94b2,0xffff,0xad55,0xad55,0xffff,
  0x9cd3,0xc638,0xffff,0x7bcf,0xce59,0xffdf,0x4a69,0xdedb,0xef5d,0x52aa,0xffff,0xbdd7,0x1082,0x0000,0x0000,0x0000,
  0x0000,0x0000,0x0000,0x0000,0x0000,0x0000,0x0000,0x0000,0x0000,0x0000,0x0000,0x0000,0x0000,0x0000,0x0000,0x0000,
  0x0000,0x0000,0x0000,0x0000,0x0000,0x0000,0x0000,0x0000,0x0000,0x0000,0x0000,0x0000,0x0000,0x0000,0x0000,0x0000,
  0x0000,0x0000,0x0000,0x0000,0x0000,0x0000,0x0000,0x0000,0x0000,0x0000,0x0000,0x0000,0x0000,0x0000,0x0000,0x0000,
  0x0000,0x0000,0x0000,0x0000,0x0000,0x0000,0x0000,0x0000,0x0000,0x0000,0x0000,0x0000,0x0000,0x0000,0x0000,0x0000,
  0x0000,0x0000,0x0000,0x0000,0x0000,0x0000,0x0000,0x0000,0x0000,0x0000,0x0000,0x0000,0x0000,0x0000,0x0000,0x0000,
  0x0000,0x0000,0x0000,0x0000,0x0000,0x0000,0x0000,0x0000,0x0000,0x0000,0x0000,0x0000,0x0000,0x0000,0x0000,0x0000,
  0x0000,0x0000,0x0000,0x0000,0x0000,0x0000,0x0000,0x0000,0x0000,0x0000,0x0000,0x0000,0x0000,0x0000,0x0000,0x0000,
  0x0000,0x0000,0x0000,0x0000,0x0000,0x0000,0x0000,0x0000,0x0000,0x0000,0x0000,0x0000,0x0000,0x0000,0x0000,0x0000,
  0x0000,0x0000,0x0000,0x0000,0x0000,0x18c3,0xb596,0xffdf,0x3186,0x9cf3,0xef7d,0x2965,0xc638,0xe73c,0x4a49,0xf79e,
  0xef7d,0x8c71,0xffff,0xffdf,0xe71c,0xffff,0xdefb,0xc618,0xffff,0xbdf7,0xbdf7,0xffff,0xad55,0xce79,0xffff,0x94b2,
  0xdedb,0xffff,0x7bcf,0xe73c,0xffdf,0x94b2,0xa514,0x18e3,0x0000,0x0000,0x0000,0x0000,0x0000,0x0000,0x0000,0x0000,
  0x0000,0x0000,0x0000,0x0000,0x0000,0x0000,0x0000,0x0000,0x0000,0x0000,0x0000,0x0000,0x0000,0x0000,0x0000,0x0000,
  0x0000,0x0000,0x0000,0x0000,0x0000,0x0000,0x0000,0x0000,0x0000,0x0000,0x0000,0x0000,0x0000,0x0000,0x0000,0x0000,
  0x0000,0x0000,0x0000,0x0000,0x0000,0x0000,0x0000,0x0000,0x0000,0x0000,0x0000,0x0000,0x0000,0x0000,0x0000,0x0000,
  0x0000,0x0000,0x0000,0x0000,0x0000,0x0000,0x0000,0x0000,0x0000,0x0000,0x0000,0x0000,0x0000,0x0000,0x0000,0x0000,
  0x0000,0x0000,0x0000,0x0000,0x0000,0x0000,0x0000,0x0000,0x0000,0x0000,0x0000,0x0000,0x0000,0x0000,0x0000,0x0000,
  0x0000,0x0000,0x0000,0x0000,0x0000,0x0000,0x0000,0x0000,0x0000,0x0000,0x0000,0x0000,0x0000,0x0000,0x0000,0x0000,
  0x0000,0x0000,0x0000,0x0000,0x0000,0x0000,0x0000,0x0000,0x0000,0x0000,0x0000,0x0000,0x0000,0x0000,0x0000,0x0000,
  0x0000,0x0000,0x0000,0x0000,0x0000,0x0000,0x0000,0x0000,0x0000,0x0000,0x0000,0x0000,0x0000,0x0000,0x0000,0x0000,
  0x0000,0x0020,0xad55,0xffff,0x528a,0xb596,0xf79e,0x31a6,0xce59,0xef5d,0x5acb,0xf79e,0xf7be,0xce79,0xffff,0xffff,
  0xffff,0xffff,0xf7be,0xef7d,0xffff,0xe71c,0xe71c,0xffff,0xce79,0xe73c,0xffff,0xb5b6,0xef5d,0xffff,0x94b2,0xef7d,
  0xffdf,0x7bcf,0x0841,0x0000,0x0000,0x0000,0x0000,0x0000,0x0000,0x0000,0x0000,0x0000,0x0000,0x0000,0x0000,0x0000,
  0x0000,0x0000,0x0000,0x0000,0x0000,0x0000,0x0000,0x0000,0x0000,0x0000,0x0000,0x0000,0x0000,0x0000,0x0000,0x0000,
  0x0000,0x0000,0x0000,0x0000,0x0000,0x0000,0x0000,0x0000,0x0000,0x0000,0x0000,0x0000,0x0000,0x0000,0x0000,0x0000,
  0x0000,0x0000,0x0000,0x0000,0x0000,0x0000,0x0000,0x0000,0x0000,0x0000,0x0000,0x0000,0x0000,0x0000,0x0000,0x0000,
  0x0000,0x0000,0x0000,0x0000,0x0000,0x0000,0x0000,0x0000,0x0000,0x0000,0x0000,0x0000,0x0000,0x0000,0x0000,0x0000,
  0x0000,0x0000,0x0000,0x0000,0x0000,0x0000,0x0000,0x0000,0x0000,0x0000,0x0000,0x0000,0x0000,0x0000,0x0000,0x0000,
  0x0000,0x0000,0x0000,0x0000,0x0000,0x0000,0x0000,0x0000,0x0000,0x0000,0x0000,0x0000,0x0000,0x0000,0x0000,0x0000,
  0x0000,0x0000,0x0000,0x0000,0x0000,0x0000,0x0000,0x0000,0x0000,0x0000,0x0000,0x0000,0x0000,0x0000,0x0000,0x0000,
  0x0000,0x0000,0x0000,0x0000,0x0000,0x0000,0x0000,0x0000,0x0000,0x0000,0x0000,0x0000,0x0000,0x0000,0x2945,0xce79,
  0x8c51,0xce79,0xffdf,0x4a69,0xd69a,0xf79e,0x738e,0xf7be,0xffff,0xffff,0xffff,0xffff,0xffff,0xffff,0xffff,0xffff,
  0xffff,0xffff,0xffff,0xffff,0xe71c,0xf79e,0xffff,0xce79,0xf79e,0xffff,0xa534,0xdefb,0x5acb,0x0000,0x0000,0x0000,
  0x0000,0x0000,0x0000,0x0000,0x0000,0x0000,0x0000,0x0000,0x0000,0x0000,0x0000,0x0000,0x0000,0x0000,0x0000,0x0000,
  0x0000,0x0000,0x0000,0x0000,0x0000,0x0000,0x0000,0x0000,0x0000,0x0000,0x0000,0x0000,0x0000,0x0000,0x0000,0x0000,
  0x0000,0x0000,0x0000,0x0000,0x0000,0x0000,0x0000,0x0000,0x0000,0x0000,0x0000,0x0000,0x0000,0x0000,0x0000,0x0000,
  0x0000,0x0000,0x0000,0x0000,0x0000,0x0000,0x0000,0x0000,0x0000,0x0000,0x0000,0x0000,0x0000,0x0000,0x0000,0x0000,
  0x0000,0x0000,0x0000,0x0000,0x0000,0x0000,0x0000,0x0000,0x0000,0x0000,0x0000,0x0000,0x0000,0x0000,0x0000,0x0000,
  0x0000,0x0000,0x0000,0x0000,0x0000,0x0000,0x0000,0x0000,0x0000,0x0000,0x0000,0x0000,0x0000,0x0000,0x0000,0x0000,
  0x0000,0x0000,0x0000,0x0000,0x0000,0x0000,0x0000,0x0000,0x0000,0x0000,0x0000,0x0000,0x0000,0x0000,0x0000,0x0000,
  0x0000,0x0000,0x0000,0x0000,0x0000,0x0000,0x0000,0x0000,0x0000,0x0000,0x0000,0x0000,0x0000,0x0000,0x0000,0x0000,
  0x0000,0x0000,0x0000,0x0000,0x0000,0x0000,0x0000,0x0000,0x0000,0x0000,0x0000,0x18e3,0x7bcf,0xf79e,0xffff,0x9cf3,
  0xef7d,0xffdf,0x9cd3,0xffdf,0xffff,0xffff,0xffff,0xffff,0xffff,0xffff,0xffff,0xffff,0xffff,0xffff,0xffff,0xffff,
  0xb596,0xd6ba,0xffff,0xad75,0xe73c,0xffff,0xc618,0x4228,0x0000,0x0000,0x0000,0x0000,0x0000,0x0000,0x0000,0x0000,
  0x0000,0x0000,0x0000,0x0000,0x0000,0x0000,0x0000,0x0000,0x0000,0x0000,0x0000,0x0000,0x0000,0x0000,0x0000,0x0000,
  0x0000,0x0000,0x0000,0x0000,0x0000,0x0000,0x0000,0x0000,0x0000,0x0000,0x0000,0x0000,0x0000,0x0000,0x0000,0x0000,
  0x0000,0x0000,0x0000,0x0000,0x0000,0x0000,0x0000,0x0000,0x0000,0x0000,0x0000,0x0000,0x0000,0x0000,0x0000,0x0000,
  0x0000,0x0000,0x0000,0x0000,0x0000,0x0000,0x0000,0x0000,0x0000,0x0000,0x0000,0x0000,0x0000,0x0000,0x0000,0x0000,
  0x0000,0x0000,0x0000,0x0000,0x0000,0x0000,0x0000,0x0000,0x0000,0x0000,0x0000,0x0000,0x0000,0x0000,0x0000,0x0000,
  0x0000,0x0000,0x0000,0x0000,0x0000,0x0000,0x0000,0x0000,0x0000,0x0000,0x0000,0x0000,0x0000,0x0000,0x0000,0x0000,
  0x0000,0x0000,0x0000,0x0000,0x0000,0x0000,0x0000,0x0000,0x0000,0x0000,0x0000,0x0000,0x0000,0x0000,0x0000,0x0000,
  0x0000,0x0000,0x0000,0x0000,0x0000,0x0000,0x0000,0x0000,0x0000,0x0000,0x0000,0x0000,0x0000,0x0000,0x0000,0x0000,
  0x0000,0x0000,0x0000,0x0000,0x0000,0x0000,0x0000,0x0000,0x0020,0x4a49,0xc638,0xffff,0xffff,0xffff,0xf79e,0xffff,
  0xffff,0xffff,0xffff,0xffff,0xffff,0xffff,0xffff,0xffff,0xffff,0xe73c,0xef5d,0xffff,0xad55,0xce79,0xffff,0xc618,
  0xf7be,0xe71c,0x4a49,0x0000,0x0000,0x0000,0x0000,0x0000,0x0000,0x0000,0x0000,0x0000,0x0000,0x0000,0x0000,0x0000,
  0x0000,0x0000,0x0000,0x0000,0x0000,0x0000,0x0000,0x0000,0x0000,0x0000,0x0000,0x0000,0x0000,0x0000,0x0000,0x0000,
  0x0000,0x0000,0x0000,0x0000,0x0000,0x0000,0x0000,0x0000,0x0000,0x0000,0x0000,0x0000,0x0000,0x0000,0x0000,0x0000,
  0x0000,0x0000,0x0000,0x0000,0x0000,0x0000,0x0000,0x0000,0x0000,0x0000,0x0000,0x0000,0x0000,0x0000,0x0000,0x0000,
  0x0000,0x0000,0x0000,0x0000,0x0000,0x0000,0x0000,0x0000,0x0000,0x0000,0x0000,0x0000,0x0000,0x0000,0x0000,0x0000,
  0x0000,0x0000,0x0000,0x0000,0x0000,0x0000,0x0000,0x0000,0x0000,0x0000,0x0000,0x0000,0x0000,0x0000,0x0000,0x0000,
  0x0000,0x0000,0x0000,0x0000,0x0000,0x0000,0x0000,0x0000,0x0000,0x0000,0x0000,0x0000,0x0000,0x0000,0x0000,0x0000,
  0x0000,0x0000,0x0000,0x0000,0x0000,0x0000,0x0000,0x0000,0x0000,0x0000,0x0000,0x0000,0x0000,0x0000,0x0000,0x0000,
  0x0000,0x0000,0x0000,0x0000,0x0000,0x0000,0x0000,0x0000,0x0000,0x0000,0x0000,0x0000,0x0000,0x0000,0x0000,0x0000,
  0x0000,0x0000,0x0000,0x0000,0x0000,0x0000,0x1082,0x632c,0xc618,0xf7be,0xffff,0xffff,0xffff,0xffff,0xffff,0xffff,
  0xffff,0xffff,0xffff,0xffff,0xffff,0xffff,0xffff,0xffff,0xce79,0xe71c,0xffff,0xffdf,0xce59,0x39e7,0x0000,0x0000,
  0x0000,0x0000,0x0000,0x0000,0x0000,0x0000,0x0000,0x0000,0x0000,0x0000,0x0000,0x0000,0x0000,0x0000,0x0000,0x0000,
  0x0000,0x0000,0x0000,0x0000,0x0000,0x0000,0x0000,0x0000,0x0000,0x0000,0x0000,0x0000,0x0000,0x0000,0x0000,0x0000,
  0x0000,0x0000,0x0000,0x0000,0x0000,0x0000,0x0000,0x0000,0x0000,0x0000,0x0000,0x0000,0x0000,0x0000,0x0000,0x0000,
  0x0000,0x0000,0x0000,0x0000,0x0000,0x0000,0x0000,0x0000,0x0000,0x0000,0x0000,0x0000,0x0000,0x0000,0x0000,0x0000,
  0x0000,0x0000,0x0000,0x0000,0x0000,0x0000,0x0000,0x0000,0x0000,0x0000,0x0000,0x0000,0x0000,0x0000,0x0000,0x0000,
  0x0000,0x0000,0x0000,0x0000,0x0000,0x0000,0x0000,0x0000,0x0000,0x0000,0x0000,0x0000,0x0000,0x0000,0x0000,0x0000,
  0x0000,0x0000,0x0000,0x0000,0x0000,0x0000,0x0000,0x0000,0x0000,0x0000,0x0000,0x0000,0x0000,0x0000,0x0000,0x0000,
  0x0000,0x0000,0x0000,0x0000,0x0000,0x0000,0x0000,0x0000,0x0000,0x0000,0x0000,0x0000,0x0000,0x0000,0x0000,0x0000,
  0x0000,0x0000,0x0000,0x0000,0x0000,0x0000,0x0000,0x0000,0x0000,0x0000,0x0000,0x0000,0x0000,0x0000,0x0000,0x0000,
  0x0000,0x0000,0x0000,0x0000,0x1082,0x4228,0xa534,0xef7d,0xffff,0xffff,0xffff,0xffff,0xffff,0xffff,0xffff,0xffff,
  0xffff,0xffff,0xffff,0xffff,0xffff,0xffff,0xffdf,0xa514,0x18e3,0x0000,0x0000,0x0000,0x0000,0x0000,0x0000,0x0000,
  0x0000,0x0000,0x0000,0x0000,0x0000,0x0000,0x0000,0x0000,0x0000,0x0000,0x0000,0x0000,0x0000,0x0000,0x0000,0x0000,
  0x0000,0x0000,0x0000,0x0000,0x0000,0x0000,0x0000,0x0000,0x0000,0x0000,0x0000,0x0000,0x0000,0x0000,0x0000,0x0000,
  0x0000,0x0000,0x0000,0x0000,0x0000,0x0000,0x0000,0x0000,0x0000,0x0000,0x0000,0x0000,0x0000,0x0000,0x0000,0x0000,
  0x0000,0x0000,0x0000,0x0000,0x0000,0x0000,0x0000,0x0000,0x0000,0x0000,0x0000,0x0000,0x0000,0x0000,0x0000,0x0000,
  0x0000,0x0000,0x0000,0x0000,0x0000,0x0000,0x0000,0x0000,0x0000,0x0000,0x0000,0x0000,0x0000,0x0000,0x0000,0x0000,
  0x0000,0x0000,0x0000,0x0000,0x0000,0x0000,0x0000,0x0000,0x0000,0x0000,0x0000,0x0000,0x0000,0x0000,0x0000,0x0000,
  0x0000,0x0000,0x0000,0x0000,0x0000,0x0000,0x0000,0x0000,0x0000,0x0000,0x0000,0x0000,0x0000,0x0000,0x0000,0x0000,
  0x0000,0x0000,0x0000,0x0000,0x0000,0x0000,0x0000,0x0000,0x0000,0x0000,0x0000,0x0000,0x0000,0x0000,0x0000,0x0000,
  0x0000,0x0000,0x0000,0x0000,0x0000,0x0000,0x0000,0x0000,0x0000,0x0000,0x0000,0x0000,0x0000,0x0000,0x0000,0x0000,
  0x0000,0x0000,0x0000,0x0000,0x0000,0x0000,0x0000,0x0000,0x0000,0x0000,0x0000,0x0000,0x0000,0x0000,0x0000,0x0000,
  0x0000,0x0000,0x0000,0x0000,0x0000,0x0000,0x0000,0x0000,0x0000,0x0000,0x0000,0x0000,0x0000,0x0000,0x0000,0x0000,
  0x0000,0x0000,0x0000,0x0000,0x0000,0x0000,0x0000,0x0000,0x0000,0x0000,0x0000,0x0000,0x0000,0x0000,0x0000,0x0000,
  0x0000,0x0000,0x0000,0x0000,0x0000,0x0000,0x0000,0x0000,0x0000,0x0000,0x0000,0x0000,0x0000,0x0000,0x0000,0x0000,
  0x0000,0x0000,0x0000,0x0000,0x0000,0x0000,0x0000,0x0000,0x0000,0x0000,0x0000,0x0000,0x0000,0x0000,0x0000,0x0000,
  0x0000,0x0000,0x0000,0x0000,0x0000,0x0000,0x0000,0x0000,0x0000,0x0000,0x0000,0x0000,0x0000,0x0000,0x0000,0x0000,
  0x0000,0x0000,0x0000,0x0000,0x0000,0x0000,0x0000,0x0000,0x0000,0x0000,0x0000,0x0000,0x0000,0x0000,0x0000,0x0000,
  0x0000,0x0000,0x0000,0x0000,0x0000,0x0000,0x0000,0x0000,0x0000,0x0000,0x0000,0x0000,0x0000,0x0000,0x0000,0x0000,
  0x0000,0x0000,0x0000,0x0000,0x0000,0x0000,0x0000,0x0000,0x0000,0x0000,0x0000,0x0000,0x0000,0x0000,0x0000,0x0000,
  0x0000,0x0000,0x0000,0x0000,0x0000,0x0000,0x0000,0x0000,0x0000,0x0000,0x0000,0x0000,0x0000,0x0000,0x0000,0x0000,
  0x0000,0x0000,0x0000,0x0000,0x0000,0x0000,0x0000,0x0000,0x0000,0x0000,0x0000,0x0000,0x0000,0x0000,0x0000,0x0000,
  0x0000,0x0000,0x0000,0x0000,0x0000,0x0000,0x0000,0x0000,0x0000,0x0000,0x0000,0x0000,0x0000,0x0000,0x0000,0x0000,
  0x0000,0x0000,0x0000,0x0000,0x0000,0x0000,0x0000,0x0000,0x0000,0x0000,0x0000,0x0000,0x0000,0x0000,0x0000,0x0000,
  0x0000,0x0000,0x0000,0x0000,0x0000,0x0000,0x0000,0x0000,0x0000,0x0000,0x0000,0x0000,0x0000,0x0000,0x0000,0x0000,
  0x0000,0x0000,0x0000,0x0000,0x0000,0x0000,0x0000,0x0000,0x0000,0x0000,0x0000,0x0000,0x0000,0x0000,0x0000,0x0000,
  0x0000,0x0000,0x0000,0x0000,0x0000,0x0000,0x0000,0x0000,0x0000,0x0000,0x0000,0x0000,0x0000,0x0000,0x0000,0x0000,
  0x0000,0x0000,0x0000,0x0000,0x0000,0x0000,0x0000,0x0000,0x0000,0x0000,0x0000,0x0000,0x0000,0x0000,0x0000,0x0000,
  0x0000,0x0000,0x0000,0x0000,0x0000,0x0000,0x0000,0x0000,0x0000,0x0000,0x0000,0x0000,0x0000,0x0000,0x0000,0x0000,
  0x0000,0x0000,0x0000,0x0000,0x0000,0x0000,0x0000,0x0000,0x0000,0x0000,0x0000,0x0000,0x0000,0x0000,0x0000,0x0000,
  0x0000,0x0000,0x0000,0x0000,0x0000,0x0000,0x0000,0x0000,0x0000,0x0000,0x0000,0x0000,0x0000,0x0000,0x0000,0x0000,
  0x0000,0x0000,0x0000,0x0000,0x0000,0x0000,0x0000,0x0000,0x0000,0x0000,0x0000,0x0000,0x0000,0x0000,0x0000,0x0000,
  0x0000,0x0000,0x0000,0x0000,0x0000,0x0000,0x0000,0x0000,0x0000,0x0000,0x0000,0x0000,0x0000,0x0000,0x0000,0x0000,
  0x0000,0x0000,0x0000,0x0000,0x0000,0x0000,0x0000,0x0000,0x0000,0x0000,0x0000,0x0000,0x0000,0x0000,0x0000,0x0000,
  0x0000,0x0000,0x0000,0x0000,0x0000,0x0000,0x0000,0x0000,0x0000,0x0000,0x0000,0x0000,0x0000,0x0000,0x0000,0x0000,
  0x0000,0x0000,0x0000,0x0000,0x0000,0x0000,0x0000,0x0000,0x0000,0x0000,0x0000,0x0000,0x0000,0x0000,0x0000,0x0000,
  0x0000,0x0000,0x0000,0x0000,0x0000,0x0000,0x0000,0x0000,0x0000,0x0000,0x0000,0x0000,0x0000,0x0000,0x0000,0x0000,
  0x0000,0x0000,0x0000,0x0000,0x0000,0x0000,0x0000,0x0000,0x0000,0x0000,0x0000,0x0000,0x0000,0x0000,0x0000,0x0000,
  0x0000,0x0000,0x0000,0x0000,0x0000,0x0000,0x0000,0x0000,0x0000,0x0000,0x0000,0x0000,0x0000,0x0000,0x0000,0x0000,
  0x0000,0x0000,0x0000,0x0000,0x0000,0x0000,0x0000,0x0000,0x0000,0x0000,0x0000,0x0000,0x0000,0x0000,0x0000,0x0000,
  0x0000,0x0000,0x0000,0x0000,0x0000,0x0000,0x0000,0x0000,0x0000,0x0000,0x0000,0x0000,0x0000,0x0000,0x0000,0x0000,
  0x0000,0x0000,0x0000,0x0000,0x0000,0x0000,0x0000,0x0000,0x0000,0x0000,0x0000,0x0000,0x0000,0x0000,0x0000,0x0000,
  0x0000,0x0000,0x0000,0x0000,0x0000,0x0000,0x0000,0x0000,0x0000,0x0000,0x0000,0x0000,0x0000,0x0000,0x0000,0x0000,
  0x0000,0x0000,0x0000,0x0000,0x0000,0x0000,0x0000,0x0000,0x0000,0x0000,0x0000,0x0000,0x0000,0x0000,0x0000,0x0000,
  0x0000,0x0000,0x0000,0x0000,0x0000,0x0000,0x0000,0x0000,0x0000,0x0000,0x0000,0x0000,0x0000,0x0000,0x0000,0x0000,
  0x0000,0x0000,0x0000,0x0000,0x0000,0x0000,0x0000,0x0000,0x0000,0x0000,0x0000,0x0000,0x0000,0x0000,0x0000,0x0000,
  0x0000,0x0000,0x0000,0x0000,0x0000,0x0000,0x0000,0x0000,0x0000,0x0000,0x0000,0x0000,0x0000,0x0000,0x0000,0x0000,
  0x0000,0x0000,0x0000,0x0000,0x0000,0x0000,0x0000,0x0000,0x0000,0x0000,0x0000,0x0000,0x0000,0x0000,0x0000,0x0000,
  0x0000,0x0000,0x0000,0x0000,0x0000,0x0000,0x0000,0x0000,0x0000,0x0000,0x0000,0x0000,0x0000,0x0000,0x0000,0x0000,
  0x0000,0x0000,0x0000,0x0000,0x0000,0x0000,0x0000,0x0000,0x0000,0x0000,0x0000,0x0000,0x0000,0x0000,0x0000,0x0000,
  0x0000,0x0000,0x0000,0x0000,0x0000,0x0000,0x0000,0x0000,0x0000,0x0000,0x0000,0x0000,0x0000,0x0000,0x0000,0x0000,
  0x0000,0x0000,0x0000,0x0000,0x0000,0x0000,0x0000,0x0000,0x0000,0x0000,0x0000,0x0000,0x0000,0x0000,0x0000,0x0000,
  0x0000,0x0000,0x0000,0x0000,0x0000,0x0000,0x0000,0x0000,0x0000,0x0000,0x0000,0x0000,0x0000,0x0000,0x0000,0x0000,
  0x0000,0x0000,0x0000,0x0000,0x0000,0x0000,0x0000,0x0000,0x0000,0x0000,0x0000,0x0000,0x0000,0x0000,0x0000,0x0000,
  0x0000,0x0000,0x0000,0x0000,0x0000,0x0000,0x0000,0x0000,0x0000,0x0000,0x0000,0x0000,0x0000,0x0000,0x0000,0x0000,
  0x0000,0x0000,0x0000,0x0000,0x0000,0x0000,0x0000,0x0000,0x0000,0x0000,0x0000,0x0000,0x0000,0x0000,0x0000,0x0000,
  0x0000,0x0000,0x0000,0x0000,0x0000,0x0000,0x0000,0x0000,0x0000,0x0000,0x0000,0x0000,0x0000,0x0000,0x0000,0x0000,
  0x0000,0x0000,0x0000,0x0000,0x0000,0x0000,0x0000,0x0000,0x0000,0x0000,0x0000,0x0000,0x0000,0x0000,0x0000,0x0000,
  0x0000,0x0000,0x0000,0x0000,0x0000,0x0000,0x0000,0x0000,0x0000,0x0000,0x0000,0x0000,0x0000,0x0000,0x0000,0x0000,
  0x0000,0x0000,0x0000,0x0000,0x0000,0x0000,0x0000,0x0000,0x0000,0x0000,0x0000,0x0000,0x0000,0x0000,0x0000,0x0000,
  0x0000,0x0000,0x0000,0x0000,0x0000,0x0000,0x0000,0x0000,0x0000,0x0000,0x0000,0x0000,0x0000,0x0000,0x0000,0x0000,
  0x0000,0x0000,0x0000,0x0000,0x0000,0x0000,0x0000,0x0000,0x0000,0x0000,0x0000,0x0000,0x0000,0x0000,0x0000,0x0000,
  0x0000,0x0000,0x0000,0x0000,0x0000,0x0000,0x0000,0x0000,0x0000,0x0000,0x0000,0x0000,0x0000,0x0000,0x0000,0x0000,
  0x0000,0x0000,0x0000,0x0000,0x0000,0x0000,0x0000,0x0000,0x0000,0x0000,0x0000,0x0000,0x0000,0x0000,0x0000,0x0000,
  0x0000,0x0000,0x0000,0x0000,0x0000,0x0000,0x0000,0x0000,0x0000,0x0000,0x0000,0x0000,0x0000,0x0000,0x0000,0x0000,
  0x0000,0x0000,0x0000,0x0000,0x0000,0x0000,0x0000,0x0000,0x0000,0x0000,0x0000,0x0000,0x0000,0x0000,0x0000,0x0000,
  0x0000,0x0000,0x0000,0x0000,0x0000,0x0000,0x0000,0x0000,0x0000,0x0000,0x0000,0x0000,0x0000,0x0000,0x0000,0x0000,
  0x0000,0x0000,0x0000,0x0000,0x0000,0x0000,0x0000,0x0000,0x0000,0x0000,0x0000,0x0000,0x0000,0x0000,0x0000,0x0000,
  0x0000,0x0000,0x0000,0x0000,0x0000,0x0000,0x0000,0x0000,0x0000,0x0000,0x0000,0x0000,0x0000,0x0000,0x0000,0x0000,
  0x0000,0x0000,0x0000,0x0000,0x0000,0x0000,0x0000,0x0000,0x0000,0x0000,0x0000,0x0000,0x0000,0x0000,0x0000,0x0000,
  0x0000,0x0000,0x0000,0x0000,0x0000,0x0000,0x0000,0x0000,0x0000,0x0000,0x0000,0x0000,0x0000,0x0000,0x0000,0x0000,
  0x0000,0x0000,0x0000,0x0000,0x0000,0x0000,0x0000,0x0000,0x0000,0x0000,0x0000,0x0000,0x0000,0x0000,0x0000,0x0000,
  0x0000,0x0000,0x0000,0x0000,0x0000,0x0000,0x0000,0x0000,0x0000,0x0000,0x0000,0x0000,0x0000,0x0000,0x0000,0x0000,
  0x0000,0x0000,0x0000,0x0000,0x0000,0x0000,0x0000,0x0000,0x0000,0x0000,0x0000,0x0000,0x0000,0x0000,0x0000,0x0000,
  0x0000,0x0000,0x0000,0x0000,0x0000,0x0000,0x0000,0x0000,0x0000,0x0000,0x0000,0x0000,0x0000,0x0000,0x0000,0x0000,
  0x0000,0x0000,0x0000,0x0000,0x0000,0x0000,0x0000,0x0000,0x0000,0x0000,0x0000,0x0000,0x0000,0x0000,0x0000,0x0000,
  0x0000,0x0000,0x0000,0x0000,0x0000,0x0000,0x0000,0x0000,0x0000,0x0000,0x0000,0x0000,0x0000,0x0000,0x0000,0x0000,
  0x0000,0x0000,0x0000,0x0000,0x0000,0x0000,0x0000,0x0000,0x0000,0x0000,0x0000,0x0000,0x0000,0x0000,0x0000,0x0000,
  0x0000,0x0000,0x0000,0x0000,0x0000,0x0000,0x0000,0x0000,0x0000,0x0000,0x0000,0x0000,0x0000,0x0000,0x0000,0x0000,
  0x0000,0x0000,0x0000,0x0000,0x0000,0x0000,0x0000,0x0000,0x0000,0x0000,0x0000,0x0000,0x0000,0x0000,0x0000,0x0000,
  0x0000,0x0000,0x0000,0x0000,0x0000,0x0000,0x0000,0x0000,0x0000,0x0000,0x0000,0x0000,0x0000,0x0000,0x0000,0x0000,
  0x0000,0x0000,0x0000,0x0000,0x0000,0x0000,0x0000,0x0000,0x0000,0x0000,0x0000,0x0000,0x0000,0x0000,0x0000,0x0000,
  0x0000,0x0000,0x0000,0x0000,0x0000,0x0000,0x0000,0x0000,0x0000,0x0000,0x0000,0x0000,0x0000,0x0000,0x0000,0x0000,
  0x0000,0x0000,0x0000,0x0000,0x0000,0x0000,0x0000,0x0000,0x0000,0x0000,0x0000,0x0000,0x0000,0x0000,0x0000,0x0000,
  0x0000,0x0000,0x0000,0x0000,0x0000,0x0000,0x0000,0x0000,0x0000,0x0000,0x0000,0x0000,0x0000,0x0000,0x0000,0x0000,
  0x0000,0x0000,0x0000,0x0000,0x0000,0x0000,0x0000,0x0000,0x0000,0x0000,0x0000,0x0000,0x0000,0x0000,0x0000,0x0000,
  0x0000,0x0000,0x0000,0x0000,0x0000,0x0000,0x0000,0x0000,0x0000,0x0000,0x0000,0x0000,0x0000,0x0000,0x0000,0x0000,
  0x0000,0x0000,0x0000,0x0000,0x0000,0x0000,0x0000,0x0000,0x0000,0x0000,0x0000,0x0000,0x0000,0x0000,0x0000,0x0000,
  0x0000,0x0000,0x0000,0x0000,0x0000,0x0000,0x0000,0x0000,0x0000,0x0000,0x0000,0x0000,0x0000,0x0000,0x0000,0x0000,
  0x0000,0x0000,0x0000,0x0000,0x0000,0x0000,0x0000,0x0000,0x0000,0x0000,0x0000,0x0000,0x0000,0x0000,0x0000,0x0000,
  0x0000,0x0000,0x0000,0x0000,0x0000,0x0000,0x0000,0x0000,0x0000,0x0000,0x0000,0x0000,0x0000,0x0000,0x0000,0x0000,
  0x0000,0x0000,0x0000,0x0000,0x0000,0x0000,0x0000,0x0000,0x0000,0x0000,0x0000,0x0000,0x0000,0x0000,0x0000,0x0000,
  0x0000,0x0000,0x0000,0x0000,0x0000,0x0000,0x0000,0x0000,0x0000,0x0000,0x0000,0x0000,0x0000,0x0000,0x0000,0x0000,
  0x0000,0x0000,0x0000,0x0000,0x0000,0x0000,0x0000,0x0000,0x0000,0x0000,0x0000,0x0000,0x0000,0x0000,0x0000,0x0000,
  0x0000,0x0000,0x0000,0x0000,0x0000,0x0000,0x0000,0x0000,0x0000,0x0000,0x0000,0x0000,0x0000,0x0000,0x0000,0x0000,
  0x0000,0x0000,0x0000,0x0000,0x0000,0x0000,0x0000,0x0000,0x0000,0x0000,0x0000,0x0000,0x0000,0x0000,0x0000,0x0000,
  0x0000,0x0000,0x0000,0x0000,0x0000,0x0000,0x0000,0x0000,0x0000,0x0000,0x0000,0x0000,0x0000,0x0000,0x0000,0x0000,
  0x0000,0x0000,0x0000,0x0000,0x0000,0x0000,0x0000,0x0000,0x0000,0x0000,0x0000,0x0000,0x0000,0x0000,0x0000,0x0000,
  0x0000,0x0000,0x0000,0x0000,0x0000,0x0000,0x0000,0x0000,0x0000,0x0000,0x0000,0x0000,0x0000,0x0000,0x0000,0x0000,
  0x0000,0x0000,0x0000,0x0000,0x0000,0x0000,0x0000,0x0000,0x0000,0x0000,0x0000,0x0000,0x0000,0x0000,0x0000,0x0000,
  0x0000,0x0000,0x0000,0x0000,0x0000,0x0000,0x0000,0x0000,0x0000,0x0000,0x0000,0x0000,0x0000,0x0000,0x0000,0x0000,
  0x0000,0x0000,0x0000,0x0000,0x0000,0x0000,0x0000,0x0000,0x0000,0x0000,0x0000,0x0000,0x0000,0x0000,0x0000,0x0000,
  0x0000,0x0000,0x0000,0x0000,0x0000,0x0000,0x0000,0x0000,0x0000,0x0000,0x0000,0x0000,0x0000,0x0000,0x0000,0x0000,
  0x0000,0x0000,0x0000,0x0000,0x0000,0x0000,0x0000,0x0000,0x0000,0x0000,0x0000,0x0000,0x0000,0x0000,0x0000,0x0000,
  0x0000,0x0000,0x0000,0x0000,0x0000,0x0000,0x0000,0x0000,0x0000,0x0000,0x0000,0x0000,0x0000,0x0000,0x0000,0x0000,
  0x0000,0x0000,0x0000,0x0000,0x0000,0x0000,0x0000,0x0000,0x0000,0x0000,0x0000,0x0000,0x0000,0x0000,0x0000,0x0000,
  0x0000,0x0000,0x0000,0x0000,0x0000,0x0000,0x0000,0x0000,0x0000,0x0000,0x0000,0x0000,0x0000,0x0000,0x0000,0x0000,
  0x0000,0x0000,0x0000,0x0000,0x0000,0x0000,0x0000,0x0000,0x0000,0x0000,0x0000,0x0000,0x0000,0x0000,0x0000,0x0000,
  0x0000,0x0000,0x0000,0x0000,0x0000,0x0000,0x0000,0x0000,0x0000,0x0000,0x0000,0x0000,0x0000,0x0000,0x0000,0x0000,
  0x0000,0x0000,0x0000,0x0000,0x0000,0x0000,0x0000,0x0000,0x0000,0x0000,0x0000,0x0000,0x0000,0x0000,0x0000,0x0000,
  0x0000,0x0000,0x0000,0x0000,0x0000,0x0000,0x0000,0x0000,0x0000,0x0000,0x0000,0x0000,0x0000,0x0000,0x0000,0x0000,
  0x0000,0x0000,0x0000,0x0000,0x0000,0x0000,0x0000,0x0000,0x0000,0x0000,0x0000,0x0000,0x0000,0x0000,0x0000,0x0000,
  0x0000,0x0000,0x0000,0x0000,0x0000,0x0000,0x0000,0x0000,0x0000,0x0000,0x0000,0x0000,0x0000,0x0000,0x0000,0x0000,
  0x0000,0x0000,0x0000,0x0000,0x0000,0x0000,0x0000,0x0000,0x0000,0x0000,0x0000,0x0000,0x0000,0x0000,0x0000,0x0000,
  0x0000,0x0000,0x0000,0x0000,0x0000,0x0000,0x0000,0x0000,0x0000,0x0000,0x0000,0x0000,0x0000,0x0000,0x0000,0x0000,
  0x0000,0x0000,0x0000,0x0000,0x0000,0x0000,0x0000,0x0000,0x0000,0x0000,0x0000,0x0000,0x0000,0x0000,0x0000,0x0000,
  0x0000,0x0000,0x0000,0x0000,0x0000,0x0000,0x0000,0x0000,0x0000,0x0000,0x0000,0x0000,0x0000,0x0000,0x0000,0x0000,
  0x0000,0x0000,0x0000,0x0000,0x0000,0x0000,0x0000,0x0000,0x0000,0x0000,0x0000,0x0000,0x0000,0x0000,0x0000,0x0000,
  0x0000,0x0000,0x0000,0x0000,0x0000,0x0000,0x0000,0x0000,0x0000,0x0000,0x0000,0x0000,0x0000,0x0000,0x0000,0x0000,
  0x0000,0x0000,0x0000,0x0000,0x0000,0x0000,0x0000,0x0000,0x0000,0x0000,0x0000,0x0000,0x0000,0x0000,0x0000,0x0000,
  0x0000,0x0000,0x0000,0x0000,0x0000,0x0000,0x0000,0x0000,0x0000,0x0000,0x0000,0x0000,0x0000,0x0000,0x0000,0x0000,
  0x0000,0x0000,0x0000,0x0000,0x0000,0x0000,0x0000,0x0000,0x0000,0x0000,0x0000,0x0000,0x0000,0x0000,0x0000,0x0000,
  0x0000,0x0000,0x0000,0x0000,0x0000,0x0000,0x0000,0x0000,0x0000,0x0000,0x0000,0x0000,0x0000,0x0000,0x0000,0x0000,
  0x0000,0x0000,0x0000,0x0000,0x0000,0x0000,0x0000,0x0000,0x0000,0x0000,0x0000,0x0000,0x0000,0x0000,0x0000,0x0000,
  0x0000,0x0000,0x0000,0x0000,0x0000,0x0000,0x0000,0x0000,0x0000,0x0000,0x0000,0x0000,0x0000,0x0000,0x0000,0x0000,
  0x0000,0x0000,0x0000,0x0000,0x0000,0x0000,0x0000,0x0000,0x0000,0x0000,0x0000,0x0000,0x0000,0x0000,0x0000,0x0000,
  0x0000,0x0000,0x0000,0x0000,0x0000,0x0000,0x0000,0x0000,0x0000,0x0000,0x0000,0x0000,0x0000,0x0000,0x0000,0x0000,
  0x0000,0x0000,0x0000,0x0000,0x0000,0x0000,0x0000,0x0000,0x0000,0x0000,0x0000,0x0000,0x0000,0x0000,0x0000,0x0000,
  0x0000,0x0000,0x0000,0x0000,0x0000,0x0000,0x0000,0x0000,0x0000,0x0000,0x0000,0x0000,0x0000,0x0000,0x0000,0x0000,
  0x0000,0x0000,0x0000,0x0000,0x0000,0x0000,0x0000,0x0000,0x0000,0x0000,0x0000,0x0000,0x0000,0x0000,0x0000,0x0000,
  0x0000,0x0000,0x0000,0x0000,0x0000,0x0000,0x0000,0x0000,0x0000,0x0000,0x0000,0x0000,0x0000,0x0000,0x0000,0x0000,
  0x0000,0x0000,0x0000,0x0000,0x0000,0x0000,0x0000,0x0000,0x0000,0x0000,0x0000,0x0000,0x0000,0x0000,0x0000,0x0000,
  0x0000,0x0000,0x0000,0x0000,0x0000,0x0000,0x0000,0x0000,0x0000,0x0000,0x0000,0x0000,0x0000,0x0000,0x0000,0x0000,
  0x0000,0x0000,0x0000,0x0000,0x0000,0x0000,0x0000,0x0000,0x0000,0x0000,0x0000,0x0000,0x0000,0x0000,0x0000,0x0000,
  0x0000,0x0000,0x0000,0x0000,0x0000,0x0000,0x0000,0x0000,0x0000,0x0000,0x0000,0x0000,0x0000,0x0000,0x0000,0x0000,
  0x0000,0x0000,0x0000,0x0000,0x0000,0x0000,0x0000,0x0000,0x0000,0x0000,0x0000,0x0000,0x0000,0x0000,0x0000,0x0000,
  0x0000,0x0000,0x0000,0x0000,0x0000,0x0000,0x0000,0x0000,0x0000,0x0000,0x0000,0x0000,0x0000,0x0000,0x0000,0x0000,
  0x0000,0x0000,0x0000,0x0000,0x0000,0x0000,0x0000,0x0000,0x0000,0x0000,0x0000,0x0000,0x0000,0x0000,0x0000,0x0000,
  0x0000,0x0000,0x0000,0x0000,0x0000,0x0000,0x0000,0x0000,0x0000,0x0000,0x0000,0x0000,0x0000,0x0000,0x0000,0x0000,
  0x0000,0x0000,0x0000,0x0000,0x0000,0x0000,0x0000,0x0000,0x0000,0x0000,0x0000,0x0000,0x0000,0x0000,0x0000,0x0000,
  0x0000,0x0000,0x0000,0x0000,0x0000,0x0000,0x0000,0x0000,0x0000,0x0000,0x0000,0x0000,0x0000,0x0000,0x0000,0x0000,
  0x0000,0x0000,0x0000,0x0000,0x0000,0x0000,0x0000,0x0000,0x0000,0x0000,0x0000,0x0000,0x0000,0x0000,0x0000,0x0000,
  0x0000,0x0000,0x0000,0x0000,0x0000,0x0000,0x0000,0x0000,0x0000,0x0000,0x0000,0x0000,0x0000,0x0000,0x0000,0x0000,
  0x0000,0x0000,0x0000,0x0000,0x0000,0x0000,0x0000,0x0000,0x0000,0x0000,0x0000,0x0000,0x0000,0x0000,0x0000,0x0000,
  0x0000,0x0000,0x0000,0x0000,0x0000,0x0000,0x0000,0x0000,0x0000,0x0000,0x0000,0x0000,0x0000,0x0000,0x0000,0x0000,
  0x0000,0x0000,0x0000,0x0000,0x0000,0x0000,0x0000,0x0000,0x0000,0x0000,0x0000,0x0000,0x0000,0x0000,0x0000,0x0000,
  0x0000,0x0000,0x0000,0x0000,0x0000,0x0000,0x0000,0x0000,0x0000,0x0000,0x0000,0x0000,0x0000,0x0000,0x0000,0x0000,
  0x0000,0x0000,0x0000,0x0000,0x0000,0x0000,0x0000,0x0000,0x0000,0x0000,0x0000,0x0000,0x0000,0x0000,0x0000,0x0000,
  0x0000,0x0000,0x0000,0x0000,0x0000,0x0000,0x0000,0x0000,0x0000,0x0000,0x0000,0x0000,0x0000,0x0000,0x0000,0x0000,
  0x0000,0x0000,0x0000,0x0000,0x0000,0x0000,0x0000,0x0000,0x0000,0x0000,0x0000,0x0000,0x0000,0x0000,0x0000,0x0000,
  0x0000,0x0000,0x0000,0x0000,0x0000,0x0000,0x0000,0x0000,0x0000,0x0000,0x0000,0x0000,0x0000,0x0000,0x0000,0x0000,
  0x0000,0x0000,0x0000,0x0000,0x0000,0x0000,0x0000,0x0000,0x0000,0x0000,0x0000,0x0000,0x0000,0x0000,0x0000,0x0000,
  0x0000,0x0000,0x0000,0x0000,0x0000,0x0000,0x0000,0x0000,0x0000,0x0000,0x0000,0x0000,0x0000,0x0000,0x0000,0x0000,
  0x0000,0x0000,0x0000,0x0000,0x0000,0x0000,0x0000,0x0000,0x0000,0x0000,0x0000,0x0000,0x0000,0x0000,0x0000,0x0000,
  0x0000,0x0000,0x0000,0x0000,0x0000,0x0000,0x0000,0x0000,0x0000,0x0000,0x0000,0x0000,0x0000,0x0000,0x0000,0x0000,
  0x0000,0x0000,0x0000,0x0000,0x0000,0x0000,0x0000,0x0000,0x0000,0x0000,0x0000,0x0000,0x0000,0x0000,0x0000,0x0000,
  0x0000,0x0000,0x0000,0x0000,0x0000,0x0000,0x0000,0x0000,0x0000,0x0000,0x0000,0x0000,0x0000,0x0000,0x0000,0x0000,
  0x0000,0x0000,0x0000,0x0000,0x0000,0x0000,0x0000,0x0000,0x0000,0x0000,0x0000,0x0000,0x0000,0x0000,0x0000,0x0000,
  0x0000,0x0000,0x0000,0x0000,0x0000,0x0000,0x0000,0x0000,0x0000,0x0000,0x0000,0x0000,0x0000,0x0000,0x0000,0x0000,
  0x0000,0x0000,0x0000,0x0000,0x0000,0x0000,0x0000,0x0000,0x0000,0x0000,0x0000,0x0000,0x0000,0x0000,0x0000,0x0000,
  0x0000,0x0000,0x0000,0x0000,0x0000,0x0000,0x0000,0x0000,0x0000,0x0000,0x0000,0x0000,0x0000,0x0000,0x0000,0x0000,
  0x0000,0x0000,0x0000,0x0000,0x0000,0x0000,0x0000,0x0000,0x0000,0x0000,0x0000,0x0000,0x0000,0x0000,0x0000,0x0000,
  0x0000,0x0000,0x0000,0x0000,0x0000,0x0000,0x0000,0x0000,0x0000,0x0000,0x0000,0x0000,0x0000,0x0000,0x0000,0x0000,
  0x0000,0x0000,0x0000,0x0000,0x0000,0x0000,0x0000,0x0000,0x0000,0x0000,0x0000,0x0000,0x0000,0x0000,0x0000,0x0000,
  0x0000,0x0000,0x0000,0x0000,0x0000,0x0000,0x0000,0x0000,0x0000,0x0000,0x0000,0x0000,0x0000,0x0000,0x0000,0x0000,
  0x0000,0x0000,0x0000,0x0000,0x0000,0x0000,0x0000,0x0000,0x0000,0x0000,0x0000,0x0000,0x0000,0x0000,0x0000,0x0000,
  0x0000,0x0000,0x0000,0x0000,0x0000,0x0000,0x0000,0x0000,0x0000,0x0000,0x0000,0x0000,0x0000,0x0000,0x0000,0x0000,
  0x0000,0x0000,0x0000,0x0000,0x0000,0x0000,0x0000,0x0000,0x0000,0x0000,0x0000,0x0000,0x0000,0x0000,0x0000,0x0000,
  0x0000,0x0000,0x0000,0x0000,0x0000,0x0000,0x0000,0x0000,0x0000,0x0000,0x0000,0x0000,0x0000,0x0000,0x0000,0x0000,
  0x0000,0x0000,0x0000,0x0000,0x0000,0x0000,0x0000,0x0000,0x0000,0x0000,0x0000,0x0000,0x0000,0x0000,0x0000,0x0000,
  0x0000,0x0000,0x0000,0x0000,0x0000,0x0000,0x0000,0x0000,0x0000,0x0000,0x0000,0x0000,0x0000,0x0000,0x0000,0x0000,
  0x0000,0x0000,0x0000,0x0000,0x0000,0x0000,0x0000,0x0000,0x0000,0x0000,0x0000,0x0000,0x0000,0x0000,0x0000,0x0000,
  0x0000,0x0000,0x0000,0x0000,0x0000,0x0000,0x0000,0x0000,0x0000,0x0000,0x0000,0x0000,0x0000,0x0000,0x0000,0x0000,
  0x0000,0x0000,0x0000,0x0000,0x0000,0x0000,0x0000,0x0000,0x0000,0x0000,0x0000,0x0000,0x0000,0x0000,0x0000,0x0000,
  0x0000,0x0000,0x0000,0x0000,0x0000,0x0000,0x0000,0x0000,0x0000,0x0000,0x0000,0x0000,0x0000,0x0000,0x0000,0x0000,
  0x0000,0x0000,0x0000,0x0000,0x0000,0x0000,0x0000,0x0000,0x0000,0x0000,0x0000,0x0000,0x0000,0x0000,0x0000,0x0000,
  0x0000,0x0000,0x0000,0x0000,0x0000,0x0000,0x0000,0x0000,0x0000,0x0000,0x0000,0x0000,0x0000,0x0000,0x0000,0x0000,
  0x0000,0x0000,0x0000,0x0000,0x0000,0x0000,0x0000,0x0000,0x0000,0x0000,0x0000,0x0000,0x0000,0x0000,0x0000,0x0000,
  0x0000,0x0000,0x0000,0x0000,0x0000,0x0000,0x0000,0x0000,0x0000,0x0000,0x0000,0x0000,0x0000,0x0000,0x0000,0x0000,
  0x0000,0x0000,0x0000,0x0000,0x0000,0x0000,0x0000,0x0000,0x0000,0x0000,0x0000,0x0000,0x0000,0x0000,0x0000,0x0000,
  0x0000,0x0000,0x0000,0x0000,0x0000,0x0000,0x0000,0x0000,0x0000,0x0000,0x0000,0x0000,0x0000,0x0000,0x0000,0x0000,
  0x0000,0x0000,0x0000,0x0000,0x0000,0x0000,0x0000,0x0000,0x0000,0x0000,0x0000,0x0000,0x0000,0x0000,0x0000,0x0000,
  0x0000,0x0000,0x0000,0x0000,0x0000,0x0000,0x0000,0x0000,0x0000,0x0000,0x0000,0x0000,0x0000,0x0000,0x0000,0x0000,
  0x0000,0x0000,0x0000,0x0000,0x0000,0x0000,0x0000,0x0000,0x0000,0x0000,0x0000,0x0000,0x0000,0x0000,0x0000,0x0000,
  0x0000,0x0000,0x0000,0x0000,0x0000,0x0000,0x0000,0x0000,0x0000,0x0000,0x0000,0x0000,0x0000,0x0000,0x0000,0x0000,
  0x0000,0x0000,0x0000,0x0000,0x0000,0x0000,0x0000,0x0000,0x0000,0x0000,0x0000,0x0000,0x0000,0x0000,0x0000,0x0000,
  0x0000,0x0000,0x0000,0x0000,0x0000,0x0000,0x0000,0x0000,0x0000,0x0000,0x0000,0x0000,0x0000,0x0000,0x0000,0x0000,
  0x0000,0x0000,0x0000,0x0000,0x0000,0x0000,0x0000,0x0000,0x0000,0x0000,0x0000,0x0000,0x0000,0x0000,0x0000,0x0000,
  0x0000,0x0000,0x0000,0x0000,0x0000,0x0000,0x0000,0x0000,0x0000,0x0000,0x0000,0x0000,0x0000,0x0000,0x0000,0x0000,
  0x0000,0x0000,0x0000,0x0000,0x0000,0x0000,0x0000,0x0000,0x0000,0x0000,0x0000,0x0000,0x0000,0x0000,0x0000,0x0000,
  0x0000,0x0000,0x0000,0x0000,0x0000,0x0000,0x0000,0x0000,0x0000,0x0000,0x0000,0x0000,0x0000,0x0000,0x0000,0x0000,
  0x0000,0x0000,0x0000,0x0000,0x0000,0x0000,0x0000,0x0000,0x0000,0x0000,0x0000,0x0000,0x0000,0x0000,0x0000,0x0000,
  0x0000,0x0000,0x0000,0x0000,0x0000,0x0000,0x0000,0x0000,0x0000,0x0000,0x0000,0x0000,0x0000,0x0000,0x0000,0x0000,
  0x0000,0x0000,0x0000,0x0000,0x0000,0x0000,0x0000,0x0000,0x0000,0x0000,0x0000,0x0000,0x0000,0x0000,0x0000,0x0000,
  0x0000,0x0000,0x0000,0x0000,0x0000,0x0000,0x0000,0x0000,0x0000,0x0000,0x0000,0x0000,0x0000,0x0000,0x0000,0x0000,
  0x0000,0x0000,0x0000,0x0000,0x0000,0x0000,0x0000,0x0000,0x0000,0x0000,0x0000,0x0000,0x0000,0x0000,0x0000,0x0000,
  0x0000,0x0000,0x0000,0x0000,0x0000,0x0000,0x0000,0x0000,0x0000,0x0000,0x0000,0x0000,0x0000,0x0000,0x0000,0x0000,
  0x0000,0x0000,0x0000,0x0000,0x0000,0x0000,0x0000,0x0000,0x0000,0x0000,0x0000,0x0000,0x0000,0x0000,0x0000,0x0000,
  0x0000,0x0000,0x0000,0x0000,0x0000,0x0000,0x0000,0x0000,0x0000,0x0000,0x0000,0x0000,0x0000,0x0000,0x0000,0x0000,
  0x0000,0x0000,0x0000,0x0000,0x0000,0x0000,0x0000,0x0000,0x0000,0x0000,0x0000,0x0000,0x0000,0x0000,0x0000,0x0000,
  0x0000,0x0000,0x0000,0x0000,0x0000,0x0000,0x0000,0x0000,0x0000,0x0000,0x0000,0x0000,0x0000,0x0000,0x0000,0x0000,
  0x0000,0x0000,0x0000,0x0000,0x0000,0x0000,0x0000,0x0000,0x0000,0x0000,0x0000,0x0000,0x0000,0x0000,0x0000,0x0000,
  0x0000,0x0000,0x0000,0x0000,0x0000,0x0000,0x0000,0x0000,0x0000,0x0000,0x0000,0x0000,0x0000,0x0000,0x0000,0x0000,
  0x0000,0x0000,0x0000,0x0000,0x0000,0x0000,0x0000,0x0000,0x0000,0x0000,0x0000,0x0000,0x0000,0x0000,0x0000,0x0000,
  0x0000,0x0000,0x0000,0x0000,0x0000,0x0000,0x0000,0x0000,0x0000,0x0000,0x0000,0x0000,0x0000,0x0000,0x0000,0x0000,
  0x0000,0x0000,0x0000,0x0000,0x0000,0x0000,0x0000,0x0000,0x0000,0x0000,0x0000,0x0000,0x0000,0x0000,0x0000,0x0000,
  0x0000,0x0000,0x0000,0x0000,0x0000,0x0000,0x0000,0x0000,0x0000,0x0000,0x0000,0x0000,0x0000,0x0000,0x0000,0x0000,
  0x0000,0x0000,0x0000,0x0000,0x0000,0x0000,0x0000,0x0000,0x0000,0x0000,0x0000,0x0000,0x0000,0x0000,0x0000,0x0000,
  0x0000,0x0000,0x0000,0x0000,0x0000,0x0000,0x0000,0x0000,0x0000,0x0000,0x0000,0x0000,0x0000,0x0000,0x0000,0x0000,
  0x0000,0x0000,0x0000,0x0000,0x0000,0x0000,0x0000,0x0000,0x0000,0x0000,0x0000,0x0000,0x0000,0x0000,0x0000,0x0000,
  0x0000,0x0000,0x0000,0x0000,0x0000,0x0000,0x0000,0x0000,0x0000,0x0000,0x0000,0x0000,0x0000,0x0000,0x0000,0x0000,
  0x0000,0x0000,0x0000,0x0000,0x0000,0x0000,0x0000,0x0000,0x0000,0x0000,0x0000,0x0000,0x0000,0x0000,0x0000,0x0000,
  0x0000,0x0000,0x0000,0x0000,0x0000,0x0000,0x0000,0x0000,0x0000,0x0000,0x0000,0x0000,0x0000,0x0000,0x0000,0x0000,
  0x0000,0x0000,0x0000,0x0000,0x0000,0x0000,0x0000,0x0000,0x0000,0x0000,0x0000,0x0000,0x0000,0x0000,0x0000,0x0000,
  0x0000,0x0000,0x0000,0x0000,0x0000,0x0000,0x0000,0x0000,0x0000,0x0000,0x0000,0x0000,0x0000,0x0000,0x0000,0x0000,
  0x0000,0x0000,0x0000,0x0000,0x0000,0x0000,0x0000,0x0000,0x0000,0x0000,0x0000,0x0000,0x0000,0x0000,0x0000,0x0000,
  0x0000,0x0000,0x0000,0x0000,0x0000,0x0000,0x0000,0x0000,0x0000,0x0000,0x0000,0x0000,0x0000,0x0000,0x0000,0x0000,
  0x0000,0x0000,0x0000,0x0000,0x0000,0x0000,0x0000,0x0000,0x0000,0x0000,0x0000,0x0000,0x0000,0x0000,0x0000,0x0000,
  0x0000,0x0000,0x0000,0x0000,0x0000,0x0000,0x0000,0x0000,0x0000,0x0000,0x0000,0x0000,0x0000,0x0000,0x0000,0x0000,
  0x0000,0x0000,0x0000,0x0000,0x0000,0x0000,0x0000,0x0000,0x0000,0x0000,0x0000,0x0000,0x0000,0x0000,0x0000,0x0000,
  0x0000,0x0000,0x0000,0x0000,0x0000,0x0000,0x0000,0x0000,0x0000,0x0000,0x0000,0x0000,0x0000,0x0000,0x0000,0x0000,
  0x0000,0x0000,0x0000,0x0000,0x0000,0x0000,0x0000,0x0000,0x0000,0x0000,0x0000,0x0000,0x0000,0x0000,0x0000,0x0000,
  0x0000,0x0000,0x0000,0x0000,0x0000,0x0000,0x0000,0x0000,0x0000,0x0000,0x0000,0x0000,0x0000,0x0000,0x0000,0x0000,
  0x0000,0x0000,0x0000,0x0000,0x0000,0x0000,0x0000,0x0000,0x0000,0x0000,0x0000,0x0000,0x0000,0x0000,0x0000,0x0000,
  0x0000,0x0000,0x0000,0x0000,0x0000,0x0000,0x0000,0x0000,0x0000,0x0000,0x0000,0x0000,0x0000,0x0000,0x0000,0x0000,
  0x0000,0x0000,0x0000,0x0000,0x0000,0x0000,0x0000,0x0000,0x0000,0x0000,0x0000,0x0000,0x0000,0x0000,0x0000,0x0000,
  0x0000,0x0000,0x0000,0x0000,0x0000,0x0000,0x0000,0x0000,0x0000,0x0000,0x0000,0x0000,0x0000,0x0000,0x0000,0x0000,
  0x0000,0x0000,0x0000,0x0000,0x0000,0x0000,0x0000,0x0000,0x0000,0x0000,0x0000,0x0000,0x0000,0x0000,0x0000,0x0000,
  0x0000,0x0000,0x0000,0x0000,0x0000,0x0000,0x0000,0x0000,0x0000,0x0000,0x0000,0x0000,0x0000,0x0000,0x0000,0x0000,
  0x0000,0x0000,0x0000,0x0000,0x0000,0x0000,0x0000,0x0000,0x0000,0x0000,0x0000,0x0000,0x0000,0x0000,0x0000,0x0000,
  0x0000,0x0000,0x0000,0x0000,0x0000,0x0000,0x0000,0x0000,0x0000,0x0000,0x0000,0x0000,0x0000,0x0000,0x0000,0x0000,
  0x0000,0x0000,0x0000,0x0000,0x0000,0x0000,0x0000,0x0000,0x0000,0x0000,0x0000,0x0000,0x0000,0x0000,0x0000,0x0000,
  0x0000,0x0000,0x0000,0x0000,0x0000,0x0000,0x0000,0x0000,0x0000,0x0000,0x0000,0x0000,0x0000,0x0000,0x0000,0x0000,
  0x0000,0x0000,0x0000,0x0000,0x0000,0x0000,0x0000,0x0020,0x0020,0x0020,0x0020,0x0020,0x0020,0x0020,0x0020,0x0020,
  0x0000,0x0000,0x0000,0x0020,0x0000,0x0000,0x0000,0x0000,0x0000,0x0000,0x0000,0x0020,0x0000,0x0000,0x0000,0x0000,
  0x0020,0x0020,0x0020,0x0020,0x0020,0x0020,0x0020,0x0020,0x0020,0x0000,0x0000,0x0000,0x0000,0x0000,0x0000,0x0000,
  0x0000,0x0000,0x0000,0x0020,0x2965,0x4a49,0x528a,0x2965,0x0020,0x0000,0x0000,0x0000,0x0000,0x0000,0x0000,0x0000,
  0x0000,0x0020,0x0020,0x0000,0x0000,0x0000,0x0000,0x0000,0x0000,0x0000,0x0000,0x0841,0x3186,0x52aa,0x528a,0x2965,
  0x0020,0x0000,0x0000,0x0000,0x0000,0x0000,0x0000,0x0000,0x0000,0x10a2,0x4a49,0x4a49,0x4208,0x10a2,0x0000,0x0000,
  0x0000,0x0000,0x0000,0x0000,0x0000,0x0000,0x0000,0x0020,0x0020,0x0000,0x0000,0x0000,0x0000,0x0000,0x0000,0x0020,
  0x0020,0x0020,0x0020,0x0020,0x0000,0x0000,0x0000,0x0000,0x0000,0x0000,0x0000,0x0000,0x0020,0x0020,0x0020,0x0020,
  0x0020,0x0020,0x0020,0x0020,0x0020,0x0000,0x0000,0x0000,0x0000,0x0000,0x0000,0x0000,0x0000,0x0000,0x0000,0x0000,
  0x0000,0x0000,0x0000,0x0000,0x0000,0x0000,0x0000,0x0000,0x0000,0x0000,0x0000,0x0000,0x0000,0x0000,0x0000,0x0000,
  0x0000,0x0000,0x0000,0x0000,0x0000,0x0000,0x0000,0x0000,0x0000,0x0000,0x0000,0x0000,0x0000,0x0000,0x0000,0x0000,
  0x0000,0x0000,0xf7be,0xffff,0xffff,0xffff,0xffff,0xffff,0xffff,0xffff,0xffff,0xffff,0xffdf,0x0841,0xd6ba,0xffff,
  0x6b6d,0x0000,0x0000,0x0000,0x0000,0x0000,0x5acb,0xffff,0xef5d,0x0000,0x0000,0xb5b6,0xffff,0xffff,0xffff,0xffff,
  0xffff,0xffff,0xffff,0xffff,0xffff,0x3186,0x0000,0x0000,0x0000,0x0000,0x0000,0x0000,0x0000,0x0000,0x8430,0xf7be,
  0xffff,0xffff,0xffff,0xffff,0xe71c,0x4a69,0x0000,0x0000,0x0000,0x0000,0x0000,0x0000,0x5aeb,0xffff,0xffff,0x94b2,
  0x0000,0x0000,0x0000,0x0000,0x0000,0x0000,0x5aeb,0xef5d,0xffff,0xffff,0xffff,0xffff,0xe71c,0x630c,0x0000,0x0000,
  0x0000,0x0000,0x0000,0x2965,0xd69a,0xffff,0xffff,0xffff,0xffff,0xffff,0x9cf3,0x1082,0x0000,0x0000,0x0000,0x0000,
  0x0000,0x0000,0xdedb,0xffff,0xffff,0x18c3,0x0000,0x0000,0x0000,0x0000,0x4a49,0xffff,0xffff,0xffff,0xffff,0xffff,
  0xffdf,0xce79,0x9cd3,0x18c3,0x0000,0x0000,0x0000,0x31a6,0xffff,0xffff,0xffff,0xffff,0xffff,0xffff,0xffff,0xffff,
  0xffff,0xb596,0x0000,0x0000,0x0000,0x0000,0x0000,0x0000,0x0000,0x0000,0x0000,0x0000,0x0000,0x0000,0x0000,0x0000,
  0x0000,0x0000,0x0000,0x0000,0x0000,0x0000,0x0000,0x0000,0x0000,0x0000,0x0000,0x0000,0x0000,0x0000,0x0000,0x0000,
  0x0000,0x0000,0x0000,0x0000,0x0000,0x0000,0x0000,0x0000,0x0000,0x0000,0x0000,0x0000,0x0000,0x0000,0xffdf,0xffff,
  0xffff,0xffff,0xffff,0xffff,0xffff,0xffff,0xffff,0xffff,0xffff,0x0841,0xdefb,0xffff,0x73ae,0x0000,0x0000,0x0000,
  0x0000,0x0000,0x630c,0xffff,0xf79e,0x0000,0x0000,0xbdf7,0xffff,0xffff,0xffff,0xffff,0xffff,0xffff,0xffff,0xffff,
  0xffff,0x39c7,0x0000,0x0000,0x0000,0x0000,0x0000,0x0000,0x0841,0xbdd7,0xffff,0xffff,0xffdf,0xdedb,0xf7be,0xffff,
  0xffff,0xffff,0x5aeb,0x0000,0x0000,0x0000,0x0000,0x0000,0xc618,0xffff,0xffff,0xef7d,0x0020,0x0000,0x0000,0x0000,
  0x0000,0x528a,0xffff,0xffff,0xf7be,0xd69a,0xdefb,0xffff,0xffff,0xffff,0x630c,0x0000,0x0000,0x0000,0x4a69,0xf7be,
  0xffff,0xffff,0xef5d,0xdefb,0xffff,0xffff,0xffff,0xd69a,0x0841,0x0000,0x0000,0x0000,0x0000,0x4208,0xffff,0xffff,
  0xffff,0x73ae,0x0000,0x0000,0x0000,0x0000,0x52aa,0xffff,0xffff,0xffff,0xffff,0xffff,0xffff,0xffff,0xffff,0xe73c,
  0x39c7,0x0000,0x0000,0x39e7,0xffff,0xffff,0xffff,0xffff,0xffff,0xffff,0xffff,0xffff,0xffff,0xbdd7,0x0000,0x0000,
  0x0000,0x0000,0x0000,0x0000,0x0000,0x0000,0x0000,0x0000,0x0000,0x0000,0x0000,0x0000,0x0000,0x0000,0x0000,0x0000,
  0x0000,0x0000,0x0000,0x0000,0x0000,0x0000,0x0000,0x0000,0x0000,0x0000,0x0000,0x0000,0x0000,0x0000,0x0000,0x0000,
  0x0000,0x0000,0x0000,0x0000,0x0000,0x0000,0x0000,0x0000,0x0000,0x0000,0x0841,0x0861,0x0861,0x0861,0xad75,0xffff,
  0xbdd7,0x0861,0x0861,0x0861,0x0841,0x0000,0xdefb,0xffff,0x73ae,0x0000,0x0000,0x0000,0x0000,0x0000,0x630c,0xffff,
  0xf79e,0x0000,0x0000,0xbdf7,0xffff,0x94b2,0x10a2,0x10a2,0x10a2,0x10a2,0x10a2,0x10a2,0x10a2,0x0000,0x0000,0x0000,
  0x0000,0x0000,0x0000,0x0000,0x8410,0xffff,0xffff,0x9cd3,0x0861,0x0000,0x0020,0x39e7,0xe71c,0xffff,0xf7be,0x1082,
  0x0000,0x0000,0x0000,0x2124,0xffff,0xffff,0xffff,0xffff,0x52aa,0x0000,0x0000,0x0000,0x0000,0xce59,0xffff,0xd6ba,
  0x1082,0x0000,0x0000,0x2945,0xd6ba,0xffff,0xdedb,0x0000,0x0000,0x1082,0xef7d,0xffff,0xe71c,0x4228,0x0000,0x0000,
  0x18c3,0x8c51,0xffff,0xffff,0x8430,0x0000,0x0000,0x0000,0x0000,0xa534,0xffff,0xffff,0xffff,0xd6ba,0x0000,0x0000,
  0x0000,0x0000,0x52aa,0xffff,0xffff,0x0020,0x0020,0x0841,0x2965,0x738e,0xf7be,0xffff,0xe73c,0x0841,0x0000,0x39e7,
  0xffff,0xffff,0x18e3,0x10a2,0x10a2,0x10a2,0x10a2,0x10a2,0x10a2,0x0841,0x0000,0x0000,0x0000,0x0000,0x0000,0x0000,
  0x0000,0x0000,0x0000,0x0000,0x0000,0x0000,0x0000,0x0000,0x0000,0x0000,0x0000,0x0000,0x0000,0x0000,0x0000,0x0000,
  0x0000,0x0000,0x0000,0x0000,0x0000,0x0000,0x0000,0x0000,0x0000,0x0000,0x0000,0x0000,0x0000,0x0000,0x0000,0x0000,
  0x0000,0x0000,0x0000,0x0000,0x0000,0x0000,0x0000,0x0000,0x0000,0x0000,0xa534,0xffff,0xb596,0x0000,0x0000,0x0000,
  0x0000,0x0000,0xdefb,0xffff,0x73ae,0x0000,0x0000,0x0000,0x0000,0x0000,0x630c,0xffff,0xf79e,0x0000,0x0000,0xbdf7,
  0xffff,0x8430,0x0000,0x0000,0x0000,0x0000,0x0000,0x0000,0x0000,0x0000,0x0000,0x0000,0x0000,0x0000,0x0000,0x10a2,
  0xf7be,0xffff,0xb5b6,0x0000,0x0000,0x0000,0x0000,0x0000,0x4a69,0xffff,0xffff,0x4a69,0x0000,0x0000,0x0000,0x8c51,
  0xffff,0xe71c,0xdedb,0xffff,0xb5b6,0x0000,0x0000,0x0000,0x0000,0xf7be,0xffff,0x94b2,0x0000,0x0000,0x0000,0x0000,
  0x630c,0xffff,0xffdf,0x0000,0x0000,0x8c71,0xffff,0xffff,0x31a6,0x0000,0x0000,0x0000,0x0000,0x0000,0xce59,0xffff,
  0xce79,0x0000,0x0000,0x0000,0x1082,0xf7be,0xffff,0xbdf7,0xffff,0xffff,0x31a6,0x0000,0x0000,0x0000,0x52aa,0xffff,
  0xffff,0x0000,0x0000,0x0000,0x0000,0x0000,0x4228,0xffff,0xffff,0x7bcf,0x0000,0x39e7,0xffff,0xffff,0x0020,0x0000,
  0x0000,0x0000,0x0000,0x0000,0x0000,0x0000,0x0000,0x0000,0x0000,0x0000,0x0000,0x0000,0x0000,0x0000,0x0000,0x0000,
  0x0000,0x0000,0x0000,0x0000,0x0000,0x0000,0x0000,0x0000,0x0000,0x0000,0x0000,0x0000,0x0000,0x0000,0x0000,0x0000,
  0x0000,0x0000,0x0000,0x0000,0x0000,0x0000,0x0000,0x0000,0x0000,0x0000,0x0000,0x0000,0x0000,0x0000,0x0000,0x0000,
  0x0000,0x0000,0x0000,0x0000,0x0000,0x0000,0xa534,0xffff,0xb596,0x0000,0x0000,0x0000,0x0000,0x0000,0xdefb,0xffff,
  0x73ae,0x0000,0x0000,0x0000,0x0000,0x0000,0x630c,0xffff,0xf79e,0x0000,0x0000,0xbdf7,0xffff,0x8430,0x0000,0x0000,
  0x0000,0x0000,0x0000,0x0000,0x0000,0x0000,0x0000,0x0000,0x0000,0x0000,0x0000,0x4208,0xffff,0xffff,0x31a6,0x0000,
  0x0000,0x0000,0x0000,0x0000,0x0000,0x2965,0x3186,0x0841,0x0000,0x0000,0x0020,0xe73c,0xffff,0x8410,0x7bcf,0xffff,
  0xffff,0x18c3,0x0000,0x0000,0x0000,0xdefb,0xffff,0xf79e,0x5acb,0x1082,0x0000,0x0000,0x0020,0x18c3,0x10a2,0x0000,
  0x0000,0xc618,0xffff,0xb5b6,0x0000,0x0000,0x0000,0x0000,0x0000,0x0000,0x10a2,0x3186,0x2104,0x0000,0x0000,0x0000,
  0x6b6d,0xffff,0xf7be,0x10a2,0xf79e,0xffff,0x94b2,0x0000,0x0000,0x0000,0x52aa,0xffff,0xffff,0x0000,0x0000,0x0000,
  0x0000,0x0000,0x0000,0xce79,0xffff,0xb596,0x0000,0x39e7,0xffff,0xffff,0x0020,0x0000,0x0000,0x0000,0x0000,0x0000,
  0x0000,0x0000,0x0000,0x0000,0x0000,0x0000,0x0000,0x0000,0x0000,0x0000,0x0000,0x0000,0x0000,0x0000,0x0000,0x0000,
  0x0000,0x0000,0x0000,0x0000,0x0000,0x0000,0x0000,0x0000,0x0000,0x0000,0x0000,0x0000,0x0000,0x0000,0x0000,0x0000,
  0x0000,0x0000,0x0000,0x0000,0x0000,0x0000,0x0000,0x0000,0x0000,0x0000,0x0000,0x0000,0x0000,0x0000,0x0000,0x0000,
  0x0000,0x0000,0xa534,0xffff,0xb596,0x0000,0x0000,0x0000,0x0000,0x0000,0xdefb,0xffff,0xffff,0xf79e,0xf79e,0xf79e,
  0xf79e,0xf79e,0xffff,0xffff,0xf79e,0x0000,0x0000,0xbdf7,0xffff,0xef7d,0xc638,0xc638,0xc638,0xc638,0xc638,0xc638,
  0x7bcf,0x0000,0x0000,0x0000,0x0000,0x0000,0x0000,0x6b4d,0xffff,0xffff,0x0841,0x0000,0x0000,0x0000,0x0000,0x0000,
  0x0000,0x0000,0x0000,0x0000,0x0000,0x0000,0x528a,0xffff,0xffff,0x2104,0x2104,0xffff,0xffff,0x73ae,0x0000,0x0000,
  0x0000,0x7bcf,0xffff,0xffff,0xffff,0xffff,0xd69a,0x94b2,0x528a,0x0020,0x0000,0x0000,0x0000,0xef5d,0xffff,0x8430,
  0x0000,0x0000,0x0000,0x0000,0x0000,0x0000,0x0000,0x0000,0x0000,0x0000,0x0000,0x0000,0xd69a,0xffff,0xa514,0x0000,
  0x9cf3,0xffff,0xef7d,0x0020,0x0000,0x0000,0x52aa,0xffff,0xffff,0x0000,0x0000,0x0000,0x0000,0x0000,0x0000,0x9cd3,
  0xffff,0xd6ba,0x0000,0x39e7,0xffff,0xffff,0xce59,0xc638,0xc638,0xc638,0xc638,0xc638,0xc638,0x10a2,0x0000,0x0000,
  0x0000,0x0000,0x0000,0x0000,0x0000,0x0000,0x0000,0x0000,0x0000,0x0000,0x0000,0x0000,0x0000,0x0000,0x0000,0x0000,
  0x0000,0x0000,0x0000,0x0000,0x0000,0x0000,0x0000,0x0000,0x0000,0x0000,0x0000,0x0000,0x0000,0x0000,0x0000,0x0000,
  0x0000,0x0000,0x0000,0x0000,0x0000,0x0000,0x0000,0x0000,0x0000,0x0000,0x0000,0x0000,0x0000,0x0000,0xa534,0xffff,
  0xb596,0x0000,0x0000,0x0000,0x0000,0x0000,0xdefb,0xffff,0xffff,0xffff,0xffff,0xffff,0xffff,0xffff,0xffff,0xffff,
  0xf79e,0x0000,0x0000,0xbdf7,0xffff,0xffff,0xffff,0xffff,0xffff,0xffff,0xffff,0xffff,0xa534,0x0000,0x0000,0x0000,
  0x0000,0x0000,0x0000,0x7bcf,0xffff,0xf79e,0x0000,0x0000,0x0000,0x0000,0x0000,0x0000,0x0000,0x0000,0x0000,0x0000,
  0x0000,0x0000,0xb5b6,0xffff,0xbdf7,0x0000,0x0000,0xc618,0xffff,0xd6ba,0x0000,0x0000,0x0000,0x0000,0x6b4d,0xd69a,
  0xffff,0xffff,0xffff,0xffff,0xffff,0xef5d,0x528a,0x0000,0x0000,0xffdf,0xffff,0x738e,0x0000,0x0000,0x0000,0x0000,
  0x0000,0x0000,0x0000,0x0000,0x0000,0x0000,0x0000,0x31a6,0xffff,0xffff,0x39e7,0x0000,0x4208,0xffff,0xffff,0x52aa,
  0x0000,0x0000,0x52aa,0xffff,0xffff,0x0000,0x0000,0x0000,0x0000,0x0000,0x0000,0x8410,0xffff,0xe71c,0x0000,0x39e7,
  0xffff,0xffff,0xffff,0xffff,0xffff,0xffff,0xffff,0xffff,0xffff,0x2124,0x0000,0x0000,0x0000,0x0000,0x0000,0x0000,
  0x0000,0x0000,0x0000,0x0000,0x0000,0x0000,0x0000,0x0000,0x0000,0x0000,0x0000,0x0000,0x0000,0x0000,0x0000,0x0000,
  0x0000,0x0000,0x0000,0x0000,0x0000,0x0000,0x0000,0x0000,0x0000,0x0000,0x0000,0x0000,0x0000,0x0000,0x0000,0x0000,
  0x0000,0x0000,0x0000,0x0000,0x0000,0x0000,0x0000,0x0000,0x0000,0x0000,0xa534,0xffff,0xb596,0x0000,0x0000,0x0000,
  0x0000,0x0000,0xdefb,0xffff,0x8c51,0x18c3,0x18c3,0x18c3,0x18c3,0x18c3,0x7bcf,0xffff,0xf79e,0x0000,0x0000,0xbdf7,
  0xffff,0xad55,0x39c7,0x39c7,0x39c7,0x39c7,0x39c7,0x39c7,0x18c3,0x0000,0x0000,0x0000,0x0000,0x0000,0x0000,0x5acb,
  0xffff,0xffff,0x0020,0x0000,0x0000,0x0000,0x0000,0x0000,0x0000,0x2124,0x3186,0x0861,0x0000,0x18c3,0xffff,0xffff,
  0xffff,0xbdd7,0xbdd7,0xffff,0xffff,0xffff,0x31a6,0x0000,0x0000,0x0000,0x0000,0x0000,0x18c3,0x52aa,0x9492,0xe73c,
  0xffff,0xffff,0xf7be,0x18e3,0x0000,0xdedb,0xffff,0x8430,0x0000,0x0000,0x0000,0x0000,0x0000,0x0000,0x0861,0x3186,
  0x2124,0x0000,0x0000,0x9cd3,0xffff,0xffff,0xbdd7,0xbdd7,0xbdd7,0xffff,0xffff,0xb5b6,0x0000,0x0000,0x52aa,0xffff,
  0xffff,0x0000,0x0000,0x0000,0x0000,0x0000,0x0000,0x9cd3,0xffff,0xb596,0x0000,0x39e7,0xffff,0xffff,0x4208,0x39c7,
  0x39c7,0x39c7,0x39c7,0x39c7,0x31a6,0x0000,0x0000,0x0000,0x0000,0x0000,0x0000,0x0000,0x0000,0x0000,0x0000,0x0000,
  0x0000,0x0000,0x0000,0x0000,0x0000,0x0000,0x0000,0x0000,0x0000,0x0000,0x0000,0x0000,0x0000,0x0000,0x0000,0x0000,
  0x0000,0x0000,0x0000,0x0000,0x0000,0x0000,0x0000,0x0000,0x0000,0x0000,0x0000,0x0000,0x0000,0x0000,0x0000,0x0000,
  0x0000,0x0000,0x0000,0x0000,0x0000,0x0000,0xa534,0xffff,0xb596,0x0000,0x0000,0x0000,0x0000,0x0000,0xdefb,0xffff,
  0x73ae,0x0000,0x0000,0x0000,0x0000,0x0000,0x630c,0xffff,0xf79e,0x0000,0x0000,0xbdf7,0xffff,0x8430,0x0000,0x0000,
  0x0000,0x0000,0x0000,0x0000,0x0000,0x0000,0x0000,0x0000,0x0000,0x0000,0x0000,0x3186,0xffff,0xffff,0x39e7,0x0000,
  0x0000,0x0000,0x0000,0x0000,0x1082,0xf7be,0xffff,0x738e,0x0000,0x7bef,0xffff,0xffff,0xffff,0xffff,0xffff,0xffff,
  0xffff,0xffff,0x94b2,0x0000,0x4208,0xa514,0x8c71,0x0000,0x0000,0x0000,0x0000,0x0000,0x73ae,0xffff,0xffff,0x5aeb,
  0x0000,0xb596,0xffff,0xbdf7,0x0000,0x0000,0x0000,0x0000,0x0000,0x0000,0x8430,0xffff,0xef7d,0x0000,0x0841,0xf79e,
  0xffff,0xffff,0xffff,0xffff,0xffff,0xffff,0xffff,0xffff,0x18c3,0x0000,0x52aa,0xffff,0xffff,0x0000,0x0000,0x0000,
  0x0000,0x0000,0x0020,0xef5d,0xffff,0x7bcf,0x0000,0x39e7,0xffff,0xffff,0x0020,0x0000,0x0000,0x0000,0x0000,0x0000,
  0x0000,0x0000,0x0000,0x0000,0x0000,0x0000,0x0000,0x0000,0x0000,0x0000,0x0000,0x0000,0x0000,0x0000,0x0000,0x0000,
  0x0000,0x0000,0x0000,0x0000,0x0000,0x0000,0x0000,0x0000,0x0000,0x0000,0x0000,0x0000,0x0000,0x0000,0x0000,0x0000,
  0x0000,0x0000,0x0000,0x0000,0x0000,0x0000,0x0000,0x0000,0x0000,0x0000,0x0000,0x0000,0x0000,0x0000,0x0000,0x0000,
  0x0000,0x0000,0xa534,0xffff,0xb596,0x0000,0x0000,0x0000,0x0000,0x0000,0xdefb,0xffff,0x73ae,0x0000,0x0000,0x0000,
  0x0000,0x0000,0x630c,0xffff,0xf79e,0x0000,0x0000,0xbdf7,0xffff,0x8430,0x0000,0x0000,0x0000,0x0000,0x0000,0x0000,
  0x0000,0x0000,0x0000,0x0000,0x0000,0x0000,0x0000,0x0841,0xffdf,0xffff,0xbdd7,0x0000,0x0000,0x0000,0x0000,0x0000,
  0x738e,0xffff,0xffff,0x39c7,0x0000,0xdefb,0xffff,0xad75,0x31a6,0x31a6,0x31a6,0x31a6,0xad75,0xffff,0xef7d,0x0841,
  0x528a,0xffff,0xffff,0x2104,0x0000,0x0000,0x0000,0x0000,0x0841,0xffff,0xffff,0x6b4d,0x0000,0x8410,0xffff,0xffff,
  0x39e7,0x0000,0x0000,0x0000,0x0000,0x0841,0xe73c,0xffff,0xbdd7,0x0000,0x630c,0xffff,0xffff,0x4a49,0x31a6,0x31a6,
  0x31a6,0x4a49,0xffff,0xffff,0x73ae,0x0000,0x52aa,0xffff,0xffff,0x0000,0x0000,0x0000,0x0000,0x0000,0x6b6d,0xffff,
  0xffff,0x4208,0x0000,0x39e7,0xffff,0xffff,0x0020,0x0000,0x0000,0x0000,0x0000,0x0000,0x0000,0x0000,0x0000,0x0000,
  0x0000,0x0000,0x0000,0x0000,0x0000,0x0000,0x0000,0x0000,0x0000,0x0000,0x0000,0x0000,0x0000,0x0000,0x0000,0x0000,
  0x0000,0x0000,0x0000,0x0000,0x0000,0x0000,0x0000,0x0000,0x0000,0x0000,0x0000,0x0000,0x0000,0x0000,0x0000,0x0000,
  0x0000,0x0000,0x0000,0x0000,0x0000,0x0000,0x0000,0x0000,0x0000,0x0000,0x0000,0x0000,0x0000,0x0000,0xa534,0xffff,
  0xb596,0x0000,0x0000,0x0000,0x0000,0x0000,0xdefb,0xffff,0x73ae,0x0000,0x0000,0x0000,0x0000,0x0000,0x630c,0xffff,
  0xf79e,0x0000,0x0000,0xbdf7,0xffff,0x94b2,0x1082,0x1082,0x1082,0x1082,0x1082,0x1082,0x1082,0x0000,0x0000,0x0000,
  0x0000,0x0000,0x0000,0x0000,0x7bcf,0xffff,0xffff,0xad55,0x1082,0x0000,0x0000,0x630c,0xffdf,0xffff,0xce79,0x0000,
  0x4228,0xffff,0xffff,0x4208,0x0000,0x0000,0x0000,0x0000,0x4228,0xffff,0xffff,0x52aa,0x18e3,0xffff,0xffff,0xbdf7,
  0x10a2,0x0000,0x0000,0x0020,0x8430,0xffff,0xffff,0x39c7,0x0000,0x1082,0xe73c,0xffff,0xef7d,0x4a69,0x0000,0x0000,
  0x18c3,0xc638,0xffff,0xffff,0x4a69,0x0000,0xc638,0xffff,0xc618,0x0000,0x0000,0x0000,0x0000,0x0000,0xc638,0xffff,
  0xd6ba,0x0000,0x52aa,0xffff,0xffff,0x0841,0x0841,0x0841,0x2124,0x9cd3,0xffff,0xffff,0xc638,0x0020,0x0000,0x39e7,
  0xffff,0xffff,0x18c3,0x1082,0x1082,0x1082,0x1082,0x1082,0x1082,0x0861,0x0000,0x0000,0x0000,0x0000,0x0000,0x0000,
  0x0000,0x0000,0x0000,0x0000,0x0000,0x0000,0x0000,0x0000,0x0000,0x0000,0x0000,0x0000,0x0000,0x0000,0x0000,0x0000,
  0x0000,0x0000,0x0000,0x0000,0x0000,0x0000,0x0000,0x0000,0x0000,0x0000,0x0000,0x0000,0x0000,0x0000,0x0000,0x0000,
  0x0000,0x0000,0x0000,0x0000,0x0000,0x0000,0x0000,0x0000,0x0000,0x0000,0xa534,0xffff,0xb596,0x0000,0x0000,0x0000,
  0x0000,0x0000,0xdefb,0xffff,0x73ae,0x0000,0x0000,0x0000,0x0000,0x0000,0x630c,0xffff,0xf79e,0x0000,0x0000,0xbdf7,
  0xffff,0xffff,0xffff,0xffff,0xffff,0xffff,0xffff,0xffff,0xffff,0x5acb,0x0000,0x0000,0x0000,0x0000,0x0000,0x0000,
  0x0000,0xce59,0xffff,0xffff,0xffff,0xe71c,0xf79e,0xffff,0xffff,0xef7d,0x2945,0x0000,0xa534,0xffff,0xe71c,0x0000,
  0x0000,0x0000,0x0000,0x0000,0x0020,0xef5d,0xffff,0xbdd7,0x0000,0x8c71,0xffff,0xffff,0xf7be,0xce79,0xc638,0xef5d,
  0xffff,0xffff,0xc638,0x0020,0x0000,0x0000,0x4a69,0xffff,0xffff,0xffff,0xf79e,0xe71c,0xffff,0xffff,0xffff,0x9cd3,
  0x0000,0x2945,0xffff,0xffff,0x632c,0x0000,0x0000,0x0000,0x0000,0x0000,0x6b6d,0xffff,0xffff,0x39c7,0x52aa,0xffff,
  0xffff,0xffff,0xffff,0xffff,0xffff,0xffff,0xffff,0xdefb,0x10a2,0x0000,0x0000,0x39e7,0xffff,0xffff,0xffff,0xffff,
  0xffff,0xffff,0xffff,0xffff,0xffff,0xdedb,0x0000,0x0000,0x0000,0x0000,0x0000,0x0000,0x0000,0x0000,0x0000,0x0000,
  0x0000,0x0000,0x0000,0x0000,0x0000,0x0000,0x0000,0x0000,0x0000,0x0000,0x0000,0x0000,0x0000,0x0000,0x0000,0x0000,
  0x0000,0x0000,0x0000,0x0000,0x0000,0x0000,0x0000,0x0000,0x0000,0x0000,0x0000,0x0000,0x0000,0x0000,0x0000,0x0000,
  0x0000,0x0000,0x0000,0x0000,0x0000,0x0000,0x9cd3,0xffff,0xad55,0x0000,0x0000,0x0000,0x0000,0x0000,0xd6ba,0xffff,
  0x6b6d,0x0000,0x0000,0x0000,0x0000,0x0000,0x5acb,0xffff,0xef5d,0x0000,0x0000,0xb5b6,0xffff,0xffff,0xffff,0xffff,
  0xffff,0xffff,0xffff,0xffff,0xffff,0x528a,0x0000,0x0000,0x0000,0x0000,0x0000,0x0000,0x0000,0x0861,0x8c71,0xffdf,
  0xffff,0xffff,0xffff,0xffff,0xb5b6,0x18c3,0x0000,0x0000,0xe73c,0xffff,0x8430,0x0000,0x0000,0x0000,0x0000,0x0000,
  0x0000,0x94b2,0xffff,0xf79e,0x0000,0x0020,0x7bcf,0xf79e,0xffff,0xffff,0xffff,0xffff,0xf7be,0x9cf3,0x0861,0x0000,
  0x0000,0x0000,0x0000,0x4208,0xd6ba,0xffff,0xffff,0xffff,0xffff,0xef7d,0x630c,0x0000,0x0000,0x632c,0xffff,0xf7be,
  0x0861,0x0000,0x0000,0x0000,0x0000,0x0000,0x18c3,0xffff,0xffff,0x73ae,0x4a49,0xffff,0xffff,0xffff,0xffff,0xffff,
  0xf7be,0xbdd7,0x7bcf,0x18e3,0x0000,0x0000,0x0000,0x31a6,0xffff,0xffff,0xffff,0xffff,0xffff,0xffff,0xffff,0xffff,
  0xffff,0xd69a,0x0000,0x0000,0x0000,0x0000,0x0000,0x0000,0x0000,0x0000,0x0000,0x0000,0x0000,0x0000,0x0000,0x0000,
  0x0000,0x0000,0x0000,0x0000,0x0000,0x0000,0x0000,0x0000,0x0000,0x0000,0x0000,0x0000,0x0000,0x0000,0x0000,0x0000,
  0x0000,0x0000,0x0000,0x0000,0x0000,0x0000,0x0000,0x0000,0x0000,0x0000,0x0000,0x0000,0x0000,0x0000,0x0000,0x0000,
  0x0000,0x0000,0x0000,0x0000,0x0000,0x0000,0x0000,0x0000,0x0000,0x0000,0x0000,0x0000,0x0000,0x0000,0x0000,0x0000,
  0x0000,0x0000,0x0000,0x0000,0x0000,0x0000,0x0000,0x0000,0x0000,0x0000,0x0000,0x0000,0x0000,0x0000,0x0000,0x0000,
  0x0000,0x0000,0x0000,0x0000,0x0000,0x0000,0x0000,0x0000,0x0000,0x0000,0x0000,0x0841,0x3186,0x528a,0x39c7,0x0861,
  0x0000,0x0000,0x0000,0x0000,0x0000,0x0000,0x0000,0x0000,0x0000,0x0000,0x0000,0x0000,0x0000,0x0000,0x0000,0x0000,
  0x0000,0x0000,0x0000,0x0861,0x31a6,0x52aa,0x5acb,0x39c7,0x0861,0x0000,0x0000,0x0000,0x0000,0x0000,0x0000,0x0000,
  0x0000,0x18e3,0x4a49,0x4a69,0x2104,0x0000,0x0000,0x0000,0x0000,0x0000,0x0000,0x0000,0x0000,0x0000,0x0000,0x0000,
  0x0000,0x0000,0x0000,0x0000,0x0000,0x0000,0x0000,0x0000,0x0000,0x0000,0x0000,0x0000,0x0000,0x0000,0x0000,0x0000,
  0x0000,0x0000,0x0000,0x0000,0x0000,0x0000,0x0000,0x0000,0x0000,0x0000,0x0000,0x0000,0x0000,0x0000,0x0000,0x0000,
  0x0000,0x0000,0x0000,0x0000,0x0000,0x0000,0x0000,0x0000,0x0000,0x0000,0x0000,0x0000,0x0000,0x0000,0x0000,0x0000,
  0x0000,0x0000,0x0000,0x0000,0x0000,0x0000,0x0000,0x0000,0x0000,0x0000,0x0000,0x0000,0x0000,0x0000,0x0000,0x0000,
  0x0000,0x0000,0x0000,0x0000,0x0000,0x0000,0x0000,0x0000,0x0000,0x0000,0x0000,0x0000,0x0000,0x0000,0x0000,0x0000,
  0x0000,0x0000,0x0000,0x0000,0x0000,0x0000,0x0000,0x0000,0x0000,0x0000,0x0000,0x0000,0x0000,0x0000,0x0000,0x0000,
  0x0000,0x0000,0x0000,0x0000,0x0000,0x0000,0x0000,0x0000,0x0000,0x0000,0x0000,0x0000,0x0000,0x0000,0x0000,0x0000,
  0x0000,0x0000,0x0000,0x0000,0x0000,0x0000,0x0000,0x0000,0x0000,0x0000,0x0000,0x0000,0x0000,0x0000,0x0000,0x0000,
  0x0000,0x0000,0x0000,0x0000,0x0000,0x0000,0x0000,0x0000,0x0000,0x0000,0x0000,0x0000,0x0000,0x0000,0x0000,0x0000,
  0x0000,0x0000,0x0000,0x0000,0x0000,0x0000,0x0000,0x0000,0x0000,0x0000,0x0000,0x0000,0x0000,0x0000,0x0000,0x0000,
  0x0000,0x0000,0x0000,0x0000,0x0000,0x0000,0x0000,0x0000,0x0000,0x0000,0x0000,0x0000,0x0000,0x0000,0x0000,0x0000,
  0x0000,0x0000,0x0000,0x0000,0x0000,0x0000,0x0000,0x0000,0x0000,0x0000,0x0000,0x0000,0x0000,0x0000,0x0000,0x0000,
  0x0000,0x0000,0x0000,0x0000,0x0000,0x0000,0x0000,0x0000,0x0000,0x0000,0x0000,0x0000,0x0000,0x0000,0x0000,0x0000,
  0x0000,0x0000,0x0000,0x0000,0x0000,0x0000,0x0000,0x0000,0x0000,0x0000,0x0000,0x0000,0x0000,0x0000,0x0000,0x0000,
  0x0000,0x0000,0x0000,0x0000,0x0000,0x0000,0x0000,0x0000,0x0000,0x0000,0x0000,0x0000,0x0000,0x0000,0x0000,0x0000,
  0x0000,0x0000,0x0000,0x0000,0x0000,0x0000,0x0000,0x0000,0x0000,0x0000,0x0000,0x0000,0x0000,0x0000,0x0000,0x0000,
  0x0000,0x0000,0x0000,0x0000,0x0000,0x0000,0x0000,0x0000,0x0000,0x0000,0x0000,0x0000,0x0000,0x0000,0x0000,0x0000,
  0x0000,0x0000,0x0000,0x0000,0x0000,0x0000,0x0000,0x0000,0x0000,0x0000,0x0000,0x0000,0x0000,0x0000,0x0000,0x0000,
  0x0000,0x0000,0x0000,0x0000,0x0000,0x0000,0x0000,0x0000,0x0000,0x0000,0x0000,0x0000,0x0000,0x0000,0x0000,0x0000,
  0x0000,0x0000,0x0000,0x0000,0x0000,0x0000,0x0000,0x0000,0x0000,0x0000,0x0000,0x0000,0x0000,0x0000,0x0000,0x0000,
  0x0000,0x0000,0x0000,0x0000,0x0000,0x0000,0x0000,0x0000,0x0000,0x0000,0x0000,0x0000,0x0000,0x0000,0x0000,0x0000,
  0x0000,0x0000,0x0000,0x0000,0x0000,0x0000,0x0000,0x0000,0x0000,0x0000,0x0000,0x0000,0x0000,0x0000,0x0000,0x0000,
  0x0000,0x0000,0x0000,0x0000,0x0000,0x0000,0x0000,0x0000,0x0000,0x0000,0x0000,0x0000,0x0000,0x0000,0x0000,0x0000,
  0x0000,0x0000,0x0000,0x0000,0x0000,0x0000,0x0000,0x0000,0x0000,0x0000,0x0000,0x0000,0x0000,0x0000,0x0000,0x0000,
  0x0000,0x0000,0x0000,0x0000,0x0000,0x0000,0x0000,0x0000,0x0000,0x0000,0x0000,0x0000,0x0000,0x0000,0x0000,0x0000,
  0x0000,0x0000,0x0000,0x0000,0x0000,0x0000,0x0000,0x0000,0x0000,0x0000,0x0000,0x0000,0x0000,0x0000,0x0000,0x0000,
  0x0000,0x0000,0x0000,0x0000,0x0000,0x0000,0x0000,0x0000,0x0000,0x0000,0x0000,0x0000,0x0000,0x0000,0x0000,0x0000,
  0x0000,0x0000,0x0000,0x0000,0x0000,0x0000,0x0000,0x0000,0x0000,0x0000,0x0000,0x0000,0x0000,0x0000,0x0000,0x0000,
  0x0000,0x0000,0x0000,0x0000,0x0000,0x0000,0x0000,0x0000,0x0000,0x0000,0x0000,0x0000,0x0000,0x0000,0x0000,0x0000,
  0x0000,0x0000,0x0000,0x0000,0x0000,0x0000,0x0000,0x0000,0x0000,0x0000,0x0000,0x0000,0x0000,0x0000,0x0000,0x0000,
  0x0000,0x0000,0x0000,0x0000,0x0000,0x0000,0x0000,0x0000,0x0000,0x0000,0x0000,0x0000,0x0000,0x0000,0x0000,0x0000,
  0x0000,0x0000,0x0000,0x0000,0x0000,0x0000,0x0000,0x0000,0x0000,0x0000,0x0000,0x0000,0x0000,0x0000,0x0000,0x0000,
  0x0000,0x0000,0x0000,0x0000,0x0000,0x0000,0x0000,0x0000,0x0000,0x0000,0x0000,0x0000,0x0000,0x0000,0x0000,0x0000,
  0x0000,0x0000,0x0000,0x0000,0x0000,0x0000,0x0000,0x0000,0x0000,0x0000,0x0000,0x0000,0x0000,0x0000,0x0000,0x0000,
  0x0000,0x0000,0x0000,0x0000,0x0000,0x0000,0x0000,0x0000,0x0000,0x0000,0x0000,0x0000,0x0000,0x0000,0x0000,0x0000,
  0x0000,0x0000,0x0000,0x0000,0x0000,0x0000,0x0000,0x0000,0x0000,0x0000,0x0000,0x0000,0x0000,0x0000,0x0000,0x0000,
  0x0000,0x0000,0x0000,0x0000,0x0000,0x0000,0x0000,0x0000,0x0000,0x0000,0x0000,0x0000,0x0000,0x0000,0x0000,0x0000,
  0x0000,0x0000,0x0000,0x0000,0x0000,0x0000,0x0000,0x0000,0x0000,0x0000,0x0000,0x0000,0x0000,0x0000,0x0000,0x0000,
  0x0000,0x0000,0x0000,0x0000,0x0000,0x0000,0x0000,0x0000,0x0000,0x0000,0x0000,0x0000,0x0000,0x0000,0x0000,0x0000,
  0x0000,0x0000,0x0000,0x0000,0x0000,0x0000,0x0000,0x0000,0x0000,0x0000,0x0000,0x0000,0x0000,0x0000,0x0000,0x0000,
  0x0000,0x0000,0x0000,0x0000,0x0000,0x0000,0x0000,0x0000,0x0000,0x0000,0x0000,0x0000,0x0000,0x0000,0x0000,0x0000,
  0x0000,0x0000,0x0000,0x0000,0x0000,0x0000,0x0000,0x0000,0x0000,0x0000,0x0000,0x0000,0x0000,0x0000,0x0000,0x0000,
  0x0000,0x0000,0x0000,0x0000,0x0000,0x0000,0x0000,0x0000,0x0000,0x0000,0x0000,0x0000,0x0000,0x0000,0x0000,0x0000,
  0x0000,0x0000,0x0000,0x0000,0x0000,0x0000,0x0000,0x0000,0x0000,0x0000,0x0000,0x0000,0x0000,0x0000,0x0000,0x0000,
  0x0000,0x0000,0x0000,0x0000,0x0000,0x0000,0x0000,0x0000,0x0000,0x0000,0x0000,0x0000,0x0000,0x0000,0x0000,0x0000,
  0x0000,0x0000,0x0000,0x0000,0x0000,0x0000,0x0000,0x0000,0x0000,0x0000,0x0000,0x0000,0x0000,0x0000,0x0000,0x0000,
  0x0000,0x0000,0x0000,0x0000,0x0000,0x0000,0x0000,0x0000,0x0000,0x0000,0x0000,0x0000,0x0000,0x0000,0x0000,0x0000,
  0x0000,0x0000,0x0000,0x0000,0x0000,0x0000,0x0000,0x0000,0x0000,0x0000,0x0000,0x0000,0x0000,0x0000,0x0000,0x0000,
  0x0000,0x0000,0x0000,0x0000,0x0000,0x0000,0x0000,0x0000,0x0000,0x0000,0x0000,0x0000,0x0000,0x0000,0x0000,0x0000,
  0x0000,0x0000,0x0000,0x0000,0x0000,0x0000,0x0000,0x0000,0x0000,0x0000,0x0000,0x0000,0x0000,0x0000,0x0000,0x0000,
  0x0000,0x0000,0x0000,0x0000,0x0000,0x0000,0x0000,0x0000,0x0000,0x0000,0x0000,0x0000,0x0000,0x0000,0x0000,0x0000,
  0x0000,0x0000,0x0000,0x0000,0x0000,0x0000,0x0000,0x0000,0x0000,0x0000,0x0000,0x0000,0x0000,0x0000,0x0000,0x0000,
  0x0000,0x0000,0x0000,0x0000,0x0000,0x0000,0x0000,0x0000,0x0000,0x0000,0x0000,0x0000,0x0000,0x0000,0x0000,0x0000,
  0x0000,0x0000,0x0000,0x0000,0x0000,0x0000,0x0000,0x0000,0x0000,0x0000,0x0000,0x0000,0x0000,0x0000,0x0000,0x0000,
  0x0000,0x0000,0x0000,0x0000,0x0000,0x0000,0x0000,0x0000,0x0000,0x0000,0x0000,0x0000,0x0000,0x0000,0x0000,0x0000,
  0x0000,0x0000,0x0000,0x0000,0x0000,0x0000,0x0000,0x0000,0x0000,0x0000,0x0000,0x0000,0x0000,0x0000,0x0000,0x0000,
  0x0000,0x0000,0x0000,0x0000,0x0000,0x0000,0x0000,0x0000,0x0000,0x0000,0x0000,0x0000,0x0000,0x0000,0x0000,0x0000,
  0x0000,0x0000,0x0000,0x0000,0x0000,0x0000,0x0000,0x0000,0x0000,0x0000,0x0000,0x0000,0x0000,0x0000,0x0000,0x0000,
  0x0000,0x0000,0x0000,0x0000,0x0000,0x0000,0x0000,0x0000,0x0000,0x0000,0x0000,0x0000,0x0000,0x0000,0x0000,0x0000,
  0x0000,0x0000,0x0000,0x0000,0x0000,0x0000,0x0000,0x0000,0x0000,0x0000,0x0000,0x0000,0x0000,0x0000,0x0000,0x0000,
  0x0000,0x0000,0x0000,0x0000,0x0000,0x0000,0x0000,0x0000,0x0000,0x0000,0x0000,0x0000,0x0000,0x0000,0x0000,0x0000,
  0x0000,0x0000,0x0000,0x0000,0x0000,0x0000,0x0000,0x0000,0x0000,0x0000,0x0000,0x0000,0x0000,0x0000,0x0000,0x0000,
  0x0000,0x0000,0x0000,0x0000,0x0000,0x0000,0x0000,0x0000,0x0000,0x0000,0x0000,0x0000,0x0000,0x0000,0x0000,0x0000,
  0x0000,0x0000,0x0000,0x0000,0x0000,0x0000,0x0000,0x0000,0x0000,0x0000,0x0000,0x0000,0x0000,0x0000,0x0000,0x0000,
  0x0000,0x0000,0x0000,0x0000,0x0000,0x0000,0x0000,0x0000,0x0000,0x0000,0x0000,0x0000,0x0000,0x0000,0x0000,0x0000,
  0x0000,0x0000,0x0000,0x0000,0x0000,0x0000,0x0000,0x0000,0x0000,0x0000,0x0000,0x0000,0x0000,0x0000,0x0000,0x0000,
  0x0000,0x0000,0x0000,0x0000,0x0000,0x0000,0x0000,0x0000,0x0000,0x0000,0x0000,0x0000,0x0000,0x0000,0x0000,0x0000,
  0x0000,0x0000,0x0000,0x0000,0x0000,0x0000,0x0000,0x0000,0x0000,0x0000,0x0000,0x0000,0x0000,0x0000,0x0000,0x0000,
  0x0000,0x0000,0x0000,0x0000,0x0000,0x0000,0x0000,0x0000,0x0000,0x0000,0x0000,0x0000,0x0000,0x0000,0x0000,0x0000,
  0x0000,0x0000,0x0000,0x0000,0x0000,0x0000,0x0000,0x0000,0x0000,0x0000,0x0000,0x0000,0x0000,0x0000,0x0000,0x0000,
  0x0000,0x0000,0x0000,0x0000,0x0000,0x0000,0x0000,0x0000,0x0000,0x0000,0x0000,0x0000,0x0000,0x0000,0x0000,0x0000,
  0x0000,0x0000,0x0000,0x0000,0x0000,0x0000,0x0000,0x0000,0x0000,0x0000,0x0000,0x0000,0x0000,0x0000,0x0000,0x0000,
  0x0000,0x0000,0x0000,0x0000,0x0000,0x0000,0x0000,0x0000,0x0000,0x0000,0x0000,0x0000,0x0000,0x0000,0x0000,0x0000,
  0x0000,0x0000,0x0000,0x0000,0x0000,0x0000,0x0000,0x0000,0x0000,0x0000,0x0000,0x0000,0x0000,0x0000,0x0000,0x0000,
  0x0000,0x0000,0x0000,0x0000,0x0000,0x0000,0x0000,0x0000,0x0000,0x0000,0x0000,0x0000,0x0000,0x0000,0x0000,0x0000,
  0x0000,0x0000,0x0000,0x0000,0x0000,0x0000,0x0000,0x0000,0x0000,0x0000,0x0000,0x0000,0x0000,0x0000,0x0000,0x0000,
  0x0000,0x0000,0x0000,0x0000,0x0000,0x0000,0x0000,0x0000,0x0000,0x0000,0x0000,0x0000,0x0000,0x0000,0x0000,0x0000,
  0x0000,0x0000,0x0000,0x0000,0x0000,0x0000,0x0000,0x0000,0x0000,0x0000,0x0000,0x0000,0x0000,0x0000,0x0000,0x0000,
  0x0000,0x0000,0x0000,0x0000,0x0000,0x0000,0x0000,0x0000,0x0000,0x0000,0x0000,0x0000,0x0000,0x0000,0x0000,0x0000,
  0x0000,0x0000,0x0000,0x0000,0x0000,0x0000,0x0000,0x0000,0x0000,0x0000,0x0000,0x0000,0x0000,0x0000,0x0000,0x0000,
  0x0000,0x0000,0x0000,0x0000,0x0000,0x0000,0x0000,0x0000,0x0000,0x0000,0x0000,0x0000,0x0000,0x0000,0x0000,0x0000,
  0x0000,0x0000,0x0000,0x0000,0x0000,0x0000,0x0000,0x0000,0x0000,0x0000,0x0000,0x0000,0x0000,0x0000,0x0000,0x0000,
  0x0000,0x0000,0x0000,0x0000,0x0000,0x0000,0x0000,0x0000,0x0000,0x0000,0x0000,0x0000,0x0000,0x0000,0x0000,0x0000,
  0x0000,0x0000,0x0000,0x0000,0x0000,0x0000,0x0000,0x0000,0x0000,0x0000,0x0000,0x0000,0x0000,0x0000,0x0000,0x0000,
  0x0000,0x0000,0x0000,0x0000,0x0000,0x0000,0x0000,0x0000,0x0000,0x0000,0x0000,0x0000,0x0000,0x0000,0x0000,0x0000,
  0x0000,0x0000,0x0000,0x0000,0x0000,0x0000,0x0000,0x0000,0x0000,0x0000,0x0000,0x0000,0x0000,0x0000,0x0000,0x0000,
  0x0000,0x0000,0x0000,0x0000,0x0000,0x0000,0x0000,0x0000,0x0000,0x0000,0x0000,0x0000,0x0000,0x0000,0x0000,0x0000,
  0x0000,0x0000,0x0000,0x0000,0x0000,0x0000,0x0000,0x0000,0x0000,0x0000,0x0000,0x0000,0x0000,0x0000,0x0000,0x0000,
  0x0000,0x0000,0x0000,0x0000,0x0000,0x0000,0x0000,0x0000,0x0000,0x0000,0x0000,0x0000,0x0000,0x0000,0x0000,0x0000,
  0x0000,0x0000,0x0000,0x0000,0x0000,0x0000,0x0000,0x0000,0x0000,0x0000,0x0000,0x0000,0x0000,0x0000,0x0000,0x0000,
  0x0000,0x0000,0x0000,0x0000,0x0000,0x0000,0x0000,0x0000,0x0000,0x0000,0x0000,0x0000,0x0000,0x0000,0x0000,0x0000,
  0x0000,0x0000,0x0000,0x0000,0x0000,0x0000,0x0000,0x0000,0x0000,0x0000,0x0000,0x0000,0x0000,0x0000,0x0000,0x0000,
  0x0000,0x0000,0x0000,0x0000,0x0000,0x0000,0x0000,0x0000,0x0000,0x0000,0x0000,0x0000,0x0000,0x0000,0x0000,0x0000,
  0x0000,0x0000,0x0000,0x0000,0x0000,0x0000,0x0000,0x0000,0x0000,0x0000,0x0000,0x0000,0x0000,0x0000,0x0000,0x0000,
  0x0000,0x0000,0x0000,0x0000,0x0000,0x0000,0x0000,0x0000,0x0000,0x0000,0x0000,0x0000,0x0000,0x0000,0x0000,0x0000,
  0x0000,0x0000,0x0000,0x0000,0x0000,0x0000,0x0000,0x0000,0x0000,0x0000,0x0000,0x0000,0x0000,0x0000,0x0000,0x0000,
  0x0000,0x0000,0x0000,0x0000,0x0000,0x0000,0x0000,0x0000,0x0000,0x0000,0x0000,0x0000,0x0000,0x0000,0x0000,0x0000,
  0x0000,0x0000,0x0000,0x0000,0x0000,0x0000,0x0000,0x0000,0x0000,0x0000,0x0000,0x0000,0x0000,0x0000,0x0000,0x0000,
  0x0000,0x0000,0x0000,0x0000,0x0000,0x0000,0x0000,0x0000,0x0000,0x0000,0x0000,0x0000,0x0000,0x0000,0x0000,0x0000,
  0x0000,0x0000,0x0000,0x0000,0x0000,0x0000,0x0000,0x0000,0x0000,0x0000,0x0000,0x0000,0x0000,0x0000,0x0000,0x0000,
  0x0000,0x0000,0x0000,0x0000,0x0000,0x0000,0x0000,0x0000,0x0000,0x0000,0x0000,0x0000,0x0000,0x0000,0x0000,0x0000,
  0x0000,0x0000,0x0000,0x0000,0x0000,0x0000,0x0000,0x0000,0x0000,0x0000,0x0000,0x0000,0x0000,0x0000,0x0000,0x0000,
  0x0000,0x0000,0x0000,0x0000,0x0000,0x0000,0x0000,0x0000,0x0000,0x0000,0x0000,0x0000,0x0000,0x0000,0x0000,0x0000,
  0x0000,0x0000,0x0000,0x0000,0x0000,0x0000,0x0000,0x0000,0x0000,0x0000,0x0000,0x0000,0x0000,0x0000,0x0000,0x0000,
  0x0000,0x0000,0x0000,0x0000,0x0000,0x0000,0x0000,0x0000,0x0000,0x0000,0x0000,0x0000,0x0000,0x0000,0x0000,0x0000,
  0x0000,0x0000,0x0000,0x0000,0x0000,0x0000,0x0000,0x0000,0x0000,0x0000,0x0000,0x0000,0x0000,0x0000,0x0000,0x0000,
  0x0000,0x0000,0x0000,0x0000,0x0000,0x0000,0x0000,0x0000,0x0000,0x0000,0x0000,0x0000,0x0000,0x0000,0x0000,0x0000,
  0x0000,0x0000,0x0000,0x0000,0x0000,0x0000,0x0000,0x0000,0x0000,0x0000,0x0000,0x0000,0x0000,0x0000,0x0000,0x0000,
  0x0000,0x0000,0x0000,0x0000,0x0000,0x0000,0x0000,0x0000,0x0000,0x0000,0x0000,0x0000,0x0000,0x0000,0x0000,0x0000,
  0x0000,0x0000,0x0000,0x0000,0x0000,0x0000,0x0000,0x0000,0x0000,0x0000,0x0000,0x0000,0x0000,0x0000,0x0000,0x0000,
  0x0000,0x0000,0x0000,0x0000,0x0000,0x0000,0x0000,0x0000,0x0000,0x0000,0x0000,0x0000,0x0000,0x0000,0x0000,0x0000,
  0x0000,0x0000,0x0000,0x0000,0x0000,0x0000,0x0000,0x0000,0x0000,0x0000,0x0000,0x0000,0x0000,0x0000,0x0000,0x0000,
  0x0000,0x0000,0x0000,0x0000,0x0000,0x0000,0x0000,0x0000,0x0000,0x0000,0x0000,0x0000,0x0000,0x0000,0x0000,0x0000,
  0x0000,0x0000,0x0000,0x0000,0x0000,0x0000,0x0000,0x0000,0x0000,0x0000,0x0000,0x0000,0x0000,0x0000,0x0000,0x0000,
  0x0000,0x0000,0x0000,0x0000,0x0000,0x0000,0x0000,0x0000,0x0000,0x0000,0x0000,0x0000,0x0000,0x0000,0x0000,0x0000,
  0x0000,0x0000,0x0000,0x0000,0x0000,0x0000,0x0000,0x0000,0x0000,0x0000,0x0000,0x0000,0x0000,0x0000,0x0000,0x0000,
  0x0000,0x0000,0x0000,0x0000,0x0000,0x0000,0x0000,0x0000,0x0000,0x0000,0x0000,0x0000,0x0000,0x0000,0x0000,0x0000,
  0x0000,0x0000,0x0000,0x0000,0x0000,0x0000,0x0000,0x0000,0x0000,0x0000,0x0000,0x0000,0x0000,0x0000,0x0000,0x0000,
  0x0000,0x0000,0x0000,0x0000,0x0000,0x0000,0x0000,0x0000,0x0000,0x0000,0x0000,0x0000,0x0000,0x0000,0x0000,0x0000,
  0x0000,0x0000,0x0000,0x0000,0x0000,0x0000,0x0000,0x0000,0x0000,0x0000,0x0000,0x0000,0x0000,0x0000,0x0000,0x0000,
  0x0000,0x0000,0x0000,0x0000,0x0000,0x0000,0x0000,0x0000,0x0000,0x0000,0x0000,0x0000,0x0000,0x0000,0x0000,0x0000,
  0x0000,0x0000,0x0000,0x0000,0x0000,0x0000,0x0000,0x0000,0x0000,0x0000,0x0000,0x0000,0x0000,0x0000,0x0000,0x0000,
  0x0000,0x0000,0x0000,0x0000,0x0000,0x0000,0x0000,0x0000,0x0000,0x0000,0x0000,0x0000,0x0000,0x0000,0x0000,0x0000,
  0x0000,0x0000,0x0000,0x0000,0x0000,0x0000,0x0000,0x0000,0x0000,0x0000,0x0000,0x0000,0x0000,0x0000,0x0000,0x0000,
  0x0000,0x0000,0x0000,0x0000,0x0000,0x0000,0x0000,0x0000,0x0000,0x0000,0x0000,0x0000,0x0000,0x0000,0x0000,0x0000,
  0x0000,0x0000,0x0000,0x0000,0x0000,0x0000,0x0000,0x0000,0x0000,0x0000,0x0000,0x0000,0x0000,0x0000,0x0000,0x0000,
  0x0000,0x0000,0x0000,0x0000,0x0000,0x0000,0x0000,0x0000,0x0000,0x0000,0x0000,0x0000,0x0000,0x0000,0x0000,0x0000,
  0x0000,0x0000,0x0000,0x0000,0x0000,0x0000,0x0000,0x0000,0x0000,0x0000,0x0000,0x0000,0x0000,0x0000,0x0000,0x0000,
  0x0000,0x0000,0x0000,0x0000,0x0000,0x0000,0x0000,0x0000,0x0000,0x0000,0x0000,0x0000,0x0000,0x0000,0x0000,0x0000,
  0x0000,0x0000,0x0000,0x0000,0x0000,0x0000,0x0000,0x0000,0x0000,0x0000,0x0000,0x0000,0x0000,0x0000,0x0000,0x0000,
  0x0000,0x0000,0x0000,0x0000,0x0000,0x0000,0x0000,0x0000,0x0000,0x0000,0x0000,0x0000,0x0000,0x0000,0x0000,0x0000,
  0x0000,0x0000,0x0000,0x0000,0x0000,0x0000,0x0000,0x0000,0x0000,0x0000,0x0000,0x0000,0x0000,0x0000,0x0000,0x0000,
  0x0000,0x0000,0x0000,0x0000,0x0000,0x0000,0x0000,0x0000,0x0000,0x0000,0x0000,0x0000,0x0000,0x0000,0x0000,0x0000,
  0x0000,0x0000,0x0000,0x0000,0x0000,0x0000,0x0000,0x0000,0x0000,0x0000,0x0000,0x0000,0x0000,0x0000,0x0000,0x0000,
  0x0000,0x0000,0x0000,0x0000,0x0000,0x0000,0x0000,0x0000,0x0000,0x0000,0x0000,0x0000,0x0000,0x0000,0x0000,0x0000,
  0x0000,0x0000,0x0000,0x0000,0x0000,0x0000,0x0000,0x0000,0x0000,0x0000,0x0000,0x0000,0x0000,0x0000,0x0000,0x0000,
  0x0000,0x0000,0x0000,0x0000,0x0000,0x0000,0x0000,0x0000,0x0000,0x0000,0x0000,0x0000,0x0000,0x0000,0x0000,0x0000,
  0x0000,0x0000,0x0000,0x0000,0x0000,0x0000,0x0000,0x0000,0x0000,0x0000,0x0000,0x0000,0x0000,0x0000,0x0000,0x0000,
  0x0000,0x0000,0x0000,0x0000,0x0000,0x0000,0x0000,0x0000,0x0000,0x0000,0x0000,0x0000,0x0000,0x0000,0x0000,0x0000,
  0x0000,0x0000,0x0000,0x0000,0x0000,0x0000,0x0000,0x0000,0x0000,0x0000,0x0000,0x0000,0x0000,0x0000,0x0000,0x0000,
  0x0000,0x0000,0x0000,0x0000,0x0000,0x0000,0x0000,0x0000,0x0000,0x0000,0x0000,0x0000,0x0000,0x0000,0x0000,0x0000,
  0x0000,0x0000,0x0000,0x0000,0x0000,0x0000,0x0000,0x0000,0x0000,0x0000,0x0000,0x0000,0x0000,0x0000,0x0000,0x0000,
  0x0000,0x0000,0x0000,0x0000,0x0000,0x0000,0x0000,0x0000,0x0000,0x0000,0x0000,0x0000,0x0000,0x0000,0x0000,0x0000,
  0x0000,0x0000,0x0000,0x0000,0x0000,0x0000,0x0000,0x0000,0x0000,0x0000,0x0000,0x0000,0x0000,0x0000,0x0000,0x0000,
  0x0000,0x0000,0x0000,0x0000,0x0000,0x0000,0x0000,0x0000,0x0000,0x0000,0x0000,0x0000,0x0000,0x0000,0x0000,0x0000,
  0x0000,0x0000,0x0000,0x0000,0x0000,0x0000,0x0000,0x0000,0x0000,0x0000,0x0000,0x0000,0x0000,0x0000,0x0000,0x0000,
  0x0000,0x0000,0x0000,0x0000,0x0000,0x0000,0x0000,0x0000,0x0000,0x0000,0x0000,0x0000,0x0000,0x0000,0x0000,0x0000,
  0x0000,0x0000,0x0000,0x0000,0x0000,0x0000,0x0000,0x0000,0x0000,0x0000,0x0000,0x0000,0x0000,0x0000,0x0000,0x0000,
  0x0000,0x0000,0x0000,0x0000,0x0000,0x0000,0x0000,0x0000,0x0000,0x0000,0x0000,0x0000,0x0000,0x0000,0x0000,0x0000,
  0x0000,0x0000,0x0000,0x0000,0x0000,0x0000,0x0000,0x0000,0x0000,0x0000,0x0000,0x0000,0x0000,0x0000,0x0000,0x0000,
  0x0000,0x0000,0x0000,0x0000,0x0000,0x0000,0x0000,0x0000,0x0000,0x0000,0x0000,0x0000,0x0000,0x0000,0x0000,0x0000,
  0x0000,0x0000,0x0000,0x0000,0x0000,0x0000,0x0000,0x0000,0x0000,0x0000,0x0000,0x0000,0x0000,0x0000,0x0000,0x0000,
  0x0000,0x0000,0x0000,0x0000,0x0000,0x0000,0x0000,0x0000,0x0000,0x0000,0x0000,0x0000,0x0000,0x0000,0x0000,0x0000,
  0x0000,0x0000,0x0000,0x0000,0x0000,0x0000,0x0000,0x0000,0x0000,0x0000,0x0000,0x0000,0x0000,0x0000,0x0000,0x0000,
  0x0000,0x0000,0x0000,0x0000,0x0000,0x0000,0x0000,0x0000,0x0000,0x0000,0x0000,0x0000,0x0000,0x0000,0x0000,0x0000,
  0x0000,0x0000,0x0000,0x0000,0x0000,0x0000,0x0000,0x0000,0x0000,0x0000,0x0000,0x0000,0x0000,0x0000,0x0000,0x0000,
  0x0000,0x0000,0x0000,0x0000,0x0000,0x0000,0x0000,0x0000,0x0000,0x0000,0x0000,0x0000,0x0000,0x0000,0x0000,0x0000,
  0x0000,0x0000,0x0000,0x0000,0x0000,0x0000,0x0000,0x0000,0x0000,0x0000,0x0000,0x0000,0x0000,0x0000,0x0000,0x0000,
  0x0000,0x0000,0x0000,0x0000,0x0000,0x0000,0x0000,0x0000,0x0000,0x0000,0x0000,0x0000,0x0000,0x0000,0x0000,0x0000,
  0x0000,0x0000,0x0000,0x0000,0x0000,0x0000,0x0000,0x0000,0x0000,0x0000,0x0000,0x0000,0x0000,0x0000,0x0000,0x0000,
  0x0000,0x0000,0x0000,0x0000,0x0000,0x0000,0x0000,0x0000,0x0000,0x0000,0x0000,0x0000,0x0000,0x0000,0x0000,0x0000,
  0x0000,0x0000,0x0000,0x0000,0x0000,0x0000,0x0000,0x0000,0x0000,0x0000,0x0000,0x0000,0x0000,0x0000,0x0000,0x0000,
  0x0000,0x0000,0x0000,0x0000,0x0000,0x0000,0x0000,0x0000,0x0000,0x0000,0x0000,0x0000,0x0000,0x0000,0x0000,0x0000,
  0x0000,0x0000,0x0000,0x0000,0x0000,0x0000,0x0000,0x0000,0x0000,0x0000,0x0000,0x0000,0x0000,0x0000,0x0000,0x0000,
  0x0000,0x0000,0x0000,0x0000,0x0000,0x0000,0x0000,0x0000,0x0000,0x0000,0x0000,0x0000,0x0000,0x0000,0x0000,0x0000,
  0x0000,0x0000,0x0000,0x0000,0x0000,0x0000,0x0000,0x0000,0x0000,0x0000,0x0000,0x0000,0x0000,0x0000,0x0000,0x0000,
  0x0000,0x0000,0x0000,0x0000,0x0000,0x0000,0x0000,0x0000,0x0000,0x0000,0x0000,0x0000,0x0000,0x0000,0x0000,0x0000,
  0x0000,0x0000,0x0000,0x0000,0x0000,0x0000,0x0000,0x0000,0x0000,0x0000,0x0000,0x0000,0x0000,0x0000,0x0000,0x0000,
  0x0000,0x0000,0x0000,0x0000,0x0000,0x0000,0x0000,0x0000,0x0000,0x0000,0x0000,0x0000,0x0000,0x0000,0x0000,0x0000,
  0x0000,0x0000,0x0000,0x0000,0x0000,0x0000,0x0000,0x0000,0x0000,0x0000,0x0000,0x0000,0x0000,0x0000,0x0000,0x0000,
  0x0000,0x0000,0x0000,0x0000,0x0000,0x0000,0x0000,0x0000,0x0000,0x0000,0x0000,0x0000,0x0000,0x0000,0x0000,0x0000,
  0x0000,0x0000,0x0000,0x0000,0x0000,0x0000,0x0000,0x0000,0x0000,0x0000,0x0000,0x0000,0x0000,0x0000,0x0000,0x0000,
  0x0000,0x0000,0x0000,0x0000,0x0000,0x0000,0x0000,0x0000,0x0000,0x0000,0x0000,0x0000,0x0000,0x0000,0x0000,0x0000,
  0x0000,0x0000,0x0000,0x0000,0x0000,0x0000,0x0000,0x0000,0x0000,0x0000,0x0000,0x0000,0x0000,0x0000,0x0000,0x0000,
  0x0000,0x0000,0x0000,0x0000,0x0000,0x0000,0x0000,0x0000,0x0000,0x0000,0x0000,0x0000,0x0000,0x0000,0x0000,0x0000
};

#endif
